customer_id,first_name,last_name,age,gender,email,phone_number,signup_date,loyalty_tier,city,state,country,acquisition_channel,marketing_opt_in
103940,Fatima,Wright,78,Non-binary,fatima.wright916@icloud.com,(897) 760-5323,2025-10-27,Silver,New York,NY,USA,Organic Search,True
104400,Ashley,Singh,58,Female,ashley.singh115@hotmail.com,(776) 731-4405,2024-09-25,Bronze,Dallas,TX,USA,Referral,True
104773,Timothy,Jackson,30,Male,timothy.jackson493@outlook.com,(241) 365-7254,2025-10-08,Gold,New York,NY,USA,Affiliate,True
104886,Anthony,Nguyen,37,Male,anthony.nguyen434@gmail.com,(592) 201-6706,2024-07-29,Silver,San Diego,CA,USA,Organic Search,True
104925,Sarah,Torres,78,Female,sarah.torres727@gmail.com,(942) 288-5636,2024-11-18,Bronze,Los Angeles,CA,USA,Email Campaign,False
105856,Charles,Garcia,41,Male,charles.garcia500@yahoo.com,(244) 213-3288,2024-02-11,Silver,Toronto,ON,Canada,Organic Search,True
106365,William,Miller,51,Male,william.miller392@outlook.com,(777) 734-1846,2024-12-05,Silver,San Antonio,TX,USA,Organic Search,True
106619,Rebecca,Garcia,44,Female,rebecca.garcia591@gmail.com,(502) 379-3717,2025-04-03,Bronze,Atlanta,GA,USA,Paid Social,False
107065,Edward,Robinson,33,Male,edward.robinson950@gmail.com,(916) 766-4902,2024-07-27,Bronze,Philadelphia,PA,USA,Paid Social,True
108917,Mateo,Green,78,Male,mateo.green476@yahoo.com,(743) 522-5493,2024-07-16,Platinum,Atlanta,GA,USA,Organic Search,True
110880,Sarah,Nelson,39,Female,sarah.nelson756@outlook.com,,2024-10-07,Gold,Toronto,ON,Canada,Affiliate,False
111069,Raj,Martin,72,Male,raj.martin945@yahoo.com,(842) 314-8584,2025-01-29,Bronze,Detroit,MI,USA,Email Campaign,True
112534,Olivia,Martin,69,Female,olivia.martin456@yahoo.com,(285) 748-8370,2023-07-16,Gold,Miami,FL,USA,Direct,True
113112,David,Harris,27,Male,david.harris956@gmail.com,(425) 646-2635,2025-05-19,Platinum,Toronto,ON,Canada,Organic Search,True
114172,Melissa,Lopez,49,Female,melissa.lopez855@outlook.com,(401) 996-3941,2025-02-16,Silver,Philadelphia,PA,USA,Email Campaign,True
116043,Kimberly,Walker,54,Female,kimberly.walker380@hotmail.com,(982) 798-1484,2025-10-30,Bronze,Houston,TX,USA,Referral,True
116154,Carlos,Lewis,58,Male,carlos.lewis714@outlook.com,(389) 753-2103,2024-05-31,Bronze,Portland,OR,USA,Influencer,False
117556,Fatima,Miller,41,Female,fatima.miller385@icloud.com,(796) 400-5528,2025-07-01,Bronze,Berlin,Berlin,Germany,Email Campaign,False
119023,Michelle,Baker,40,Female,michelle.baker591@yahoo.com,(458) 831-3618,2025-05-10,Bronze,Chicago,IL,USA,Email Campaign,True
119435,Mei,Singh,45,Female,mei.singh787@gmail.com,(966) 693-8487,2024-06-01,Bronze,Phoenix,AZ,USA,Direct,False
119888,Mark,Young,42,Male,mark.young145@outlook.com,,2024-12-05,Silver,Phoenix,AZ,USA,Paid Social,False
120421,Sarah,Roberts,37,Female,sarah.roberts998@hotmail.com,(252) 859-4101,2025-06-02,Gold,Austin,TX,USA,Organic Search,True
120506,Gary,Lopez,56,Male,gary.lopez654@gmail.com,(951) 516-8813,2023-07-15,Gold,Los Angeles,CA,USA,Paid Social,False
121565,Michael,Torres,,Male,michael.torres211@outlook.com,(440) 831-4818,2025-06-19,Platinum,Las Vegas,NV,USA,Paid Social,True
122359,Thomas,Hernandez,49,Male,thomas.hernandez48@yahoo.com,(773) 691-7423,2024-02-20,Gold,Houston,TX,USA,Email Campaign,True
122576,Chen,Jones,23,Female,chen.jones404@icloud.com,(638) 975-1040,2025-05-19,Silver,Atlanta,GA,USA,Affiliate,True
126094,Emma,Anderson,40,Female,emma.anderson74@outlook.com,(328) 839-3163,2025-04-24,Bronze,Dallas,TX,USA,Paid Social,True
127709,Ashley,Hall,66,Female,ashley.hall786@hotmail.com,(201) 648-4192,2025-09-06,Silver,Houston,TX,USA,Referral,True
128700,Kenneth,Garcia,51,Male,kenneth.garcia673@hotmail.com,(845) 944-5997,2024-09-17,Platinum,Detroit,MI,USA,Email Campaign,False
129133,Michelle,Clark,43,Female,michelle.clark206@yahoo.com,(829) 200-4196,2024-11-19,Gold,New York,NY,USA,Paid Social,True
131194,Melissa,Torres,63,Female,melissa.torres454@yahoo.com,(296) 411-7342,2025-07-26,Silver,San Francisco,CA,USA,Paid Social,True
131620,Joseph,Lee,37,Male,joseph.lee753@gmail.com,,2024-05-14,Silver,Detroit,MI,USA,Paid Social,False
132452,Raj,Wright,37,Male,raj.wright263@outlook.com,(897) 450-6485,2024-03-20,Bronze,Atlanta,GA,USA,Organic Search,True
132540,Jason,Perez,39,Male,jason.perez660@yahoo.com,(929) 995-4600,2023-09-12,Silver,New York,NY,USA,Direct,True
133503,Jacob,Lewis,64,Male,jacob.lewis13@gmail.com,,2024-09-03,Bronze,New York,NY,USA,Organic Search,True
133646,Paul,Moore,,Male,paul.moore890@icloud.com,(811) 838-4989,2025-06-22,Silver,San Francisco,CA,USA,Organic Search,False
136130,Kenneth,Jackson,53,Male,kenneth.jackson965@gmail.com,(325) 933-4892,2024-06-10,Gold,Miami,FL,USA,Paid Social,False
137421,Jason,Patel,78,Male,jason.patel623@yahoo.com,(611) 416-8146,2025-10-05,Silver,Miami,FL,USA,Organic Search,True
138111,David,Perez,46,Male,david.perez236@gmail.com,(978) 409-1465,2023-12-30,Bronze,Los Angeles,CA,USA,Paid Social,False
138889,Kimberly,Lee,,Female,kimberly.lee391@outlook.com,(558) 958-2693,2024-06-09,Gold,Miami,FL,USA,Referral,True
139108,Daniel,Patel,58,Male,daniel.patel21@hotmail.com,(816) 908-6986,2025-06-16,Bronze,San Francisco,CA,USA,Organic Search,True
139381,Anthony,King,72,Male,anthony.king552@hotmail.com,(950) 322-6752,2025-10-02,Bronze,Las Vegas,NV,USA,Influencer,True
139745,Kimberly,Taylor,41,Female,kimberly.taylor171@yahoo.com,(353) 379-7221,2023-07-14,Gold,Columbus,OH,USA,Paid Social,False
140279,Ava,Gonzalez,56,Female,ava.gonzalez6@yahoo.com,(461) 281-3631,2025-03-06,Silver,Los Angeles,CA,USA,Paid Social,True
140390,Brian,Walker,54,Male,brian.walker248@gmail.com,(307) 598-4799,2024-11-05,Silver,Denver,CO,USA,Paid Social,True
144307,Timothy,King,34,Male,timothy.king253@icloud.com,(972) 473-2570,2025-08-02,Bronze,Miami,FL,USA,Direct,True
145116,Daniel,White,42,Male,daniel.white638@outlook.com,(230) 447-3414,2025-05-05,Bronze,Manchester,England,UK,Organic Search,True
146484,Barbara,Flores,55,Female,barbara.flores959@gmail.com,(235) 807-5143,2023-09-12,Silver,Chicago,IL,USA,Paid Social,False
146744,Steven,Scott,53,Male,steven.scott856@gmail.com,(379) 265-7986,2025-08-16,Bronze,Melbourne,VIC,Australia,Email Campaign,True
147717,Margaret,Gonzalez,35,Female,margaret.gonzalez888@hotmail.com,(548) 564-2484,2024-02-11,Gold,Seattle,WA,USA,Organic Search,True
148019,Omar,Martin,27,Male,omar.martin83@yahoo.com,(212) 651-1090,2023-09-10,Gold,San Diego,CA,USA,Paid Social,True
149044,Wei,Singh,44,Male,wei.singh980@yahoo.com,(942) 410-7392,2024-04-21,Silver,Denver,CO,USA,Referral,True
149830,Jennifer,Torres,35,Female,jennifer.torres928@outlook.com,(565) 821-2687,2023-10-13,Silver,San Diego,CA,USA,Affiliate,False
151500,Kimberly,Carter,42,Female,kimberly.carter428@hotmail.com,(643) 258-9265,2024-07-31,Silver,San Diego,CA,USA,Direct,False
152422,Emily,Jones,44,Female,emily.jones714@icloud.com,(496) 403-9511,2024-12-18,Silver,New York,NY,USA,Organic Search,True
154996,Jessica,Hernandez,73,Female,jessica.hernandez141@icloud.com,(924) 489-5310,2023-11-23,Silver,New York,NY,USA,Referral,False
157373,Joshua,Wright,35,Male,joshua.wright78@yahoo.com,(383) 896-4404,2024-09-28,Bronze,Seattle,WA,USA,Direct,False
158414,Omar,Miller,66,Male,omar.miller648@gmail.com,(287) 596-3868,2024-01-19,Silver,Miami,FL,USA,Paid Social,True
159870,Camila,Perez,47,Female,camila.perez954@icloud.com,(385) 874-8057,2025-09-28,Bronze,Dallas,TX,USA,Paid Social,True
160837,Joshua,Allen,36,Male,joshua.allen942@outlook.com,(329) 629-3811,2025-10-03,Bronze,Atlanta,GA,USA,Organic Search,True
161063,Sarah,Perez,60,Female,sarah.perez201@outlook.com,(521) 676-3992,2025-09-07,Bronze,Los Angeles,CA,USA,Influencer,True
163173,Robert,Adams,27,Non-binary,robert.adams780@outlook.com,(857) 625-5865,2023-10-28,Silver,Sydney,NSW,Australia,Direct,True
165195,Karen,Green,33,Female,karen.green58@hotmail.com,(441) 347-4805,2023-10-15,Gold,Berlin,Berlin,Germany,Organic Search,True
168637,Jessica,Hill,57,Female,jessica.hill465@yahoo.com,(775) 370-7400,2025-03-05,Silver,London,England,UK,Email Campaign,False
171208,Michelle,Lewis,,Female,michelle.lewis526@icloud.com,(289) 684-8061,2025-01-11,Gold,San Francisco,CA,USA,Direct,True
171266,Elizabeth,Robinson,54,Female,elizabeth.robinson605@outlook.com,(794) 309-2318,2024-10-03,Silver,Dallas,TX,USA,Referral,False
172737,Fatima,Hall,61,Female,fatima.hall134@gmail.com,(320) 644-5938,2024-09-16,Gold,Manchester,England,UK,Influencer,True
174397,Donna,King,46,Female,donna.king101@yahoo.com,(979) 387-6138,2024-12-18,Platinum,Detroit,MI,USA,Influencer,True
175901,Eric,Martinez,36,Non-binary,eric.martinez187@gmail.com,(681) 359-3973,2023-11-30,Silver,San Antonio,TX,USA,Direct,False
175936,Priya,Perez,37,Female,priya.perez483@gmail.com,(972) 748-4473,2023-09-05,Gold,Phoenix,AZ,USA,Influencer,True
176016,Amanda,Carter,,Female,amanda.carter358@hotmail.com,(685) 487-7771,2023-12-17,Gold,Toronto,ON,Canada,Email Campaign,False
177265,Karen,Thompson,32,Female,karen.thompson707@icloud.com,(876) 205-7877,2023-12-12,Gold,Philadelphia,PA,USA,Direct,False
177411,Mia,Anderson,46,Female,mia.anderson436@outlook.com,(447) 828-3975,2024-01-05,Gold,Austin,TX,USA,Paid Social,True
177611,Joshua,Lopez,66,Male,joshua.lopez694@hotmail.com,(841) 281-1009,2024-05-04,Platinum,Mexico City,CDMX,Mexico,Paid Social,False
178814,Hiroshi,Roberts,37,Male,hiroshi.roberts270@outlook.com,(203) 378-2646,2025-10-09,Silver,Phoenix,AZ,USA,Referral,True
178914,Jennifer,Carter,46,Female,jennifer.carter773@yahoo.com,(335) 939-2592,2024-08-08,Silver,Dallas,TX,USA,Organic Search,True
180236,Timothy,Robinson,64,Male,timothy.robinson158@yahoo.com,(700) 257-6787,2024-12-30,Silver,Toronto,ON,Canada,Influencer,True
180968,Liam,Jones,47,Male,liam.jones431@gmail.com,(238) 496-3771,2025-09-30,Bronze,Charlotte,NC,USA,Paid Social,True
181067,Emma,Perez,41,Female,emma.perez152@outlook.com,(558) 468-9514,2025-01-25,Bronze,Denver,CO,USA,Organic Search,True
181380,Mary,Miller,56,Female,mary.miller547@yahoo.com,(525) 589-9271,2025-03-30,Bronze,Atlanta,GA,USA,Referral,True
181431,Nancy,Miller,60,Non-binary,nancy.miller632@icloud.com,(617) 940-9718,2023-09-29,Gold,Austin,TX,USA,Referral,True
181777,David,Lee,43,Non-binary,david.lee786@outlook.com,(516) 754-4606,2024-05-31,Silver,Montreal,QC,Canada,Direct,True
182540,Sofia,Mitchell,41,Female,sofia.mitchell530@icloud.com,(906) 275-5356,2023-10-19,Platinum,Mexico City,CDMX,Mexico,Organic Search,True
182833,William,Jones,78,Male,william.jones504@hotmail.com,(258) 428-9194,2025-09-05,Bronze,Seattle,WA,USA,Email Campaign,True
183949,Priya,Baker,50,Female,priya.baker118@yahoo.com,(267) 639-3887,2025-10-26,Bronze,London,England,UK,Email Campaign,True
184063,Nancy,Lee,46,Female,nancy.lee800@icloud.com,(504) 201-9903,2024-07-10,Bronze,San Antonio,TX,USA,Direct,True
184666,Joseph,Martinez,49,Male,joseph.martinez847@yahoo.com,(936) 842-9025,2024-07-23,Bronze,Austin,TX,USA,Paid Social,False
184960,Ashley,Lewis,55,Female,ashley.lewis335@outlook.com,,2025-02-20,Bronze,Mexico City,CDMX,Mexico,Organic Search,False
185153,Michael,Flores,64,Male,michael.flores310@icloud.com,(580) 827-9077,2025-05-27,Gold,Chicago,IL,USA,Email Campaign,True
185515,Yuki,Martinez,48,Female,yuki.martinez967@yahoo.com,(624) 925-6203,2024-12-19,Bronze,London,England,UK,Referral,False
185555,George,Adams,63,Male,george.adams710@yahoo.com,(266) 955-1160,2023-07-03,Platinum,Dallas,TX,USA,Referral,True
185715,Daniel,Baker,63,Male,daniel.baker645@outlook.com,(809) 816-4796,2023-08-06,Silver,Atlanta,GA,USA,Organic Search,True
186089,Linda,Lee,41,Female,linda.lee579@outlook.com,(577) 259-1637,2023-07-24,Gold,Boston,MA,USA,Direct,True
186676,Aaliyah,Scott,34,Female,aaliyah.scott58@hotmail.com,(853) 360-1121,2023-07-13,Gold,San Diego,CA,USA,Referral,True
187415,Amanda,Martinez,45,Female,amanda.martinez77@hotmail.com,(520) 724-8360,2024-10-26,Silver,Los Angeles,CA,USA,Influencer,True
189160,Nancy,Carter,78,Female,nancy.carter502@gmail.com,(778) 886-5934,2024-10-10,Bronze,Phoenix,AZ,USA,Referral,True
189971,Charles,Adams,71,Male,charles.adams948@gmail.com,(949) 751-4271,2025-01-28,Silver,Boston,MA,USA,Email Campaign,True
191461,Jacob,Mitchell,49,Male,jacob.mitchell876@outlook.com,(888) 276-4454,2023-06-13,Gold,Manchester,England,UK,Paid Social,False
192985,Kimberly,Hernandez,51,Female,kimberly.hernandez670@hotmail.com,(946) 911-3061,2025-02-01,Bronze,Dallas,TX,USA,Paid Social,False
194699,Mary,Sanchez,38,Female,mary.sanchez200@icloud.com,(208) 200-4924,2024-10-15,Silver,Manchester,England,UK,Affiliate,False
195250,Gary,Walker,45,Male,gary.walker397@hotmail.com,(871) 563-7192,2024-05-28,Silver,Los Angeles,CA,USA,Referral,True
195440,Ronald,Green,50,Male,ronald.green105@outlook.com,(368) 307-1604,2023-09-11,Silver,San Francisco,CA,USA,Email Campaign,False
195758,John,Brown,,Male,john.brown691@icloud.com,(732) 294-5467,2025-10-17,Bronze,Mexico City,CDMX,Mexico,Direct,True
196023,Laura,Hall,52,Female,laura.hall39@gmail.com,(742) 294-6561,2023-12-08,Silver,New York,NY,USA,Organic Search,False
196893,Emma,Miller,50,Female,emma.miller448@gmail.com,(228) 873-9151,2025-06-13,Silver,Seattle,WA,USA,Email Campaign,True
197643,Thomas,Williams,76,Male,thomas.williams878@hotmail.com,(396) 621-8641,2024-07-29,Silver,Chicago,IL,USA,Direct,False
198172,Michelle,Campbell,54,Female,michelle.campbell568@icloud.com,(593) 407-6041,2025-03-22,Silver,New York,NY,USA,Influencer,True
199508,Yuki,Taylor,55,Female,yuki.taylor773@gmail.com,(572) 790-8726,2025-05-30,Bronze,Seattle,WA,USA,Influencer,True
202299,Timothy,Sanchez,60,Male,timothy.sanchez440@icloud.com,(832) 490-4915,2025-05-24,Bronze,Columbus,OH,USA,Paid Social,True
202341,Jennifer,Baker,36,Female,jennifer.baker805@gmail.com,(902) 389-9531,2023-06-08,Gold,Austin,TX,USA,Referral,True
202976,Hiroshi,Kim,55,Male,hiroshi.kim827@outlook.com,(733) 828-1930,2023-08-25,Silver,Houston,TX,USA,Affiliate,False
203887,Mateo,Gonzalez,51,Male,mateo.gonzalez105@yahoo.com,(745) 335-9442,2024-12-22,Bronze,Detroit,MI,USA,Organic Search,False
204309,Barbara,Young,60,Female,barbara.young512@outlook.com,(375) 787-7179,2025-03-11,Bronze,Austin,TX,USA,Organic Search,True
205361,Rebecca,Wilson,35,Female,rebecca.wilson914@yahoo.com,(476) 666-9234,2023-11-06,Gold,Los Angeles,CA,USA,Email Campaign,True
206110,Daniel,Harris,39,Male,daniel.harris634@hotmail.com,(200) 633-2461,2025-07-08,Bronze,Chicago,IL,USA,Organic Search,False
206604,Laura,Scott,46,Female,laura.scott5@outlook.com,(887) 427-4235,2024-03-21,Bronze,Dallas,TX,USA,Email Campaign,True
206905,Elizabeth,Clark,64,Female,elizabeth.clark726@gmail.com,(303) 976-6759,2023-08-04,Gold,Minneapolis,MN,USA,Referral,True
206944,Steven,Anderson,35,Male,steven.anderson578@icloud.com,(385) 560-9773,2024-07-23,Gold,Boston,MA,USA,Referral,True
207289,Carlos,Roberts,41,Male,carlos.roberts396@gmail.com,(383) 644-3528,2025-09-02,Bronze,Las Vegas,NV,USA,Paid Social,True
207727,Isabella,Scott,42,Female,isabella.scott685@gmail.com,,2023-07-09,Silver,Miami,FL,USA,Direct,False
208190,Mia,Thompson,39,Female,mia.thompson556@gmail.com,(571) 824-6596,2025-07-09,Silver,New York,NY,USA,Referral,True
209578,Edward,Hernandez,31,Male,edward.hernandez148@hotmail.com,(766) 967-9860,2024-08-18,Silver,Dallas,TX,USA,Affiliate,False
209703,Ethan,Martin,71,Male,ethan.martin565@yahoo.com,(971) 351-3176,2025-02-04,Bronze,Boston,MA,USA,Paid Social,True
210406,Mia,Sanchez,70,Female,mia.sanchez368@outlook.com,(471) 646-4013,2024-11-17,Gold,Columbus,OH,USA,Affiliate,True
210439,Mei,Rodriguez,37,Female,mei.rodriguez677@hotmail.com,(870) 557-2556,2023-11-01,Gold,Chicago,IL,USA,Affiliate,True
211308,Mateo,Rivera,48,Male,mateo.rivera998@outlook.com,(678) 648-5798,2024-01-28,Silver,Sydney,NSW,Australia,Influencer,True
212415,Sofia,Campbell,39,Female,sofia.campbell246@yahoo.com,(399) 943-9903,2024-08-04,Bronze,Atlanta,GA,USA,Organic Search,True
213546,Kenneth,Perez,46,Male,kenneth.perez540@icloud.com,(411) 660-2064,2024-02-23,Platinum,New York,NY,USA,Paid Social,False
214719,Deborah,White,36,Female,deborah.white175@outlook.com,(754) 614-1000,2023-11-04,Gold,Toronto,ON,Canada,Organic Search,True
215098,James,Rodriguez,51,Non-binary,james.rodriguez396@outlook.com,(883) 369-3534,2024-04-23,Silver,Atlanta,GA,USA,Organic Search,True
215176,Mei,Davis,37,Female,mei.davis454@outlook.com,(894) 667-7549,2025-08-27,Bronze,Los Angeles,CA,USA,Affiliate,False
216367,Noah,Gonzalez,52,Male,noah.gonzalez392@outlook.com,(746) 823-9658,2025-06-09,Silver,Houston,TX,USA,Influencer,False
216395,Jeffrey,Green,43,Male,jeffrey.green514@icloud.com,(352) 746-6499,2025-01-06,Bronze,Chicago,IL,USA,Organic Search,True
216808,Mei,Nelson,51,Female,mei.nelson83@yahoo.com,(853) 873-3633,2024-05-23,Gold,San Antonio,TX,USA,Direct,False
217877,Sofia,Scott,34,Female,sofia.scott946@hotmail.com,(306) 755-9479,2024-01-09,Gold,Boston,MA,USA,Organic Search,True
218562,Wei,Scott,54,Male,wei.scott540@yahoo.com,(813) 771-8751,2023-10-02,Silver,Miami,FL,USA,Influencer,True
218848,Laura,Carter,46,Female,laura.carter849@outlook.com,(361) 483-4218,2025-09-02,Bronze,Seattle,WA,USA,Paid Social,True
218921,Jason,Martin,52,Male,jason.martin508@yahoo.com,(821) 539-3007,2023-10-13,Bronze,New York,NY,USA,Paid Social,True
220678,Jeffrey,Campbell,77,Male,jeffrey.campbell930@gmail.com,,2024-08-25,Silver,Seattle,WA,USA,Organic Search,True
221043,Mei,Brown,42,Female,mei.brown295@icloud.com,(463) 366-4615,2023-09-26,Gold,Seattle,WA,USA,Affiliate,False
222847,Robert,Hernandez,52,Non-binary,robert.hernandez630@hotmail.com,(845) 573-6546,2024-10-16,Bronze,Houston,TX,USA,Affiliate,True
223623,Emma,Baker,78,Female,emma.baker181@outlook.com,(850) 720-1857,2024-01-28,Platinum,Philadelphia,PA,USA,Paid Social,True
225182,Linda,Smith,33,Female,linda.smith573@outlook.com,(305) 472-7315,2025-07-10,Bronze,Denver,CO,USA,Referral,True
225651,William,Green,33,Male,william.green560@outlook.com,(412) 623-7524,2023-08-06,Silver,Toronto,ON,Canada,Direct,False
225693,Daniel,Patel,49,Male,daniel.patel303@icloud.com,(801) 602-1055,2025-06-07,Bronze,Denver,CO,USA,Organic Search,True
225738,Nancy,King,39,Female,nancy.king625@hotmail.com,(319) 260-4017,2024-05-21,Silver,San Antonio,TX,USA,Email Campaign,False
225902,Matthew,Patel,56,Male,matthew.patel181@hotmail.com,(498) 915-8978,2024-09-17,Platinum,Houston,TX,USA,Organic Search,True
226095,Mateo,Thomas,42,Male,mateo.thomas254@outlook.com,(759) 831-4884,2025-04-18,Bronze,Chicago,IL,USA,Organic Search,False
226126,Kimberly,Martinez,53,Female,kimberly.martinez662@yahoo.com,(315) 317-4329,2024-03-22,Silver,Miami,FL,USA,Organic Search,True
226229,Mei,Roberts,56,Female,mei.roberts667@outlook.com,(550) 763-9597,2023-07-25,Gold,Detroit,MI,USA,Affiliate,True
227041,Andrew,Patel,53,Male,andrew.patel125@yahoo.com,(217) 394-8533,2024-09-17,Platinum,San Antonio,TX,USA,Organic Search,False
228695,Kevin,Williams,47,Male,kevin.williams707@icloud.com,(724) 947-5334,2024-01-24,Silver,Austin,TX,USA,Referral,False
229416,Jacob,Lewis,47,Male,jacob.lewis349@icloud.com,(535) 829-6986,2023-09-03,Gold,Chicago,IL,USA,Email Campaign,True
229422,Stephanie,Miller,49,Female,stephanie.miller761@gmail.com,(720) 244-4041,2024-02-27,Gold,Phoenix,AZ,USA,Referral,False
229964,Ryan,Taylor,38,,ryan.taylor977@yahoo.com,(501) 611-9834,2025-05-29,Bronze,Montreal,QC,Canada,Direct,False
230606,Michelle,Green,38,Female,michelle.green292@icloud.com,(767) 227-8994,2025-06-02,Gold,Houston,TX,USA,Organic Search,True
231485,Omar,Patel,38,Male,omar.patel732@icloud.com,(569) 405-2892,2024-04-18,Silver,Detroit,MI,USA,Affiliate,True
232968,Chen,Taylor,58,Female,chen.taylor15@gmail.com,(756) 305-5643,2025-10-06,Bronze,Berlin,Berlin,Germany,Direct,True
233128,Emma,Anderson,52,Female,emma.anderson674@hotmail.com,(371) 931-8408,2025-07-24,Silver,Minneapolis,MN,USA,Organic Search,True
233306,Sandra,Thompson,48,Non-binary,sandra.thompson888@gmail.com,(572) 337-7290,2024-04-16,Silver,Charlotte,NC,USA,Email Campaign,False
233585,Ingrid,Campbell,50,Female,ingrid.campbell964@gmail.com,(766) 288-3801,2024-11-15,Platinum,Boston,MA,USA,Paid Social,False
236238,Joshua,Thomas,46,,joshua.thomas172@yahoo.com,(729) 861-7365,2024-02-04,Bronze,Austin,TX,USA,Direct,False
236288,Kevin,Nelson,41,Male,kevin.nelson95@yahoo.com,,2024-09-10,Bronze,Phoenix,AZ,USA,Organic Search,True
236956,Laura,Wright,57,Female,laura.wright777@outlook.com,(367) 654-5977,2025-03-28,Platinum,Detroit,MI,USA,Referral,True
237862,Thomas,Gonzalez,58,Male,thomas.gonzalez747@hotmail.com,(766) 520-9968,2024-05-02,Bronze,Philadelphia,PA,USA,Organic Search,False
238093,Amanda,Allen,41,Female,amanda.allen903@outlook.com,(388) 978-4169,2024-11-28,Bronze,Los Angeles,CA,USA,Paid Social,True
238180,Timothy,Williams,33,Male,timothy.williams341@icloud.com,(558) 410-4373,2023-10-01,Bronze,New York,NY,USA,Email Campaign,True
238715,Mateo,Walker,49,Male,mateo.walker765@gmail.com,(551) 371-6386,2025-03-25,Gold,Charlotte,NC,USA,Affiliate,True
239673,Isabella,Martinez,42,Female,isabella.martinez445@hotmail.com,(401) 908-7961,2023-07-04,Platinum,Phoenix,AZ,USA,Paid Social,True
240201,Jacob,Lopez,51,Male,jacob.lopez903@yahoo.com,(941) 274-1282,2024-08-01,Silver,London,England,UK,Organic Search,False
240669,Stephanie,White,48,Female,stephanie.white152@icloud.com,(384) 791-7757,2024-11-22,Silver,Montreal,QC,Canada,Direct,False
241810,Sarah,Sanchez,51,Female,sarah.sanchez957@outlook.com,(890) 757-2218,2023-09-22,Gold,San Antonio,TX,USA,Affiliate,True
242120,Aaliyah,Johnson,37,Female,aaliyah.johnson974@gmail.com,(850) 328-9348,2024-10-18,Silver,San Diego,CA,USA,Referral,True
244471,Lisa,Lewis,42,Female,lisa.lewis29@yahoo.com,(504) 739-6665,2025-04-28,Silver,New York,NY,USA,Referral,False
244802,Ashley,White,39,Female,ashley.white874@icloud.com,(645) 924-4897,2024-09-01,Bronze,Houston,TX,USA,Paid Social,False
245011,John,Green,39,Male,john.green326@hotmail.com,(843) 208-2929,2024-08-09,Silver,Toronto,ON,Canada,Direct,True
248039,James,Scott,44,Non-binary,james.scott283@yahoo.com,(337) 728-2690,2024-01-20,Platinum,Miami,FL,USA,Affiliate,False
248546,Jessica,Ramirez,45,Female,jessica.ramirez358@yahoo.com,(287) 753-5582,2024-09-20,Bronze,London,England,UK,Affiliate,True
248547,William,Campbell,53,Male,william.campbell85@outlook.com,(702) 240-8280,2024-02-12,Bronze,Chicago,IL,USA,Influencer,True
248900,Jeffrey,Anderson,58,Male,jeffrey.anderson255@hotmail.com,(536) 540-9193,2024-09-13,Silver,London,England,UK,Paid Social,True
249284,Matthew,White,46,Male,matthew.white692@hotmail.com,(918) 298-9807,2025-01-11,Silver,Philadelphia,PA,USA,Paid Social,False
249457,Elizabeth,Nelson,45,Female,elizabeth.nelson360@icloud.com,(235) 636-2724,2024-11-24,Gold,Phoenix,AZ,USA,Organic Search,False
250136,Fatima,Nguyen,42,,fatima.nguyen788@yahoo.com,(423) 764-5059,2024-02-10,Silver,Chicago,IL,USA,Direct,False
250897,Michael,Davis,43,Non-binary,michael.davis406@outlook.com,(552) 257-7047,2024-06-29,Bronze,Boston,MA,USA,Direct,False
252402,David,Carter,40,Male,david.carter2@outlook.com,(965) 311-4533,2025-07-22,Platinum,New York,NY,USA,Direct,True
253407,Anthony,Adams,59,Male,anthony.adams96@hotmail.com,(751) 719-2253,2024-12-03,Bronze,Vancouver,BC,Canada,Paid Social,True
254111,William,Flores,39,Male,william.flores918@gmail.com,,2024-06-17,Bronze,San Jose,CA,USA,Organic Search,True
255798,Sarah,Johnson,51,Female,sarah.johnson767@hotmail.com,(244) 408-7645,2023-07-26,Gold,Philadelphia,PA,USA,Email Campaign,True
256747,Olivia,Thomas,47,,olivia.thomas546@icloud.com,,2025-01-07,Bronze,Austin,TX,USA,Direct,True
257097,Elizabeth,Rivera,33,Female,elizabeth.rivera833@hotmail.com,(435) 987-7601,2024-04-21,Bronze,Los Angeles,CA,USA,Organic Search,False
257536,Charles,Moore,47,Male,charles.moore428@icloud.com,(347) 443-1539,2025-02-12,Bronze,Miami,FL,USA,Paid Social,False
258357,Mary,Martinez,78,Female,mary.martinez138@outlook.com,(580) 750-9056,2024-12-19,Bronze,San Jose,CA,USA,Referral,True
258959,Liam,Lewis,60,Male,liam.lewis950@icloud.com,(905) 997-2558,2025-03-12,Bronze,Nashville,TN,USA,Paid Social,True
258986,Donna,King,39,Female,donna.king52@yahoo.com,,2024-05-30,Platinum,Houston,TX,USA,Paid Social,False
261232,Mei,Anderson,53,Female,mei.anderson510@icloud.com,(468) 891-3412,2025-07-17,Gold,Phoenix,AZ,USA,Paid Social,False
261376,Melissa,Jones,41,Female,melissa.jones778@outlook.com,(699) 538-4528,2025-04-07,Silver,Chicago,IL,USA,Paid Social,False
262513,Hiroshi,Flores,56,Male,hiroshi.flores602@outlook.com,(335) 751-2950,2024-12-04,Bronze,Atlanta,GA,USA,Paid Social,True
263224,Aaliyah,Smith,69,Non-binary,aaliyah.smith245@yahoo.com,(477) 700-4325,2025-04-03,Bronze,Charlotte,NC,USA,Paid Social,False
263269,Jeffrey,Perez,46,Male,jeffrey.perez581@yahoo.com,(684) 250-2689,2024-11-08,Gold,Mexico City,CDMX,Mexico,Paid Social,True
264116,Priya,Miller,30,Female,priya.miller754@icloud.com,(342) 486-2064,2024-05-16,Silver,Dallas,TX,USA,Paid Social,False
264557,Wei,Moore,63,Male,wei.moore623@icloud.com,(795) 399-6012,2025-01-14,Bronze,Mexico City,CDMX,Mexico,Referral,False
265163,Chen,Campbell,42,Female,chen.campbell361@yahoo.com,(610) 652-9497,2023-06-05,Silver,Boston,MA,USA,Influencer,True
269261,Matthew,Patel,36,Male,matthew.patel791@hotmail.com,(658) 232-7479,2023-10-22,Gold,Los Angeles,CA,USA,Email Campaign,True
270348,Paul,Hill,54,Male,paul.hill810@outlook.com,(388) 650-1456,2023-07-19,Gold,London,England,UK,Influencer,True
272979,Eric,Rodriguez,70,Male,eric.rodriguez361@gmail.com,(475) 463-9085,2025-01-31,Silver,Atlanta,GA,USA,Direct,True
273715,Aaliyah,Ramirez,78,Female,aaliyah.ramirez464@hotmail.com,(442) 694-9519,2025-06-06,Silver,Detroit,MI,USA,Organic Search,True
274990,Kimberly,Rivera,43,Female,kimberly.rivera366@yahoo.com,(724) 961-6869,2024-11-13,Platinum,San Francisco,CA,USA,Direct,False
275250,Linda,Allen,45,Female,linda.allen942@gmail.com,(970) 853-4839,2023-08-15,Gold,San Antonio,TX,USA,Paid Social,True
276672,Paul,Patel,69,Male,paul.patel405@hotmail.com,(888) 793-3081,2025-05-28,Silver,Houston,TX,USA,Referral,True
277274,Hiroshi,Thompson,52,Male,hiroshi.thompson220@outlook.com,(694) 385-8780,2025-10-23,Bronze,Los Angeles,CA,USA,Affiliate,True
278351,Robert,Thomas,51,Male,robert.thomas146@yahoo.com,(867) 820-4822,2023-06-25,Gold,Chicago,IL,USA,Referral,False
279683,Carlos,Hill,53,Male,carlos.hill642@icloud.com,(817) 740-3188,2023-07-08,Gold,New York,NY,USA,Organic Search,True
279737,Amanda,Martinez,70,Non-binary,amanda.martinez333@hotmail.com,(912) 506-3888,2023-07-31,Gold,New York,NY,USA,Referral,True
281122,Michelle,Thompson,53,Non-binary,michelle.thompson49@icloud.com,(619) 886-1688,2025-05-09,Bronze,Houston,TX,USA,Paid Social,False
281577,Amanda,Singh,32,Female,amanda.singh834@yahoo.com,(964) 539-3836,2024-10-17,Gold,New York,NY,USA,Direct,False
281969,Mark,Nguyen,50,Male,mark.nguyen733@icloud.com,(815) 285-5414,2025-09-28,Bronze,New York,NY,USA,Influencer,True
282050,Andrew,Wilson,42,Male,andrew.wilson104@icloud.com,(641) 992-2950,2025-04-29,Silver,Philadelphia,PA,USA,Organic Search,False
282095,Liam,Adams,47,Male,liam.adams810@gmail.com,(789) 254-2234,2023-12-18,Platinum,Toronto,ON,Canada,Email Campaign,False
282330,Betty,King,,Female,betty.king600@outlook.com,(448) 499-8200,2025-05-01,Bronze,Nashville,TN,USA,Paid Social,True
287382,Melissa,Jackson,58,Female,melissa.jackson927@hotmail.com,(516) 379-9813,2025-06-04,Bronze,Los Angeles,CA,USA,Referral,False
292941,Nancy,Jones,41,Female,nancy.jones65@hotmail.com,(272) 471-3608,2025-01-06,Gold,Minneapolis,MN,USA,Influencer,True
295857,Fatima,Perez,50,Female,fatima.perez163@yahoo.com,(335) 597-6929,2023-12-22,Gold,Columbus,OH,USA,Organic Search,False
297200,Hiroshi,Kim,37,Male,hiroshi.kim709@yahoo.com,(538) 419-6247,2024-07-16,Bronze,Philadelphia,PA,USA,Influencer,True
300933,Mary,Johnson,54,Female,mary.johnson349@icloud.com,(617) 252-3881,2023-07-16,Gold,San Francisco,CA,USA,Organic Search,True
303027,Mei,Jones,67,Female,mei.jones740@hotmail.com,(432) 613-8113,2023-06-25,Gold,Denver,CO,USA,Direct,True
304008,Melissa,Martin,70,Female,melissa.martin171@icloud.com,(733) 942-3935,2023-12-27,Platinum,Houston,TX,USA,Email Campaign,True
304294,Jennifer,Thompson,54,Female,jennifer.thompson386@yahoo.com,(369) 761-2625,2024-10-26,Bronze,Charlotte,NC,USA,Paid Social,True
305163,Richard,Williams,69,Male,richard.williams960@outlook.com,(750) 245-7581,2024-05-02,Bronze,Dallas,TX,USA,Affiliate,True
306555,Kimberly,Harris,44,Female,kimberly.harris321@outlook.com,(985) 867-5345,2023-11-20,Silver,Austin,TX,USA,Email Campaign,False
307037,Laura,Taylor,68,Female,laura.taylor532@outlook.com,(266) 382-1422,2024-06-15,Silver,Chicago,IL,USA,Email Campaign,True
309225,Jessica,Patel,60,Female,jessica.patel19@hotmail.com,(868) 886-4311,2024-04-18,Gold,Phoenix,AZ,USA,Affiliate,False
309256,Margaret,Lewis,60,Female,margaret.lewis466@outlook.com,,2024-09-21,Gold,Los Angeles,CA,USA,Referral,True
310345,Nicholas,Carter,24,Male,nicholas.carter722@icloud.com,(813) 674-2839,2025-04-23,Silver,Phoenix,AZ,USA,Organic Search,False
311815,Mia,Nguyen,56,Female,mia.nguyen21@gmail.com,(450) 392-3386,2023-07-04,Silver,Los Angeles,CA,USA,Referral,True
312071,Donna,Flores,53,Female,donna.flores47@gmail.com,(650) 433-4715,2024-09-28,Gold,Miami,FL,USA,Email Campaign,True
312650,Sandra,Brown,58,Female,sandra.brown629@outlook.com,(444) 279-8993,2025-10-03,Bronze,Charlotte,NC,USA,Paid Social,True
312879,Michelle,Sanchez,44,Female,michelle.sanchez435@yahoo.com,(460) 820-2119,2024-03-07,Silver,San Jose,CA,USA,Direct,False
312967,Michael,Martin,62,Male,michael.martin733@gmail.com,(679) 891-3170,2025-06-10,Gold,Chicago,IL,USA,Influencer,False
314662,Liam,Chen,31,Male,liam.chen64@gmail.com,(456) 645-3374,2025-01-23,Gold,Portland,OR,USA,Direct,True
314695,Mia,Nelson,72,Female,mia.nelson134@hotmail.com,(926) 588-7293,2025-08-23,Bronze,New York,NY,USA,Referral,False
315385,Charles,Harris,52,Non-binary,charles.harris273@yahoo.com,(685) 919-7313,2024-12-14,Bronze,Los Angeles,CA,USA,Referral,True
315792,Edward,Thompson,32,Male,edward.thompson360@icloud.com,(974) 266-9034,2025-05-29,Gold,Sydney,NSW,Australia,Organic Search,False
316704,Elizabeth,Adams,38,Female,elizabeth.adams486@gmail.com,(995) 576-7033,2025-07-29,Silver,Miami,FL,USA,Influencer,True
316724,Amanda,Carter,48,Female,amanda.carter815@yahoo.com,(281) 836-2763,2025-08-26,Gold,Chicago,IL,USA,Direct,False
319318,Nancy,Garcia,44,Female,nancy.garcia206@yahoo.com,(616) 650-1134,2024-01-06,Silver,New York,NY,USA,Direct,True
320359,Joseph,Roberts,50,Male,joseph.roberts920@yahoo.com,(412) 942-9762,2024-07-15,Bronze,San Antonio,TX,USA,Referral,True
320716,Mei,Green,62,Non-binary,mei.green195@hotmail.com,(210) 228-7761,2024-03-14,Silver,New York,NY,USA,Affiliate,True
321283,Mia,Lopez,78,Female,mia.lopez301@yahoo.com,,2024-01-31,Bronze,San Diego,CA,USA,Direct,True
321653,Omar,Hill,31,,omar.hill517@gmail.com,(843) 661-9345,2025-01-01,Gold,San Antonio,TX,USA,Email Campaign,False
322933,Richard,Allen,71,Male,richard.allen381@hotmail.com,(876) 269-1071,2024-09-30,Bronze,Chicago,IL,USA,Organic Search,True
323441,Hiroshi,White,29,Male,hiroshi.white637@outlook.com,(636) 770-3408,2024-11-19,Gold,Mexico City,CDMX,Mexico,Email Campaign,False
324340,Andrew,Jackson,68,Male,andrew.jackson178@outlook.com,(604) 976-6261,2025-06-09,Bronze,Atlanta,GA,USA,Organic Search,True
324722,Kenneth,Roberts,64,Male,kenneth.roberts736@icloud.com,(682) 733-9364,2025-04-18,Silver,Houston,TX,USA,Affiliate,False
325332,Liam,Allen,52,Male,liam.allen751@icloud.com,(613) 915-2990,2025-01-26,Bronze,Melbourne,VIC,Australia,Email Campaign,False
327967,Mia,Adams,,Female,mia.adams470@outlook.com,(558) 344-4472,2023-11-10,Gold,Montreal,QC,Canada,Affiliate,True
329012,Ingrid,Adams,42,Female,ingrid.adams726@outlook.com,,2024-02-16,Silver,Miami,FL,USA,Direct,True
330200,Isabella,Flores,44,Female,isabella.flores638@yahoo.com,(325) 970-4134,2024-03-24,Bronze,Chicago,IL,USA,Referral,True
331725,Nicholas,Thomas,43,Male,nicholas.thomas556@icloud.com,(249) 489-1851,2023-12-17,Gold,Orlando,FL,USA,Paid Social,True
334819,Jessica,White,51,Female,jessica.white976@gmail.com,(293) 822-6946,2024-10-07,Gold,London,England,UK,Organic Search,True
336051,Jacob,Singh,48,Male,jacob.singh435@icloud.com,,2025-07-22,Silver,Houston,TX,USA,Influencer,True
336963,Mateo,Ramirez,39,Non-binary,mateo.ramirez246@icloud.com,(468) 605-8160,2024-11-18,Bronze,New York,NY,USA,Paid Social,False
339071,Daniel,Moore,69,Male,daniel.moore955@yahoo.com,(625) 741-9321,2025-09-18,Bronze,Columbus,OH,USA,Direct,True
339714,Sofia,Robinson,43,Female,sofia.robinson277@outlook.com,(356) 863-8754,2025-03-26,Bronze,Phoenix,AZ,USA,Referral,False
340088,Nicholas,Sanchez,51,Male,nicholas.sanchez54@yahoo.com,(427) 814-3941,2024-04-29,Silver,London,England,UK,Email Campaign,True
341690,Amanda,Garcia,47,Female,amanda.garcia382@hotmail.com,(764) 728-2235,2024-03-04,Bronze,San Jose,CA,USA,Email Campaign,False
343411,Thomas,Harris,70,Male,thomas.harris102@yahoo.com,,2024-09-02,Gold,Vancouver,BC,Canada,Direct,True
343652,Gary,Flores,41,Male,gary.flores270@outlook.com,(479) 614-2505,2024-06-16,Silver,Austin,TX,USA,Organic Search,True
343810,William,Young,27,Male,william.young573@outlook.com,(364) 991-3322,2023-10-25,Silver,Los Angeles,CA,USA,Paid Social,True
344803,Steven,Lewis,55,Male,steven.lewis809@icloud.com,(768) 895-2097,2023-08-24,Silver,Los Angeles,CA,USA,Paid Social,True
346532,Paul,Martinez,37,Male,paul.martinez441@hotmail.com,(748) 521-4305,2023-12-27,Platinum,London,England,UK,Direct,True
348063,John,Williams,,Male,john.williams994@icloud.com,(784) 600-6313,2024-07-12,Silver,Minneapolis,MN,USA,Direct,True
348656,Joshua,Walker,69,Male,joshua.walker205@outlook.com,(357) 284-4348,2024-09-26,Silver,New York,NY,USA,Email Campaign,True
348817,Hiroshi,White,40,Male,hiroshi.white399@yahoo.com,(301) 501-2471,2025-09-11,Silver,San Antonio,TX,USA,Direct,False
349162,Omar,Nelson,42,Male,omar.nelson854@outlook.com,(609) 779-3961,2025-03-10,Bronze,Portland,OR,USA,Paid Social,False
350253,Michael,Taylor,58,Male,michael.taylor702@gmail.com,(559) 645-2287,2023-09-26,Platinum,Miami,FL,USA,Influencer,False
351203,Anthony,Singh,43,Male,anthony.singh295@icloud.com,(695) 288-5498,2023-11-01,Gold,Austin,TX,USA,Organic Search,True
352288,Omar,Clark,29,Male,omar.clark279@yahoo.com,,2024-11-14,Gold,Nashville,TN,USA,Direct,False
352917,Barbara,Williams,57,Female,barbara.williams596@gmail.com,(612) 496-6946,2025-01-23,Bronze,Mexico City,CDMX,Mexico,Affiliate,True
353006,Laura,Young,48,Female,laura.young843@gmail.com,(608) 852-3934,2024-08-31,Silver,San Diego,CA,USA,Referral,True
353929,Barbara,Sanchez,37,Female,barbara.sanchez116@yahoo.com,(376) 653-4182,2024-08-15,Platinum,Philadelphia,PA,USA,Email Campaign,True
355464,Steven,Davis,,Male,steven.davis154@hotmail.com,,2024-10-17,Bronze,Chicago,IL,USA,Direct,True
355903,Jacob,Nguyen,32,Male,jacob.nguyen976@gmail.com,(833) 393-6982,2025-04-06,Bronze,Houston,TX,USA,Paid Social,True
356115,Mark,Hill,52,Male,mark.hill25@outlook.com,(686) 823-7434,2024-01-05,Bronze,Chicago,IL,USA,Direct,False
357643,Noah,Martinez,60,Male,noah.martinez593@outlook.com,,2023-07-30,Bronze,Denver,CO,USA,Organic Search,True
358977,Barbara,Kim,46,Female,barbara.kim740@hotmail.com,(725) 990-7177,2024-12-29,Gold,Boston,MA,USA,Organic Search,True
358988,Ingrid,Adams,41,Female,ingrid.adams128@outlook.com,(363) 599-4054,2024-03-05,Silver,Detroit,MI,USA,Direct,True
359234,Jacob,Anderson,32,Male,jacob.anderson783@outlook.com,(986) 710-7041,2024-09-11,Silver,Phoenix,AZ,USA,Email Campaign,False
359241,Yuki,Kim,71,Female,yuki.kim759@icloud.com,(479) 947-9154,2025-05-22,Bronze,Dallas,TX,USA,Organic Search,False
359971,Paul,Allen,50,Male,paul.allen56@icloud.com,(869) 574-5901,2024-07-17,Silver,Columbus,OH,USA,Referral,False
360723,Gary,Harris,65,Male,gary.harris66@yahoo.com,(286) 528-2063,2024-01-30,Silver,Columbus,OH,USA,Referral,False
361634,Jessica,Roberts,45,Female,jessica.roberts48@icloud.com,(304) 889-3310,2025-04-09,Gold,Denver,CO,USA,Paid Social,True
363985,Kenneth,Clark,36,Male,kenneth.clark378@hotmail.com,(608) 892-5005,2025-10-06,Silver,New York,NY,USA,Referral,True
365062,Gary,Thomas,39,Male,gary.thomas920@outlook.com,,2024-01-01,Silver,New York,NY,USA,Email Campaign,True
365762,Kenneth,Smith,60,Male,kenneth.smith374@yahoo.com,(204) 676-4595,2025-01-22,Bronze,Mexico City,CDMX,Mexico,Organic Search,True
366709,Steven,Rodriguez,52,Male,steven.rodriguez610@outlook.com,(846) 663-4149,2024-10-01,Bronze,New York,NY,USA,Direct,True
367081,Kevin,Rodriguez,57,Male,kevin.rodriguez714@icloud.com,(550) 683-2217,2023-09-29,Platinum,Chicago,IL,USA,Direct,True
368724,Mateo,Perez,41,Male,mateo.perez493@gmail.com,(552) 460-7909,2024-12-18,Silver,New York,NY,USA,Direct,True
368795,Jessica,Adams,,Female,jessica.adams738@gmail.com,(200) 286-8101,2024-07-21,Bronze,Chicago,IL,USA,Organic Search,True
369772,Richard,Campbell,58,Male,richard.campbell330@hotmail.com,(849) 529-8278,2023-09-10,Platinum,Atlanta,GA,USA,Paid Social,False
370685,Margaret,Garcia,42,Female,margaret.garcia582@gmail.com,(571) 675-8310,2024-02-14,Gold,Chicago,IL,USA,Direct,False
371116,Wei,Mitchell,53,Male,wei.mitchell610@icloud.com,(643) 741-4717,2025-09-06,Bronze,Orlando,FL,USA,Direct,True
371186,Susan,Jones,55,Female,susan.jones454@yahoo.com,(809) 253-3773,2024-01-07,Silver,Philadelphia,PA,USA,Referral,True
371674,Anthony,Jackson,40,Male,anthony.jackson783@outlook.com,(726) 431-5593,2023-08-27,Silver,Dallas,TX,USA,Influencer,False
371751,Kenneth,Rodriguez,31,Male,kenneth.rodriguez301@outlook.com,(581) 970-3669,2023-11-24,Gold,Manchester,England,UK,Organic Search,True
373292,Anthony,Martin,64,Male,anthony.martin604@hotmail.com,(726) 300-7066,2024-10-09,Gold,Seattle,WA,USA,Affiliate,False
374219,Nancy,Davis,51,Female,nancy.davis321@outlook.com,(960) 429-9157,2023-10-20,Gold,Toronto,ON,Canada,Direct,True
375123,Camila,Adams,48,Female,camila.adams238@icloud.com,(679) 693-8076,2024-08-30,Bronze,Los Angeles,CA,USA,Organic Search,False
377565,Edward,Perez,58,Male,edward.perez377@yahoo.com,(857) 700-6634,2025-04-13,Bronze,Boston,MA,USA,Organic Search,True
378752,Steven,Thomas,45,Male,steven.thomas11@hotmail.com,(422) 852-9643,2024-11-04,Bronze,San Diego,CA,USA,Paid Social,True
379104,Aaliyah,Scott,56,Female,aaliyah.scott974@yahoo.com,(546) 797-2772,2025-02-04,Bronze,Seattle,WA,USA,Affiliate,True
379153,Mia,Green,55,Female,mia.green776@gmail.com,(368) 450-7618,2025-10-28,Bronze,San Diego,CA,USA,Organic Search,False
380844,Joseph,Baker,33,Male,joseph.baker700@yahoo.com,(374) 956-2687,2024-03-08,Bronze,Boston,MA,USA,Email Campaign,True
381636,Joshua,Adams,41,Male,joshua.adams111@hotmail.com,,2023-07-28,Bronze,Houston,TX,USA,Affiliate,False
382189,Betty,Harris,43,Female,betty.harris343@icloud.com,(431) 228-8634,2025-08-12,Bronze,Austin,TX,USA,Referral,False
382916,Isabella,Lewis,47,Female,isabella.lewis279@icloud.com,(852) 436-1466,2025-10-16,Bronze,New York,NY,USA,Direct,True
383787,Ryan,Roberts,49,Male,ryan.roberts674@outlook.com,(435) 653-3241,2024-12-14,Silver,Chicago,IL,USA,Affiliate,True
383904,Chen,Mitchell,48,Female,chen.mitchell893@icloud.com,,2023-08-24,Platinum,Miami,FL,USA,Paid Social,False
384136,Kimberly,Johnson,65,Female,kimberly.johnson547@outlook.com,(880) 354-8017,2024-08-16,Silver,San Antonio,TX,USA,Direct,True
384588,Emily,Wilson,51,Female,emily.wilson862@icloud.com,,2025-06-14,Platinum,Dallas,TX,USA,Influencer,True
385214,Betty,Patel,44,Female,betty.patel705@icloud.com,(218) 330-2169,2023-10-09,Platinum,New York,NY,USA,Influencer,False
385326,Patricia,Rivera,70,Female,patricia.rivera269@outlook.com,(435) 780-9016,2023-09-09,Gold,Columbus,OH,USA,Email Campaign,False
386049,Joshua,Moore,36,Male,joshua.moore549@gmail.com,(906) 312-7549,2023-07-10,Silver,San Diego,CA,USA,Direct,True
386699,Linda,Rodriguez,35,Female,linda.rodriguez493@icloud.com,(757) 648-5774,2023-06-19,Bronze,Toronto,ON,Canada,Direct,True
388183,Gary,Allen,,Male,gary.allen533@yahoo.com,(377) 226-5017,2024-02-05,Silver,New York,NY,USA,Affiliate,True
388393,Jason,Hill,56,Male,jason.hill455@yahoo.com,(463) 898-4337,2024-11-28,Gold,New York,NY,USA,Paid Social,False
388496,Patricia,Carter,32,Female,patricia.carter556@hotmail.com,(708) 981-3278,2024-12-01,Silver,Houston,TX,USA,Organic Search,True
388826,Betty,Anderson,44,Female,betty.anderson479@outlook.com,(223) 651-6996,2025-02-11,Silver,London,England,UK,Organic Search,True
390647,Mary,Lewis,39,Female,mary.lewis234@yahoo.com,(436) 694-2639,2025-09-20,Bronze,Seattle,WA,USA,Referral,False
392938,Brian,Clark,54,Male,brian.clark247@outlook.com,(688) 437-1035,2024-04-22,Silver,Seattle,WA,USA,Paid Social,False
394625,John,Allen,39,Male,john.allen460@outlook.com,(227) 255-7360,2024-07-13,Silver,London,England,UK,Direct,True
395408,Chen,Ramirez,61,Female,chen.ramirez250@outlook.com,(552) 675-9168,2023-06-09,Silver,Manchester,England,UK,Referral,False
396628,Noah,Moore,78,Male,noah.moore963@icloud.com,(708) 671-6789,2023-12-16,Gold,Toronto,ON,Canada,Organic Search,False
396871,Mark,Robinson,52,Male,mark.robinson962@outlook.com,(359) 221-8026,2024-04-16,Gold,Philadelphia,PA,USA,Direct,True
398177,Sofia,Chen,38,Female,sofia.chen122@hotmail.com,(517) 772-3221,2024-11-23,Silver,Austin,TX,USA,Paid Social,True
400186,Camila,Garcia,48,Female,camila.garcia336@outlook.com,(649) 827-9808,2024-07-28,Silver,Boston,MA,USA,Organic Search,False
400584,Steven,Martinez,58,Male,steven.martinez948@yahoo.com,(573) 237-8626,2025-09-05,Bronze,Philadelphia,PA,USA,Direct,True
400647,Betty,Wilson,26,Female,betty.wilson56@yahoo.com,(542) 410-6711,2025-05-23,Bronze,Austin,TX,USA,Paid Social,False
401813,Ronald,Jones,,Male,ronald.jones723@outlook.com,(418) 394-6676,2023-07-29,Platinum,Chicago,IL,USA,Organic Search,True
404286,Hiroshi,Martinez,,Male,hiroshi.martinez988@hotmail.com,(955) 475-1965,2025-09-12,Bronze,Miami,FL,USA,Organic Search,True
404777,Isabella,Adams,42,Female,isabella.adams491@hotmail.com,(809) 537-4012,2025-04-25,Bronze,Seattle,WA,USA,Paid Social,False
408056,Richard,Robinson,51,Male,richard.robinson885@icloud.com,(469) 362-3822,2024-01-17,Gold,Charlotte,NC,USA,Affiliate,True
408428,Mary,Thompson,56,Female,mary.thompson469@gmail.com,(769) 419-8951,2025-02-20,Gold,Boston,MA,USA,Affiliate,True
411928,Ingrid,Roberts,50,Female,ingrid.roberts819@yahoo.com,(306) 248-4283,2023-08-25,Bronze,Manchester,England,UK,Direct,False
412449,Jessica,Harris,52,Non-binary,jessica.harris23@gmail.com,(586) 709-8602,2025-04-26,Silver,Montreal,QC,Canada,Influencer,False
415774,Sandra,Williams,41,Female,sandra.williams751@hotmail.com,(805) 879-2281,2025-03-22,Silver,Montreal,QC,Canada,Organic Search,True
418734,Karen,Williams,50,Female,karen.williams489@gmail.com,(815) 231-1190,2024-12-21,Bronze,Orlando,FL,USA,Paid Social,False
421903,Wei,Flores,46,Male,wei.flores635@gmail.com,(491) 377-1463,2023-10-13,Gold,Phoenix,AZ,USA,Influencer,True
424590,Donna,Lee,43,Female,donna.lee827@hotmail.com,(483) 439-3788,2025-03-02,Silver,Chicago,IL,USA,Referral,False
424619,Edward,Baker,48,Male,edward.baker688@gmail.com,(988) 711-3116,2025-07-16,Bronze,Phoenix,AZ,USA,Direct,False
425339,Stephanie,Hernandez,71,Female,stephanie.hernandez213@hotmail.com,(609) 543-6232,2025-07-18,Silver,Nashville,TN,USA,Affiliate,True
427055,Susan,Davis,55,Female,susan.davis420@yahoo.com,(338) 319-5868,2025-08-13,Bronze,Houston,TX,USA,Influencer,False
427170,Chen,Martinez,66,Female,chen.martinez590@yahoo.com,(804) 970-4629,2025-08-24,Bronze,Austin,TX,USA,Referral,True
427679,Liam,Garcia,35,Male,liam.garcia570@yahoo.com,(832) 864-4886,2025-01-01,Silver,Atlanta,GA,USA,Direct,True
429344,Mark,Harris,53,Male,mark.harris690@yahoo.com,(746) 314-6477,2024-07-08,Silver,Miami,FL,USA,Paid Social,False
429617,John,Davis,54,Male,john.davis698@hotmail.com,(775) 260-6506,2023-08-25,Silver,Chicago,IL,USA,Organic Search,True
429634,Lisa,White,49,Female,lisa.white851@hotmail.com,(795) 790-5022,2023-11-29,Platinum,Seattle,WA,USA,Paid Social,False
430264,Donna,Brown,78,Female,donna.brown157@hotmail.com,(517) 917-1601,2024-03-01,Silver,Los Angeles,CA,USA,Email Campaign,True
430623,Anthony,Moore,73,Male,anthony.moore107@hotmail.com,(517) 433-5419,2025-01-27,Silver,Houston,TX,USA,Paid Social,True
433068,Emily,Mitchell,62,Female,emily.mitchell764@icloud.com,(375) 290-9536,2023-09-22,Bronze,New York,NY,USA,Organic Search,True
433355,Ronald,King,39,Male,ronald.king363@hotmail.com,(342) 872-6802,2023-09-27,Platinum,Nashville,TN,USA,Organic Search,True
433581,Mateo,Jones,43,Male,mateo.jones140@yahoo.com,(839) 323-8164,2024-05-22,Gold,San Jose,CA,USA,Influencer,True
434006,Margaret,Thompson,38,Female,margaret.thompson227@icloud.com,(282) 991-6715,2024-08-28,Platinum,Sydney,NSW,Australia,Referral,True
436057,Eric,Torres,40,Male,eric.torres406@icloud.com,(740) 881-1694,2024-06-16,Gold,Austin,TX,USA,Email Campaign,True
436093,Elizabeth,Brown,41,Female,elizabeth.brown138@gmail.com,(743) 622-1693,2025-05-26,Bronze,Vancouver,BC,Canada,Paid Social,True
436577,George,Johnson,30,Male,george.johnson353@hotmail.com,(532) 752-2573,2023-09-13,Gold,San Jose,CA,USA,Organic Search,False
438636,Charles,Martinez,41,Male,charles.martinez163@outlook.com,(462) 229-7646,2024-04-13,Silver,Dallas,TX,USA,Email Campaign,True
438706,Camila,Johnson,49,Female,camila.johnson700@gmail.com,(308) 606-4595,2024-10-15,Platinum,Los Angeles,CA,USA,Paid Social,True
441378,Sofia,Martin,43,Female,sofia.martin207@yahoo.com,(840) 252-5094,2023-10-17,Silver,Los Angeles,CA,USA,Paid Social,True
441755,Kevin,Taylor,26,,kevin.taylor51@gmail.com,(259) 363-3217,2023-09-24,Gold,New York,NY,USA,Paid Social,False
442609,Emily,Harris,35,Female,emily.harris141@gmail.com,(948) 501-2484,2024-09-14,Silver,Melbourne,VIC,Australia,Influencer,True
444894,Michelle,Lewis,56,Female,michelle.lewis314@gmail.com,(870) 214-5352,2025-10-01,Bronze,Seattle,WA,USA,Referral,True
446431,Timothy,Garcia,30,Male,timothy.garcia971@icloud.com,(726) 211-9038,2024-07-06,Silver,Montreal,QC,Canada,Affiliate,False
448379,Liam,King,34,Male,liam.king627@hotmail.com,(412) 207-3082,2025-07-30,Bronze,Minneapolis,MN,USA,Paid Social,True
451758,Lisa,Mitchell,78,Female,lisa.mitchell960@hotmail.com,(374) 616-1027,2024-01-28,Silver,Charlotte,NC,USA,Direct,False
454090,Liam,Nguyen,49,Male,liam.nguyen881@yahoo.com,(986) 914-4729,2024-03-19,Silver,Manchester,England,UK,Referral,False
457597,Margaret,Chen,33,Female,margaret.chen682@hotmail.com,(214) 326-3580,2025-01-12,Gold,Seattle,WA,USA,Referral,True
460687,Chen,Allen,30,Female,chen.allen438@outlook.com,(763) 402-7038,2023-12-03,Gold,London,England,UK,Direct,True
461780,Eric,Rodriguez,,Male,eric.rodriguez552@hotmail.com,(972) 292-1598,2024-09-01,Gold,Los Angeles,CA,USA,Organic Search,True
463515,Edward,Nelson,39,Male,edward.nelson930@gmail.com,(265) 237-4731,2023-06-04,Bronze,Las Vegas,NV,USA,Referral,True
463607,Charles,Perez,,Male,charles.perez887@yahoo.com,(615) 804-1018,2023-11-04,Platinum,San Diego,CA,USA,Organic Search,True
465408,Olivia,Mitchell,57,Female,olivia.mitchell497@icloud.com,(738) 598-5130,2024-01-16,Silver,Denver,CO,USA,Organic Search,False
465917,Sandra,Robinson,33,Female,sandra.robinson407@yahoo.com,(796) 270-7231,2024-07-19,Silver,Austin,TX,USA,Direct,False
467325,Chen,Nelson,61,Female,chen.nelson487@hotmail.com,(417) 778-7906,2024-01-02,Gold,London,England,UK,Direct,False
467888,Jeffrey,Davis,55,Male,jeffrey.davis31@icloud.com,(525) 271-5686,2025-10-25,Gold,Manchester,England,UK,Organic Search,True
467924,Andrew,Singh,34,Non-binary,andrew.singh425@icloud.com,(534) 522-3855,2024-07-04,Bronze,Seattle,WA,USA,Organic Search,False
468940,Kimberly,Singh,55,Female,kimberly.singh886@hotmail.com,(288) 724-9994,2024-02-21,Bronze,San Antonio,TX,USA,Organic Search,True
469380,Amanda,Martinez,45,Female,amanda.martinez76@icloud.com,(340) 205-9438,2024-02-11,Platinum,Boston,MA,USA,Direct,True
470367,Isabella,Adams,78,Female,isabella.adams980@icloud.com,(264) 570-2810,2024-01-25,Platinum,New York,NY,USA,Paid Social,False
470612,Carlos,Anderson,47,Male,carlos.anderson990@outlook.com,(834) 569-5576,2025-10-27,Bronze,Melbourne,VIC,Australia,Paid Social,False
471106,Emily,Moore,57,Female,emily.moore602@gmail.com,(328) 814-6216,2024-12-23,Bronze,Toronto,ON,Canada,Organic Search,False
473913,Jessica,Harris,37,Female,jessica.harris280@icloud.com,(717) 323-6496,2023-11-12,Gold,New York,NY,USA,Organic Search,True
474457,Elizabeth,Garcia,51,Female,elizabeth.garcia284@outlook.com,(611) 572-5972,2025-01-04,Silver,San Diego,CA,USA,Referral,True
475043,Anthony,Allen,41,Male,anthony.allen48@yahoo.com,(622) 335-7207,2024-05-11,Silver,Houston,TX,USA,Paid Social,True
475091,Hiroshi,Singh,57,Male,hiroshi.singh510@icloud.com,(669) 248-4546,2024-04-30,Silver,Montreal,QC,Canada,Paid Social,False
475813,Wei,Baker,62,Male,wei.baker358@hotmail.com,(685) 259-4928,2023-12-07,Silver,Toronto,ON,Canada,Direct,False
476035,Olivia,Lewis,47,Female,olivia.lewis143@icloud.com,(462) 542-9681,2024-02-24,Silver,Atlanta,GA,USA,Organic Search,False
476501,Emily,Nguyen,48,Non-binary,emily.nguyen873@icloud.com,(444) 307-2390,2023-10-04,Bronze,Orlando,FL,USA,Organic Search,True
476547,Kevin,Martin,75,Male,kevin.martin231@outlook.com,(417) 472-2359,2025-03-03,Bronze,San Antonio,TX,USA,Paid Social,False
476634,Kimberly,Adams,37,Female,kimberly.adams484@icloud.com,(563) 918-2323,2024-04-27,Gold,San Diego,CA,USA,Influencer,False
476977,Eric,White,43,Male,eric.white307@hotmail.com,(339) 592-2489,2023-10-09,Silver,Los Angeles,CA,USA,Influencer,False
481328,Stephanie,Brown,30,Female,stephanie.brown506@yahoo.com,(581) 975-3207,2025-10-15,Bronze,San Diego,CA,USA,Direct,False
483080,Emily,Davis,43,Female,emily.davis514@yahoo.com,(439) 487-1030,2023-07-08,Platinum,Los Angeles,CA,USA,Email Campaign,True
485092,Stephanie,Green,50,Female,stephanie.green392@yahoo.com,(320) 861-7063,2025-05-28,Bronze,Las Vegas,NV,USA,Organic Search,True
486138,Sandra,Kim,52,Female,sandra.kim845@icloud.com,(337) 956-5394,2025-09-09,Bronze,Denver,CO,USA,Paid Social,True
488082,Brian,White,50,Male,brian.white815@outlook.com,(663) 989-4133,2025-02-23,Bronze,Philadelphia,PA,USA,Direct,False
488273,Kimberly,Walker,59,Female,kimberly.walker24@icloud.com,(252) 964-2168,2024-03-22,Silver,San Diego,CA,USA,Organic Search,False
488554,Nancy,Wilson,23,Non-binary,nancy.wilson174@outlook.com,(283) 578-3090,2024-09-11,Gold,Chicago,IL,USA,Paid Social,True
488643,Jessica,Garcia,43,Female,jessica.garcia179@hotmail.com,(566) 444-4539,2025-01-11,Platinum,Los Angeles,CA,USA,Paid Social,False
489282,David,Harris,50,Male,david.harris160@outlook.com,(695) 831-2616,2025-04-14,Gold,Denver,CO,USA,Paid Social,True
490071,Hiroshi,White,53,Male,hiroshi.white67@icloud.com,(933) 419-5782,2023-12-04,Platinum,Chicago,IL,USA,Referral,True
490092,Camila,Smith,38,Female,camila.smith16@gmail.com,(468) 697-3481,2023-09-23,Gold,Boston,MA,USA,Organic Search,False
490206,Ronald,Robinson,60,Male,ronald.robinson604@gmail.com,(670) 828-3750,2025-05-19,Gold,Miami,FL,USA,Organic Search,True
490347,Camila,Brown,49,Female,camila.brown927@gmail.com,(824) 745-3243,2025-09-27,Bronze,New York,NY,USA,Affiliate,False
490517,Richard,Carter,49,Male,richard.carter903@icloud.com,(216) 788-9377,2025-04-12,Bronze,New York,NY,USA,Email Campaign,False
491298,Andrew,Smith,77,Male,andrew.smith1@icloud.com,(200) 799-6443,2023-07-13,Bronze,London,England,UK,Paid Social,True
491305,Omar,Martinez,38,Male,omar.martinez186@hotmail.com,(498) 962-9405,2025-06-25,Platinum,Philadelphia,PA,USA,Paid Social,False
492669,Steven,Brown,44,Male,steven.brown997@gmail.com,(393) 535-2206,2023-07-01,Gold,Atlanta,GA,USA,Referral,False
493034,Lisa,Chen,44,Female,lisa.chen12@yahoo.com,(542) 237-8481,2024-07-01,Gold,Sydney,NSW,Australia,Referral,True
494006,Michael,Baker,33,Male,michael.baker691@outlook.com,(916) 206-4440,2023-08-28,Silver,Chicago,IL,USA,Paid Social,True
494553,Jessica,Johnson,70,Female,jessica.johnson852@hotmail.com,(797) 652-7963,2024-11-27,Silver,Dallas,TX,USA,Email Campaign,True
494711,Mary,Mitchell,43,Female,mary.mitchell521@gmail.com,(919) 684-2667,2025-05-16,Bronze,Toronto,ON,Canada,Paid Social,True
495265,Barbara,Wright,55,Female,barbara.wright402@gmail.com,(559) 829-4857,2024-06-11,Gold,Toronto,ON,Canada,Paid Social,False
496735,Emma,Walker,33,Female,emma.walker531@hotmail.com,(353) 626-8817,2023-08-30,Gold,Boston,MA,USA,Influencer,True
497993,Deborah,Williams,44,Female,deborah.williams912@icloud.com,(809) 866-3699,2024-11-27,Bronze,San Jose,CA,USA,Influencer,False
498380,Kimberly,Chen,36,Female,kimberly.chen321@yahoo.com,(255) 224-8522,2023-06-21,Silver,Sydney,NSW,Australia,Organic Search,True
498642,Jason,Carter,50,Male,jason.carter262@icloud.com,(317) 249-4654,2023-06-25,Bronze,Melbourne,VIC,Australia,Organic Search,True
500528,Matthew,Martinez,48,Male,matthew.martinez229@hotmail.com,(758) 226-2919,2025-07-02,Bronze,Los Angeles,CA,USA,Email Campaign,True
500693,Melissa,Campbell,46,Female,melissa.campbell172@gmail.com,,2024-09-06,Silver,Chicago,IL,USA,Organic Search,False
501177,Sofia,Rodriguez,61,Female,sofia.rodriguez725@gmail.com,(535) 745-5626,2023-09-23,Gold,Phoenix,AZ,USA,Direct,True
501836,Kimberly,Singh,36,Female,kimberly.singh203@outlook.com,(668) 378-7456,2025-02-09,Silver,Dallas,TX,USA,Organic Search,True
501851,Ethan,Hall,39,Male,ethan.hall322@hotmail.com,(768) 915-2994,2024-01-20,Silver,Los Angeles,CA,USA,Affiliate,False
501971,Ryan,Chen,48,Male,ryan.chen672@outlook.com,(608) 894-7435,2025-05-03,Bronze,Melbourne,VIC,Australia,Organic Search,False
502006,Nicholas,Kim,44,Male,nicholas.kim111@icloud.com,(833) 388-4313,2025-10-18,Bronze,San Diego,CA,USA,Email Campaign,True
503849,Ashley,Lee,38,Female,ashley.lee225@gmail.com,,2024-10-19,Silver,Atlanta,GA,USA,Paid Social,False
504071,Jennifer,Miller,78,Female,jennifer.miller974@icloud.com,(214) 989-9569,2024-02-15,Bronze,Chicago,IL,USA,Direct,True
504905,Jacob,Singh,49,Male,jacob.singh878@gmail.com,(690) 651-6158,2025-04-22,Bronze,Mexico City,CDMX,Mexico,Organic Search,False
504976,Omar,Torres,51,Male,omar.torres789@icloud.com,(828) 692-8627,2024-07-25,Gold,Austin,TX,USA,Organic Search,False
507886,Sofia,Jones,70,Female,sofia.jones210@yahoo.com,(818) 977-5905,2025-03-04,Bronze,San Antonio,TX,USA,Affiliate,False
508282,Isabella,Allen,45,Female,isabella.allen820@hotmail.com,(818) 907-1915,2025-06-04,Silver,Dallas,TX,USA,Referral,True
508791,Rebecca,Allen,55,Female,rebecca.allen883@outlook.com,(706) 233-6724,2023-10-17,Gold,Los Angeles,CA,USA,Organic Search,False
509843,Paul,Allen,46,Male,paul.allen217@outlook.com,(208) 526-6254,2024-03-01,Bronze,Los Angeles,CA,USA,Referral,True
509880,Susan,Clark,40,Female,susan.clark674@hotmail.com,(335) 552-9878,2024-05-13,Platinum,Orlando,FL,USA,Paid Social,True
510515,Edward,Nelson,55,Male,edward.nelson288@gmail.com,(626) 824-1346,2025-01-23,Bronze,Philadelphia,PA,USA,Direct,True
511311,Elizabeth,White,36,Female,elizabeth.white428@hotmail.com,(813) 642-3182,2025-04-15,Silver,Melbourne,VIC,Australia,Direct,True
512600,Michelle,White,54,Female,michelle.white419@hotmail.com,,2023-12-15,Silver,Phoenix,AZ,USA,Affiliate,True
512617,Nicholas,Clark,35,Male,nicholas.clark595@icloud.com,(934) 282-6936,2025-07-03,Gold,Toronto,ON,Canada,Referral,True
512665,Priya,Thompson,47,Female,priya.thompson157@yahoo.com,(344) 492-7362,2025-03-14,Bronze,Chicago,IL,USA,Direct,True
512993,Jennifer,Anderson,44,Female,jennifer.anderson355@icloud.com,(898) 667-5593,2025-07-15,Bronze,London,England,UK,Email Campaign,True
513724,Carlos,Taylor,,Male,carlos.taylor195@icloud.com,(305) 427-1095,2024-09-02,Silver,Charlotte,NC,USA,Email Campaign,True
514284,James,Torres,55,Male,james.torres712@gmail.com,(718) 693-7214,2023-11-17,Gold,Chicago,IL,USA,Organic Search,False
515308,Noah,Martinez,55,Male,noah.martinez925@gmail.com,,2025-06-15,Bronze,New York,NY,USA,Referral,False
515463,Eric,Baker,34,Male,eric.baker304@yahoo.com,(384) 441-3621,2025-07-14,Bronze,Atlanta,GA,USA,Paid Social,False
516216,Anthony,Walker,59,Male,anthony.walker569@yahoo.com,(957) 283-9352,2025-07-21,Silver,Los Angeles,CA,USA,Paid Social,True
516339,Eric,Martinez,49,Male,eric.martinez365@yahoo.com,,2025-10-05,Bronze,Philadelphia,PA,USA,Email Campaign,False
516468,Joseph,Sanchez,46,Male,joseph.sanchez39@hotmail.com,(508) 650-1032,2024-07-17,Silver,Orlando,FL,USA,Paid Social,False
516528,Mateo,Robinson,78,Male,mateo.robinson178@yahoo.com,(901) 290-3622,2025-07-06,Bronze,Phoenix,AZ,USA,Referral,True
519251,Mia,Flores,42,Female,mia.flores859@hotmail.com,(245) 486-7815,2023-09-07,Platinum,Philadelphia,PA,USA,Referral,True
519606,Mia,Miller,34,Female,mia.miller366@icloud.com,(842) 215-5943,2024-01-08,Gold,Miami,FL,USA,Direct,True
520058,Yuki,Lee,56,Female,yuki.lee760@gmail.com,(565) 744-5455,2025-06-25,Silver,San Antonio,TX,USA,Direct,True
520397,Emily,Mitchell,78,Female,emily.mitchell113@hotmail.com,(332) 272-9323,2025-08-15,Bronze,New York,NY,USA,Organic Search,True
522163,Ingrid,Williams,43,Female,ingrid.williams96@hotmail.com,(698) 488-6927,2024-05-28,Silver,Atlanta,GA,USA,Referral,True
522293,Ingrid,Lee,50,,ingrid.lee667@yahoo.com,(635) 754-1323,2023-07-11,Gold,San Francisco,CA,USA,Referral,True
523573,Chen,Garcia,77,Female,chen.garcia424@hotmail.com,(539) 863-7310,2023-10-10,Silver,Chicago,IL,USA,Paid Social,True
523989,Eric,Hill,43,Male,eric.hill806@gmail.com,(596) 338-7144,2024-12-06,Platinum,San Antonio,TX,USA,Email Campaign,False
525803,Daniel,Jackson,49,Male,daniel.jackson651@hotmail.com,(300) 534-3529,2025-01-04,Bronze,Mexico City,CDMX,Mexico,Paid Social,True
526706,Melissa,Singh,78,Female,melissa.singh944@yahoo.com,(372) 226-1844,2023-11-03,Platinum,New York,NY,USA,Paid Social,True
526724,John,Scott,61,Male,john.scott237@yahoo.com,(600) 522-1630,2024-11-30,Bronze,Orlando,FL,USA,Email Campaign,True
527649,Brian,Mitchell,73,Male,brian.mitchell977@gmail.com,(542) 745-9965,2024-10-06,Silver,Boston,MA,USA,Paid Social,False
527694,Charles,Nelson,44,Male,charles.nelson817@gmail.com,(237) 871-4500,2023-10-18,Gold,San Diego,CA,USA,Referral,True
528196,Nancy,Roberts,34,Female,nancy.roberts554@yahoo.com,(510) 547-6266,2024-09-06,Silver,Nashville,TN,USA,Email Campaign,False
529534,Deborah,Brown,53,Female,deborah.brown74@gmail.com,(902) 291-2277,2025-06-28,Bronze,Houston,TX,USA,Referral,False
529908,Jason,Smith,44,Male,jason.smith714@gmail.com,(718) 953-2177,2023-10-12,Gold,Manchester,England,UK,Email Campaign,True
530251,Ashley,Jackson,45,Female,ashley.jackson375@gmail.com,(636) 756-9046,2024-12-02,Bronze,Chicago,IL,USA,Email Campaign,False
531320,Hiroshi,Anderson,40,Male,hiroshi.anderson921@outlook.com,(262) 606-1195,2024-03-25,Bronze,Los Angeles,CA,USA,Direct,False
532647,Chen,Hall,49,Female,chen.hall265@gmail.com,(652) 794-1746,2024-03-02,Gold,Chicago,IL,USA,Email Campaign,True
533723,Sandra,Mitchell,60,Female,sandra.mitchell345@outlook.com,,2023-08-10,Gold,Dallas,TX,USA,Paid Social,True
537642,Ryan,Jackson,40,Non-binary,ryan.jackson95@hotmail.com,(987) 494-6384,2024-05-16,Silver,Phoenix,AZ,USA,Organic Search,True
539241,Mateo,Perez,36,Male,mateo.perez827@gmail.com,(767) 962-7396,2025-10-04,Silver,New York,NY,USA,Paid Social,False
539453,Joseph,Chen,,Male,joseph.chen867@yahoo.com,(397) 388-7864,2024-05-09,Silver,Sydney,NSW,Australia,Paid Social,True
540156,Liam,Miller,58,Male,liam.miller762@yahoo.com,(785) 578-3412,2025-01-16,Bronze,Vancouver,BC,Canada,Paid Social,True
541284,Olivia,Rivera,72,Female,olivia.rivera923@icloud.com,(606) 982-6808,2024-02-12,Bronze,Vancouver,BC,Canada,Paid Social,True
542798,Mateo,Lee,73,Male,mateo.lee906@hotmail.com,(931) 324-6172,2024-04-07,Bronze,Manchester,England,UK,Email Campaign,True
543108,Joseph,Roberts,23,Male,joseph.roberts792@hotmail.com,,2025-07-24,Gold,San Francisco,CA,USA,Organic Search,True
543559,Robert,Rodriguez,35,Male,robert.rodriguez651@icloud.com,(889) 477-8353,2025-04-23,Bronze,Toronto,ON,Canada,Paid Social,True
544221,David,Rodriguez,36,Male,david.rodriguez135@icloud.com,(989) 223-5337,2025-10-17,Bronze,Denver,CO,USA,Direct,True
545164,Donna,Torres,67,Female,donna.torres82@icloud.com,(864) 948-3921,2024-10-19,Silver,Philadelphia,PA,USA,Paid Social,True
545658,Andrew,Clark,26,Male,andrew.clark621@outlook.com,(678) 202-7376,2024-09-09,Gold,Chicago,IL,USA,Affiliate,False
547190,Rebecca,Clark,46,Female,rebecca.clark797@yahoo.com,(524) 344-7805,2023-09-29,Gold,Dallas,TX,USA,Email Campaign,False
547541,Linda,Robinson,53,Female,linda.robinson420@yahoo.com,(706) 292-8817,2025-07-13,Gold,New York,NY,USA,Organic Search,True
548974,Ingrid,Thomas,34,Female,ingrid.thomas36@outlook.com,(673) 728-6320,2024-10-26,Bronze,London,England,UK,Email Campaign,False
549078,Robert,Carter,46,Male,robert.carter669@gmail.com,(756) 389-8665,2025-04-18,Bronze,New York,NY,USA,Direct,True
549826,Noah,Chen,36,Male,noah.chen569@hotmail.com,(533) 453-9157,2024-06-29,Silver,Portland,OR,USA,Referral,False
550369,Sandra,Clark,58,Female,sandra.clark217@icloud.com,,2024-07-27,Silver,Dallas,TX,USA,Influencer,False
550528,Michelle,Sanchez,60,Female,michelle.sanchez38@hotmail.com,(696) 855-1647,2024-04-12,Silver,Chicago,IL,USA,Affiliate,True
552806,Jessica,Mitchell,48,Female,jessica.mitchell458@hotmail.com,(933) 790-2429,2024-08-26,Silver,New York,NY,USA,Paid Social,True
553849,George,Patel,38,Male,george.patel513@hotmail.com,(332) 376-3680,2024-03-31,Gold,Miami,FL,USA,Email Campaign,True
554014,Ashley,Nelson,47,Female,ashley.nelson933@icloud.com,(475) 394-5834,2023-09-18,Gold,Denver,CO,USA,Paid Social,False
554088,Chen,Green,44,Female,chen.green976@hotmail.com,(291) 984-7698,2025-09-28,Bronze,Philadelphia,PA,USA,Referral,False
554360,Donna,Adams,42,Female,donna.adams240@outlook.com,,2025-06-15,Gold,Charlotte,NC,USA,Influencer,False
554597,Nicholas,Martin,50,Male,nicholas.martin127@icloud.com,(284) 465-7234,2024-08-20,Bronze,Orlando,FL,USA,Direct,False
555402,Omar,Hill,50,Male,omar.hill397@outlook.com,(244) 281-8231,2024-06-10,Platinum,Toronto,ON,Canada,Organic Search,True
557252,Barbara,Hall,40,Female,barbara.hall469@outlook.com,(476) 483-3028,2024-04-13,Bronze,Dallas,TX,USA,Paid Social,True
557486,Matthew,Brown,41,,matthew.brown929@outlook.com,(328) 581-6476,2023-09-02,Gold,Montreal,QC,Canada,Organic Search,True
558329,Sofia,Thomas,63,Female,sofia.thomas6@yahoo.com,(447) 673-3732,2024-08-09,Gold,Montreal,QC,Canada,Email Campaign,True
561398,Hiroshi,Carter,57,Male,hiroshi.carter58@outlook.com,(861) 872-6295,2024-08-04,Silver,San Diego,CA,USA,Paid Social,True
561464,Lisa,Flores,34,Female,lisa.flores313@icloud.com,(912) 593-2841,2025-03-02,Silver,Minneapolis,MN,USA,Organic Search,True
562598,Ryan,Allen,61,Male,ryan.allen562@yahoo.com,(360) 276-8037,2025-02-03,Bronze,New York,NY,USA,Paid Social,True
563213,James,Martinez,39,Male,james.martinez548@yahoo.com,(228) 890-9732,2024-08-27,Gold,Philadelphia,PA,USA,Organic Search,True
563896,Robert,Hernandez,52,Male,robert.hernandez264@yahoo.com,(293) 296-8846,2024-03-28,Gold,Vancouver,BC,Canada,Paid Social,True
564162,George,Jones,44,Male,george.jones803@icloud.com,(756) 643-6441,2024-12-23,Bronze,Seattle,WA,USA,Paid Social,True
565788,Margaret,Hill,59,Female,margaret.hill948@gmail.com,,2024-09-16,Bronze,San Jose,CA,USA,Direct,True
566643,Mei,Brown,37,Female,mei.brown871@yahoo.com,,2025-03-22,Platinum,Philadelphia,PA,USA,Affiliate,False
568238,Mei,Jackson,63,Female,mei.jackson469@hotmail.com,(510) 807-7623,2024-04-20,Platinum,New York,NY,USA,Direct,True
568336,Camila,Flores,39,Female,camila.flores230@hotmail.com,(219) 878-4724,2023-12-22,Platinum,Phoenix,AZ,USA,Direct,True
568632,Sofia,Davis,48,Female,sofia.davis305@gmail.com,(447) 775-7281,2025-03-20,Silver,San Antonio,TX,USA,Organic Search,False
570217,Eric,Wilson,45,Male,eric.wilson932@hotmail.com,(331) 968-3682,2023-07-22,Bronze,New York,NY,USA,Paid Social,False
570241,Carlos,White,39,Male,carlos.white26@gmail.com,(573) 750-3296,2023-10-16,Platinum,Austin,TX,USA,Organic Search,True
570736,Joshua,Patel,36,Male,joshua.patel527@yahoo.com,(764) 510-1492,2023-12-31,Silver,Los Angeles,CA,USA,Direct,True
571156,George,Wright,52,Male,george.wright686@gmail.com,(682) 705-4945,2025-07-26,Silver,Atlanta,GA,USA,Direct,True
573309,Jacob,Roberts,38,Male,jacob.roberts430@hotmail.com,(217) 447-7564,2024-11-26,Bronze,Charlotte,NC,USA,Email Campaign,True
573736,Susan,Allen,41,Female,susan.allen527@yahoo.com,(772) 557-7947,2025-07-08,Silver,Mexico City,CDMX,Mexico,Direct,False
576694,Lisa,Garcia,37,Female,lisa.garcia835@outlook.com,(437) 850-3934,2024-01-26,Silver,Houston,TX,USA,Paid Social,True
577420,Jason,White,33,Male,jason.white724@outlook.com,(968) 836-4742,2023-10-18,Gold,San Antonio,TX,USA,Paid Social,True
577652,Emma,Lee,25,Female,emma.lee824@gmail.com,(463) 267-1706,2023-08-13,Platinum,New York,NY,USA,Influencer,True
578841,Daniel,Ramirez,51,Male,daniel.ramirez316@icloud.com,(873) 637-9111,2024-08-28,Silver,Austin,TX,USA,Direct,True
579266,Patricia,Nelson,57,Female,patricia.nelson236@gmail.com,(575) 202-6443,2024-02-07,Bronze,Orlando,FL,USA,Organic Search,True
579494,Kevin,Baker,43,Male,kevin.baker160@hotmail.com,(608) 666-1410,2024-05-08,Silver,San Antonio,TX,USA,Direct,True
581702,Thomas,Green,60,Male,thomas.green430@outlook.com,(247) 538-9331,2023-07-18,Platinum,Miami,FL,USA,Paid Social,True
582249,Chen,Scott,39,,chen.scott279@gmail.com,(653) 739-6819,2023-12-30,Gold,Nashville,TN,USA,Email Campaign,False
582626,Mark,Garcia,47,Male,mark.garcia571@outlook.com,(344) 531-8622,2025-09-24,Silver,Houston,TX,USA,Organic Search,True
583754,James,Kim,78,Male,james.kim585@yahoo.com,(831) 846-9504,2023-07-09,Bronze,Orlando,FL,USA,Direct,False
585787,Ashley,Adams,31,Female,ashley.adams610@gmail.com,(926) 345-8224,2023-11-10,Gold,London,England,UK,Influencer,True
586006,Anthony,Harris,33,Male,anthony.harris684@gmail.com,(359) 467-2088,2023-06-21,Bronze,Dallas,TX,USA,Referral,True
587093,Brian,Miller,39,Male,brian.miller506@icloud.com,(489) 963-1416,2025-07-04,Bronze,Houston,TX,USA,Direct,True
587634,Ryan,Davis,38,Male,ryan.davis299@hotmail.com,(447) 684-9690,2025-05-23,Bronze,San Francisco,CA,USA,Influencer,False
588166,Joseph,Ramirez,35,Male,joseph.ramirez103@outlook.com,(817) 988-5647,2023-12-17,Platinum,New York,NY,USA,Paid Social,True
588665,Anthony,Green,53,Male,anthony.green64@yahoo.com,(688) 945-4900,2023-06-30,Gold,San Francisco,CA,USA,Direct,True
589943,James,Martinez,47,,james.martinez99@hotmail.com,(823) 720-9067,2024-10-23,Bronze,London,England,UK,Email Campaign,True
590119,Patricia,Nguyen,67,Female,patricia.nguyen935@yahoo.com,(445) 743-6574,2025-04-02,Platinum,Portland,OR,USA,Email Campaign,True
590305,Michelle,Perez,39,Female,michelle.perez747@icloud.com,(275) 957-6520,2025-10-22,Bronze,Berlin,Berlin,Germany,Organic Search,True
590356,Fatima,Hill,58,Female,fatima.hill360@gmail.com,(913) 544-3591,2023-06-06,Platinum,Atlanta,GA,USA,Organic Search,True
591396,Liam,Lopez,43,Male,liam.lopez200@outlook.com,(948) 384-4399,2025-08-21,Bronze,Boston,MA,USA,Organic Search,True
591756,Richard,Hall,52,Male,richard.hall165@outlook.com,(703) 951-9318,2023-07-19,Platinum,Philadelphia,PA,USA,Referral,True
591794,Mei,Moore,66,Female,mei.moore109@gmail.com,(684) 926-8241,2025-01-28,Bronze,Los Angeles,CA,USA,Organic Search,False
592322,Wei,Mitchell,47,Male,wei.mitchell701@hotmail.com,(248) 783-8629,2024-03-10,Silver,San Antonio,TX,USA,Direct,False
593374,Linda,Green,30,Female,linda.green391@gmail.com,(230) 506-9888,2023-09-26,Bronze,Philadelphia,PA,USA,Email Campaign,False
594225,Hiroshi,Robinson,51,Non-binary,hiroshi.robinson240@icloud.com,(893) 511-1263,2023-10-12,Silver,Austin,TX,USA,Paid Social,True
597542,Michelle,Wilson,58,Female,michelle.wilson542@outlook.com,(410) 977-6548,2023-07-21,Silver,Montreal,QC,Canada,Direct,True
597561,Mia,Martinez,31,Female,mia.martinez525@outlook.com,(802) 636-8613,2023-10-01,Silver,Atlanta,GA,USA,Direct,False
597740,Donna,Lewis,35,Female,donna.lewis542@icloud.com,(326) 962-5427,2023-06-21,Platinum,Denver,CO,USA,Referral,True
598248,Kevin,Garcia,40,Male,kevin.garcia230@yahoo.com,(703) 853-5522,2024-06-14,Silver,London,England,UK,Direct,True
598590,Laura,Rodriguez,39,Female,laura.rodriguez60@gmail.com,(516) 417-9639,2024-01-06,Gold,Orlando,FL,USA,Paid Social,False
598994,Paul,Hill,63,Male,paul.hill642@gmail.com,(235) 273-2455,2025-03-30,Silver,San Jose,CA,USA,Direct,True
599375,Jennifer,Garcia,51,Female,jennifer.garcia646@hotmail.com,(935) 944-2069,2024-11-27,Bronze,San Jose,CA,USA,Direct,False
599588,Gary,Roberts,32,Male,gary.roberts933@hotmail.com,(951) 392-3595,2024-05-09,Gold,Manchester,England,UK,Affiliate,True
600859,Jessica,Lewis,62,Female,jessica.lewis496@icloud.com,(819) 791-6088,2025-10-26,Bronze,Houston,TX,USA,Organic Search,True
602801,William,Campbell,30,Male,william.campbell189@gmail.com,(275) 906-7676,2024-08-22,Silver,Manchester,England,UK,Organic Search,True
607529,David,Scott,36,Male,david.scott808@hotmail.com,(479) 291-7873,2023-11-16,Platinum,Chicago,IL,USA,Paid Social,True
608217,Lisa,Rodriguez,78,Female,lisa.rodriguez723@outlook.com,(295) 543-8265,2023-11-15,Gold,Montreal,QC,Canada,Email Campaign,False
608288,Nicholas,Flores,36,Male,nicholas.flores437@yahoo.com,(406) 725-8098,2025-04-05,Bronze,Miami,FL,USA,Paid Social,True
608344,George,Carter,,Male,george.carter717@hotmail.com,(639) 621-6259,2023-11-09,Silver,Chicago,IL,USA,Referral,False
609182,John,Martin,34,Male,john.martin32@yahoo.com,(555) 377-8348,2023-09-26,Gold,Miami,FL,USA,Direct,False
610234,Stephanie,Wright,38,Female,stephanie.wright463@icloud.com,(248) 543-6990,2025-05-07,Bronze,Montreal,QC,Canada,Referral,True
611363,Melissa,Scott,39,Female,melissa.scott825@gmail.com,(905) 593-1339,2025-07-20,Silver,Phoenix,AZ,USA,Direct,True
613863,Noah,Jackson,,Male,noah.jackson250@icloud.com,(474) 634-9402,2025-05-22,Silver,Miami,FL,USA,Paid Social,True
614147,Jennifer,Robinson,54,Female,jennifer.robinson178@hotmail.com,(212) 367-2165,2023-12-19,Gold,Vancouver,BC,Canada,Influencer,False
615019,David,Green,42,Male,david.green108@icloud.com,(818) 514-4789,2025-05-23,Silver,Seattle,WA,USA,Direct,False
615126,Joshua,Anderson,49,Male,joshua.anderson320@gmail.com,(395) 278-8981,2025-06-16,Bronze,New York,NY,USA,Paid Social,True
615198,Steven,Mitchell,31,Male,steven.mitchell545@gmail.com,,2025-07-17,Bronze,Las Vegas,NV,USA,Email Campaign,False
616639,Kenneth,Gonzalez,34,Male,kenneth.gonzalez652@hotmail.com,(580) 516-7696,2024-03-21,Gold,Columbus,OH,USA,Paid Social,False
619405,Elizabeth,Martinez,60,,elizabeth.martinez666@icloud.com,(870) 339-7500,2025-10-14,Bronze,Melbourne,VIC,Australia,Direct,True
620174,Ryan,Ramirez,62,Male,ryan.ramirez705@hotmail.com,(855) 487-6909,2025-03-21,Silver,Charlotte,NC,USA,Influencer,False
620849,Ethan,Wright,57,Male,ethan.wright969@outlook.com,(570) 621-9101,2024-08-11,Gold,Seattle,WA,USA,Paid Social,False
621194,Ava,Allen,41,Female,ava.allen980@icloud.com,(340) 203-1692,2025-06-01,Bronze,San Antonio,TX,USA,Organic Search,True
622523,Ashley,Robinson,43,Female,ashley.robinson85@icloud.com,(290) 980-6579,2023-10-29,Silver,Dallas,TX,USA,Email Campaign,True
622527,Barbara,Martinez,42,Female,barbara.martinez787@gmail.com,(522) 460-1437,2025-08-17,Bronze,Las Vegas,NV,USA,Paid Social,True
622669,Mia,White,36,Female,mia.white217@outlook.com,(988) 542-4427,2024-10-04,Silver,Phoenix,AZ,USA,Paid Social,True
625244,Yuki,Taylor,29,Non-binary,yuki.taylor698@outlook.com,,2023-08-28,Platinum,Los Angeles,CA,USA,Organic Search,False
628425,Jason,Harris,28,Male,jason.harris15@yahoo.com,(246) 624-9762,2025-10-29,Gold,Austin,TX,USA,Affiliate,True
628444,Patricia,Flores,45,Female,patricia.flores856@icloud.com,(742) 801-2760,2025-06-21,Platinum,Atlanta,GA,USA,Direct,False
629305,Liam,Singh,59,Male,liam.singh772@hotmail.com,(930) 516-7881,2024-06-08,Silver,New York,NY,USA,Paid Social,True
629455,Brian,Clark,59,Male,brian.clark602@hotmail.com,(754) 888-5646,2025-01-27,Silver,Dallas,TX,USA,Paid Social,True
630731,Stephanie,Kim,67,Female,stephanie.kim245@icloud.com,,2024-08-06,Bronze,Sydney,NSW,Australia,Email Campaign,False
630889,Mateo,Lewis,46,Male,mateo.lewis534@icloud.com,(893) 372-2554,2024-06-13,Bronze,Seattle,WA,USA,Paid Social,True
631391,Elizabeth,Lee,39,Female,elizabeth.lee824@icloud.com,(511) 509-4405,2023-08-16,Gold,Houston,TX,USA,Referral,True
631761,Karen,Anderson,60,Female,karen.anderson800@icloud.com,(641) 521-8628,2025-02-28,Bronze,Atlanta,GA,USA,Affiliate,True
632716,Joshua,Nelson,53,Male,joshua.nelson767@icloud.com,(878) 748-6201,2025-01-30,Silver,San Antonio,TX,USA,Organic Search,True
634127,Sandra,Patel,26,Female,sandra.patel894@icloud.com,(547) 590-6618,2025-04-09,Silver,Chicago,IL,USA,Direct,True
634704,Michael,Nelson,47,Male,michael.nelson331@hotmail.com,(465) 294-4940,2024-01-30,Silver,Sydney,NSW,Australia,Referral,False
636120,Yuki,Jackson,68,Female,yuki.jackson895@gmail.com,(729) 997-1176,2024-10-19,Silver,Los Angeles,CA,USA,Paid Social,True
636916,Daniel,Rivera,48,Male,daniel.rivera275@gmail.com,(338) 534-3514,2024-05-09,Gold,Chicago,IL,USA,Direct,True
637499,Margaret,Singh,39,Female,margaret.singh137@gmail.com,(795) 841-1343,2025-03-12,Gold,San Antonio,TX,USA,Organic Search,False
638422,Amanda,Lewis,70,Female,amanda.lewis183@gmail.com,(661) 994-4008,2025-10-31,Silver,Austin,TX,USA,Paid Social,True
639080,Fatima,Taylor,55,Female,fatima.taylor121@yahoo.com,(646) 828-2648,2025-08-21,Bronze,Austin,TX,USA,Organic Search,False
639465,Mia,Thomas,48,Female,mia.thomas764@outlook.com,(901) 986-6239,2025-01-05,Bronze,Montreal,QC,Canada,Organic Search,True
641395,Olivia,Baker,27,Female,olivia.baker992@yahoo.com,(824) 430-7404,2024-07-16,Bronze,Vancouver,BC,Canada,Influencer,True
642033,Mary,Scott,50,Female,mary.scott345@hotmail.com,(873) 682-3665,2024-02-19,Silver,Sydney,NSW,Australia,Referral,False
642490,Omar,Johnson,36,Male,omar.johnson525@icloud.com,(916) 584-5673,2024-01-22,Gold,Sydney,NSW,Australia,Referral,True
643532,Elizabeth,Wilson,51,Female,elizabeth.wilson146@icloud.com,,2023-06-19,Gold,Chicago,IL,USA,Organic Search,False
645104,Sarah,Sanchez,28,Female,sarah.sanchez941@outlook.com,(996) 375-3077,2024-04-03,Gold,Miami,FL,USA,Paid Social,True
645241,Emma,Jones,44,Female,emma.jones53@hotmail.com,(434) 646-3061,2025-05-18,Bronze,Toronto,ON,Canada,Paid Social,True
645986,Ryan,Lewis,45,Non-binary,ryan.lewis105@outlook.com,(626) 512-5196,2023-07-16,Platinum,Houston,TX,USA,Direct,True
649861,Nicholas,Johnson,56,Male,nicholas.johnson762@hotmail.com,(357) 371-2938,2025-09-21,Bronze,Melbourne,VIC,Australia,Organic Search,True
650325,Omar,Lewis,,Male,omar.lewis288@hotmail.com,(504) 645-6610,2024-10-07,Platinum,Austin,TX,USA,Organic Search,True
650758,Betty,Kim,50,Female,betty.kim956@icloud.com,,2025-02-24,Bronze,Mexico City,CDMX,Mexico,Organic Search,False
651264,Camila,Jackson,36,Female,camila.jackson983@gmail.com,(538) 660-1005,2023-08-10,Silver,Sydney,NSW,Australia,Referral,True
652739,Yuki,Rodriguez,46,Female,yuki.rodriguez447@hotmail.com,(913) 319-2320,2023-06-28,Gold,Philadelphia,PA,USA,Email Campaign,True
652761,Ronald,Hall,73,Male,ronald.hall397@icloud.com,(744) 614-3852,2024-04-28,Bronze,Charlotte,NC,USA,Affiliate,False
653198,Michael,Flores,55,Male,michael.flores254@yahoo.com,(427) 855-3806,2025-01-21,Bronze,Miami,FL,USA,Affiliate,False
654364,Steven,Davis,53,Non-binary,steven.davis610@hotmail.com,(395) 364-6156,2025-07-20,Bronze,Boston,MA,USA,Referral,False
654409,Jennifer,Roberts,43,Non-binary,jennifer.roberts559@gmail.com,(423) 344-5933,2024-04-21,Silver,Miami,FL,USA,Referral,False
654615,Mei,Scott,55,Female,mei.scott754@gmail.com,(249) 475-6880,2024-04-01,Silver,Chicago,IL,USA,Referral,False
654970,Chen,Rodriguez,54,Female,chen.rodriguez934@icloud.com,(286) 707-8704,2023-08-23,Silver,Mexico City,CDMX,Mexico,Email Campaign,True
659264,Hiroshi,Lee,34,Male,hiroshi.lee766@icloud.com,(779) 378-2055,2025-04-09,Bronze,New York,NY,USA,Direct,False
659481,Stephanie,Miller,58,Female,stephanie.miller560@outlook.com,(829) 448-4901,2025-07-04,Bronze,Austin,TX,USA,Paid Social,True
660873,Kevin,Miller,28,Male,kevin.miller527@hotmail.com,(741) 686-1212,2023-09-23,Bronze,Dallas,TX,USA,Direct,True
663408,Mei,Sanchez,62,Female,mei.sanchez705@gmail.com,(997) 744-5961,2025-09-06,Bronze,Seattle,WA,USA,Influencer,False
664100,Margaret,Hernandez,55,Female,margaret.hernandez267@outlook.com,(761) 354-6736,2024-12-17,Bronze,New York,NY,USA,Influencer,False
664785,Wei,Miller,45,Male,wei.miller523@hotmail.com,(802) 604-7811,2025-05-08,Bronze,Chicago,IL,USA,Paid Social,False
665395,Charles,Garcia,46,Male,charles.garcia975@yahoo.com,(269) 378-7989,2025-07-02,Gold,Boston,MA,USA,Paid Social,False
666211,Rebecca,Lee,40,Female,rebecca.lee512@hotmail.com,(656) 228-3793,2024-06-19,Silver,Seattle,WA,USA,Email Campaign,False
666744,Michael,White,32,Male,michael.white428@gmail.com,(549) 744-7219,2025-06-19,Gold,Denver,CO,USA,Affiliate,True
666934,Gary,Ramirez,38,Male,gary.ramirez972@outlook.com,(212) 636-7344,2024-02-29,Gold,Houston,TX,USA,Direct,True
667890,Yuki,Garcia,78,Female,yuki.garcia729@hotmail.com,(849) 235-9326,2024-03-31,Silver,Houston,TX,USA,Affiliate,False
669408,Andrew,King,64,Male,andrew.king290@hotmail.com,,2025-01-05,Bronze,Detroit,MI,USA,Paid Social,True
670233,Wei,Baker,56,Male,wei.baker850@yahoo.com,(643) 708-2699,2024-07-15,Bronze,Houston,TX,USA,Organic Search,True
670537,Deborah,Harris,31,Female,deborah.harris82@gmail.com,(363) 861-7238,2025-08-18,Bronze,Atlanta,GA,USA,Referral,True
670693,Andrew,Perez,44,Male,andrew.perez844@gmail.com,(500) 821-9225,2024-11-02,Silver,Houston,TX,USA,Influencer,True
670883,Susan,Moore,39,Female,susan.moore478@icloud.com,(341) 611-4234,2024-08-09,Silver,Chicago,IL,USA,Paid Social,True
670928,Steven,Campbell,48,Male,steven.campbell226@yahoo.com,(959) 724-4948,2025-05-08,Silver,Manchester,England,UK,Email Campaign,True
671138,Andrew,Williams,,Male,andrew.williams997@yahoo.com,(651) 343-7335,2024-11-19,Gold,Mexico City,CDMX,Mexico,Paid Social,True
672388,Kimberly,Clark,50,Female,kimberly.clark176@hotmail.com,(250) 455-8695,2023-09-15,Platinum,Atlanta,GA,USA,Referral,True
672511,Anthony,Smith,50,Male,anthony.smith190@gmail.com,(503) 764-6567,2023-08-19,Gold,Phoenix,AZ,USA,Affiliate,True
672715,Wei,Jones,52,Male,wei.jones803@outlook.com,(442) 727-7763,2025-07-24,Bronze,San Diego,CA,USA,Organic Search,True
673226,Mia,Baker,43,Female,mia.baker70@outlook.com,(359) 228-7747,2025-10-07,Bronze,Philadelphia,PA,USA,Organic Search,True
675360,Emma,Rodriguez,70,Female,emma.rodriguez807@gmail.com,(628) 952-4135,2024-06-05,Bronze,Houston,TX,USA,Influencer,False
677977,James,Hill,60,Male,james.hill179@hotmail.com,(594) 736-9998,2024-12-07,Silver,Chicago,IL,USA,Email Campaign,True
678032,Robert,Ramirez,42,Male,robert.ramirez593@yahoo.com,(756) 559-3567,2024-11-18,Gold,Toronto,ON,Canada,Referral,True
678850,Brian,Adams,57,Male,brian.adams974@outlook.com,(521) 964-5691,2025-01-21,Gold,Chicago,IL,USA,Paid Social,True
683142,Priya,Brown,56,Female,priya.brown609@gmail.com,(488) 600-5816,2024-06-08,Gold,Detroit,MI,USA,Affiliate,True
684266,Andrew,Flores,68,Male,andrew.flores181@hotmail.com,(408) 696-9959,2023-07-28,Gold,Manchester,England,UK,Organic Search,False
684370,Joshua,Davis,57,Male,joshua.davis576@icloud.com,,2025-07-26,Silver,Chicago,IL,USA,Direct,True
684997,Sandra,Jones,78,Female,sandra.jones37@outlook.com,(647) 823-8634,2023-08-15,Silver,New York,NY,USA,Organic Search,True
686412,Gary,Nguyen,65,Male,gary.nguyen897@outlook.com,(362) 245-1343,2023-06-27,Bronze,New York,NY,USA,Direct,True
686576,Mia,Lopez,65,Female,mia.lopez45@yahoo.com,(286) 665-6705,2023-07-04,Gold,Austin,TX,USA,Organic Search,True
687100,Ashley,Walker,28,Female,ashley.walker974@icloud.com,(638) 531-8043,2023-12-13,Bronze,Phoenix,AZ,USA,Affiliate,False
687179,Mei,Moore,40,Female,mei.moore771@icloud.com,(680) 768-2288,2024-01-23,Platinum,Sydney,NSW,Australia,Influencer,True
688411,Charles,Lopez,29,Male,charles.lopez303@gmail.com,(893) 988-8339,2024-01-24,Silver,New York,NY,USA,Email Campaign,True
688461,Charles,Wilson,42,Male,charles.wilson444@outlook.com,(338) 544-3291,2024-08-23,Gold,Montreal,QC,Canada,Organic Search,True
690537,Omar,Ramirez,54,Male,omar.ramirez872@yahoo.com,,2025-05-07,Bronze,Atlanta,GA,USA,Email Campaign,True
691898,Raj,Wright,60,Male,raj.wright560@outlook.com,(854) 720-3169,2025-05-21,Bronze,Houston,TX,USA,Direct,False
693028,Edward,Williams,43,Male,edward.williams899@yahoo.com,(726) 396-6512,2024-08-10,Gold,Denver,CO,USA,Direct,False
694046,Eric,Allen,43,Male,eric.allen383@gmail.com,(257) 469-7376,2024-06-02,Silver,Denver,CO,USA,Organic Search,False
695078,Linda,Anderson,38,Female,linda.anderson347@yahoo.com,(859) 746-3893,2023-06-21,Gold,San Jose,CA,USA,Email Campaign,False
695165,Jason,Rodriguez,56,Male,jason.rodriguez7@outlook.com,(407) 379-2767,2023-12-28,Gold,New York,NY,USA,Organic Search,False
696209,Steven,Anderson,52,Male,steven.anderson69@outlook.com,(367) 935-8615,2025-10-14,Bronze,Minneapolis,MN,USA,Referral,False
696461,Kenneth,Sanchez,58,Male,kenneth.sanchez161@outlook.com,(654) 609-5630,2024-04-29,Bronze,San Diego,CA,USA,Paid Social,True
696858,Hiroshi,Harris,53,Male,hiroshi.harris939@outlook.com,(922) 969-3765,2024-08-24,Platinum,Seattle,WA,USA,Influencer,True
697324,John,King,31,Male,john.king285@outlook.com,(804) 587-3835,2024-03-02,Bronze,Boston,MA,USA,Organic Search,True
697772,Matthew,Clark,31,Male,matthew.clark495@icloud.com,(771) 388-4502,2024-12-06,Gold,Boston,MA,USA,Paid Social,False
698930,David,Martin,39,Male,david.martin200@hotmail.com,,2023-09-05,Gold,Toronto,ON,Canada,Email Campaign,True
698997,Sarah,Jackson,46,Female,sarah.jackson918@outlook.com,(663) 865-8885,2025-02-12,Bronze,Minneapolis,MN,USA,Influencer,True
699053,Andrew,Thomas,59,Male,andrew.thomas604@gmail.com,(666) 599-3641,2023-06-16,Silver,San Francisco,CA,USA,Paid Social,False
700975,Brian,Robinson,51,Male,brian.robinson726@icloud.com,(822) 953-1952,2024-12-16,Bronze,Detroit,MI,USA,Affiliate,True
702122,George,White,50,Male,george.white11@gmail.com,(603) 898-4500,2024-05-08,Silver,Manchester,England,UK,Email Campaign,True
702215,John,Adams,46,Male,john.adams744@icloud.com,(218) 432-4090,2023-08-30,Gold,Los Angeles,CA,USA,Organic Search,True
703517,Richard,Rodriguez,52,Male,richard.rodriguez315@outlook.com,(519) 915-5922,2025-06-11,Bronze,Los Angeles,CA,USA,Email Campaign,True
703529,Mei,Robinson,52,Female,mei.robinson1@icloud.com,(461) 272-1446,2025-02-13,Platinum,Philadelphia,PA,USA,Paid Social,False
703930,Jessica,Hill,78,Female,jessica.hill635@icloud.com,(351) 912-3565,2024-09-21,Platinum,Mexico City,CDMX,Mexico,Referral,True
704552,Barbara,Wright,44,Female,barbara.wright996@icloud.com,(433) 947-5073,2024-12-27,Bronze,New York,NY,USA,Influencer,True
709428,Robert,Garcia,,Male,robert.garcia894@gmail.com,(744) 612-9718,2024-01-22,Platinum,Portland,OR,USA,Organic Search,True
709481,Fatima,Scott,48,Female,fatima.scott252@gmail.com,(939) 398-5260,2024-04-20,Gold,London,England,UK,Paid Social,False
709496,Wei,Miller,46,Male,wei.miller948@icloud.com,(762) 617-3852,2024-03-22,Silver,Las Vegas,NV,USA,Referral,False
711151,Mei,Thompson,44,Female,mei.thompson688@icloud.com,(255) 469-8973,2024-03-02,Gold,Philadelphia,PA,USA,Referral,False
712336,Michael,Adams,46,Male,michael.adams343@yahoo.com,(879) 607-9685,2024-05-04,Gold,Chicago,IL,USA,Influencer,True
712536,Stephanie,Smith,43,Female,stephanie.smith127@outlook.com,(605) 540-2107,2024-12-03,Bronze,Phoenix,AZ,USA,Organic Search,False
713629,Margaret,Adams,37,Female,margaret.adams862@outlook.com,(522) 374-2226,2024-11-23,Gold,Dallas,TX,USA,Referral,True
714101,Richard,Singh,41,Male,richard.singh700@icloud.com,(332) 960-4267,2024-04-13,Gold,New York,NY,USA,Organic Search,True
714776,Thomas,Hill,45,Male,thomas.hill774@yahoo.com,(709) 268-6456,2025-07-27,Bronze,Seattle,WA,USA,Direct,True
715917,Susan,White,50,Female,susan.white136@outlook.com,(218) 454-7212,2025-02-28,Bronze,Las Vegas,NV,USA,Paid Social,False
716918,Patricia,Patel,40,Female,patricia.patel7@outlook.com,(400) 482-6463,2023-09-01,Silver,San Francisco,CA,USA,Organic Search,False
717194,Patricia,Ramirez,44,Female,patricia.ramirez961@yahoo.com,(864) 614-8327,2023-09-19,Silver,Dallas,TX,USA,Paid Social,False
717284,David,Young,52,Male,david.young638@hotmail.com,(277) 599-4853,2024-07-08,Silver,Sydney,NSW,Australia,Direct,True
717340,Mei,Nguyen,47,Female,mei.nguyen902@yahoo.com,(678) 660-4753,2023-06-19,Silver,Atlanta,GA,USA,Organic Search,True
720159,Carlos,Ramirez,33,Male,carlos.ramirez679@hotmail.com,(550) 588-5177,2024-09-19,Platinum,New York,NY,USA,Email Campaign,False
721746,Camila,Robinson,47,Female,camila.robinson204@icloud.com,(805) 437-5742,2025-08-12,Silver,Los Angeles,CA,USA,Paid Social,True
724434,Sandra,Nguyen,35,Non-binary,sandra.nguyen663@hotmail.com,(399) 769-1716,2025-02-26,Silver,Detroit,MI,USA,Referral,False
725085,Emily,Jones,50,Female,emily.jones442@icloud.com,(547) 564-5477,2025-04-20,Bronze,Las Vegas,NV,USA,Direct,False
726119,Ethan,Adams,43,Male,ethan.adams144@yahoo.com,(605) 590-6748,2024-07-23,Silver,London,England,UK,Organic Search,True
726518,Ashley,Gonzalez,60,Female,ashley.gonzalez23@gmail.com,(354) 444-3442,2023-08-06,Gold,Nashville,TN,USA,Referral,False
726938,Priya,Campbell,78,Female,priya.campbell312@gmail.com,(948) 935-8258,2023-11-23,Gold,New York,NY,USA,Direct,False
727548,Jacob,Flores,44,Male,jacob.flores227@hotmail.com,(756) 737-5748,2024-05-15,Silver,Los Angeles,CA,USA,Paid Social,True
728214,Sandra,Roberts,69,Female,sandra.roberts83@yahoo.com,(435) 904-1271,2023-09-12,Silver,Detroit,MI,USA,Paid Social,True
729178,Hiroshi,Anderson,33,Male,hiroshi.anderson965@gmail.com,(546) 778-9658,2024-08-17,Platinum,Toronto,ON,Canada,Direct,False
729597,Raj,Ramirez,50,Male,raj.ramirez947@yahoo.com,(717) 582-3402,2024-11-07,Bronze,New York,NY,USA,Email Campaign,False
729750,Carlos,Flores,45,Male,carlos.flores240@icloud.com,(811) 206-1781,2024-06-12,Platinum,Houston,TX,USA,Email Campaign,True
729799,Priya,King,43,Female,priya.king859@hotmail.com,(354) 571-4337,2024-01-20,Silver,Philadelphia,PA,USA,Direct,True
731788,Joshua,Mitchell,48,Male,joshua.mitchell908@outlook.com,(613) 241-6745,2025-08-01,Bronze,Sydney,NSW,Australia,Organic Search,True
733081,Rebecca,Patel,45,Female,rebecca.patel352@icloud.com,,2024-12-21,Bronze,Toronto,ON,Canada,Email Campaign,True
734020,Gary,Martin,78,Male,gary.martin97@outlook.com,(727) 678-7940,2023-07-12,Platinum,Atlanta,GA,USA,Paid Social,True
737806,Edward,Robinson,43,Male,edward.robinson573@outlook.com,(451) 321-4188,2023-07-03,Gold,San Diego,CA,USA,Affiliate,False
738553,Ava,Johnson,43,Female,ava.johnson127@outlook.com,(787) 373-2081,2025-01-20,Platinum,Detroit,MI,USA,Referral,True
738836,David,Clark,46,Male,david.clark795@yahoo.com,(790) 950-7325,2024-05-21,Silver,Phoenix,AZ,USA,Email Campaign,True
743457,Barbara,Williams,34,Female,barbara.williams816@hotmail.com,(619) 314-6485,2024-12-21,Platinum,Toronto,ON,Canada,Direct,True
744635,Ethan,Kim,60,Male,ethan.kim242@gmail.com,(516) 901-2041,2025-03-16,Silver,Toronto,ON,Canada,Referral,True
744761,Isabella,King,28,Female,isabella.king103@outlook.com,,2025-10-16,Bronze,Los Angeles,CA,USA,Organic Search,True
745022,Sandra,Nelson,33,Female,sandra.nelson868@outlook.com,(606) 850-6777,2025-05-08,Silver,Portland,OR,USA,Affiliate,True
745821,Mia,Young,31,Female,mia.young849@yahoo.com,(927) 515-5665,2025-05-13,Silver,New York,NY,USA,Influencer,True
746966,Jason,King,61,Male,jason.king212@hotmail.com,(606) 815-5223,2025-05-25,Bronze,Austin,TX,USA,Email Campaign,False
747497,Nicholas,King,65,Male,nicholas.king152@outlook.com,(852) 487-2260,2023-08-05,Silver,Austin,TX,USA,Influencer,False
748894,Kevin,Nelson,37,Male,kevin.nelson748@hotmail.com,(952) 375-4993,2024-03-21,Bronze,Miami,FL,USA,Influencer,False
748905,Mary,Nelson,72,Female,mary.nelson182@outlook.com,(668) 717-8028,2025-03-28,Silver,San Antonio,TX,USA,Influencer,False
749451,George,Scott,65,Male,george.scott201@outlook.com,(912) 916-2614,2023-12-15,Silver,Los Angeles,CA,USA,Organic Search,False
749526,Andrew,Hall,38,Male,andrew.hall508@icloud.com,(749) 209-4211,2024-10-18,Bronze,Houston,TX,USA,Paid Social,False
750176,Aaliyah,Roberts,61,Female,aaliyah.roberts397@icloud.com,(473) 779-9726,2024-07-22,Silver,New York,NY,USA,Email Campaign,False
750599,Ryan,Harris,39,Male,ryan.harris404@outlook.com,(481) 286-8079,2024-04-17,Silver,Los Angeles,CA,USA,Paid Social,True
750843,Chen,Nguyen,42,Female,chen.nguyen609@gmail.com,(988) 283-2586,2023-09-03,Gold,New York,NY,USA,Referral,True
752908,Melissa,Taylor,42,Female,melissa.taylor108@hotmail.com,(740) 835-8906,2023-11-30,Platinum,Manchester,England,UK,Email Campaign,True
753798,Elizabeth,Roberts,46,Female,elizabeth.roberts218@yahoo.com,(366) 719-5809,2024-11-16,Gold,Phoenix,AZ,USA,Paid Social,False
754764,Emma,Thomas,74,,emma.thomas632@icloud.com,(721) 308-7454,2024-01-18,Bronze,Chicago,IL,USA,Direct,True
755732,Ashley,Thompson,38,Female,ashley.thompson884@gmail.com,(614) 381-8284,2025-09-30,Bronze,Las Vegas,NV,USA,Affiliate,False
756541,Thomas,Sanchez,58,Male,thomas.sanchez89@yahoo.com,(313) 471-7026,2024-06-11,Silver,Mexico City,CDMX,Mexico,Organic Search,False
756766,Kenneth,Nelson,44,Male,kenneth.nelson328@hotmail.com,(869) 694-2199,2023-07-27,Bronze,Detroit,MI,USA,Direct,True
757288,Camila,Baker,38,Female,camila.baker231@icloud.com,(795) 425-2797,2023-07-31,Bronze,Detroit,MI,USA,Affiliate,True
761074,Kevin,Davis,68,,kevin.davis201@gmail.com,(715) 848-3352,2025-04-14,Bronze,Austin,TX,USA,Paid Social,False
761154,Richard,Wright,35,Male,richard.wright52@hotmail.com,(284) 714-5722,2024-09-07,Gold,Portland,OR,USA,Email Campaign,False
761450,Michael,Clark,58,Male,michael.clark466@gmail.com,(960) 849-5086,2024-07-24,Bronze,San Francisco,CA,USA,Organic Search,False
762085,Priya,Campbell,33,Female,priya.campbell251@outlook.com,(933) 957-4788,2024-07-08,Bronze,Berlin,Berlin,Germany,Referral,True
762495,Jeffrey,Jackson,53,Male,jeffrey.jackson225@outlook.com,(750) 836-5826,2024-01-03,Platinum,Phoenix,AZ,USA,Organic Search,True
762648,Lisa,Jones,55,Female,lisa.jones364@hotmail.com,(926) 535-5465,2025-09-22,Gold,Detroit,MI,USA,Organic Search,False
762977,Sofia,Kim,58,Female,sofia.kim612@gmail.com,(723) 610-8282,2024-12-30,Silver,Las Vegas,NV,USA,Referral,True
763562,Kenneth,Martinez,74,Male,kenneth.martinez744@gmail.com,(886) 547-8185,2024-11-27,Silver,Houston,TX,USA,Direct,False
764101,Karen,Anderson,78,Female,karen.anderson719@yahoo.com,(375) 330-1852,2025-01-21,Bronze,San Jose,CA,USA,Direct,True
764214,James,Flores,49,Male,james.flores87@outlook.com,(851) 355-2666,2023-08-24,Silver,Austin,TX,USA,Organic Search,False
764258,Richard,Robinson,55,Male,richard.robinson447@icloud.com,(799) 260-8187,2023-11-10,Silver,San Jose,CA,USA,Direct,False
764665,Ashley,Nelson,,Female,ashley.nelson994@outlook.com,(518) 835-8600,2023-08-06,Silver,Columbus,OH,USA,Affiliate,True
764844,Mark,Jackson,52,Male,mark.jackson735@hotmail.com,(774) 441-3249,2023-11-20,Platinum,Denver,CO,USA,Referral,True
768338,Sandra,Johnson,71,Female,sandra.johnson953@yahoo.com,(715) 560-7097,2023-06-05,Gold,Miami,FL,USA,Organic Search,True
769586,James,Thomas,59,Male,james.thomas925@outlook.com,(675) 773-1366,2023-08-17,Platinum,Nashville,TN,USA,Organic Search,False
770577,Chen,Hall,36,Female,chen.hall528@gmail.com,(889) 266-8597,2024-02-02,Silver,Austin,TX,USA,Paid Social,True
771048,Richard,Perez,57,Male,richard.perez623@gmail.com,(235) 707-2031,2025-03-17,Silver,San Antonio,TX,USA,Paid Social,False
771609,Chen,Baker,44,Female,chen.baker748@outlook.com,(819) 256-5666,2025-01-11,Silver,Denver,CO,USA,Influencer,True
771645,Sofia,Allen,48,Female,sofia.allen508@icloud.com,(743) 971-8212,2024-05-17,Silver,Las Vegas,NV,USA,Organic Search,True
773267,Kenneth,Kim,38,Male,kenneth.kim232@outlook.com,(777) 433-1201,2024-09-27,Gold,Berlin,Berlin,Germany,Organic Search,False
773540,Steven,Baker,43,Male,steven.baker420@yahoo.com,(903) 780-9127,2024-01-07,Bronze,Columbus,OH,USA,Direct,True
774402,Omar,Miller,42,Male,omar.miller967@gmail.com,(760) 283-6115,2023-10-16,Gold,Minneapolis,MN,USA,Paid Social,True
777635,Linda,Jackson,48,Female,linda.jackson71@outlook.com,(827) 700-6556,2023-09-25,Silver,Chicago,IL,USA,Direct,False
781167,William,Green,46,Male,william.green648@yahoo.com,,2024-08-28,Bronze,Atlanta,GA,USA,Direct,True
781551,Michelle,Miller,44,Female,michelle.miller856@yahoo.com,(558) 304-4327,2024-06-08,Bronze,New York,NY,USA,Organic Search,True
782085,Andrew,Taylor,39,Male,andrew.taylor629@icloud.com,(633) 430-5053,2024-07-14,Silver,Houston,TX,USA,Affiliate,True
783187,Melissa,Wilson,54,Female,melissa.wilson564@gmail.com,(482) 551-2690,2023-09-12,Silver,Dallas,TX,USA,Paid Social,True
784274,Nancy,Lewis,,Female,nancy.lewis155@icloud.com,(375) 252-7647,2023-06-03,Platinum,Chicago,IL,USA,Email Campaign,True
786081,Donna,Ramirez,45,Female,donna.ramirez497@icloud.com,(544) 527-9410,2024-12-27,Bronze,Las Vegas,NV,USA,Referral,True
787199,Matthew,Torres,74,Non-binary,matthew.torres842@icloud.com,(592) 311-4478,2025-03-13,Silver,London,England,UK,Influencer,False
787311,Paul,Rivera,48,Male,paul.rivera151@hotmail.com,(888) 618-2577,2024-07-20,Silver,Phoenix,AZ,USA,Organic Search,True
787831,Jessica,Robinson,39,Female,jessica.robinson246@yahoo.com,(689) 661-8318,2023-07-21,Platinum,San Antonio,TX,USA,Referral,False
788240,Hiroshi,Kim,49,Non-binary,hiroshi.kim342@outlook.com,(454) 562-7525,2023-07-26,Silver,Houston,TX,USA,Organic Search,False
789126,Joshua,Chen,52,Male,joshua.chen348@hotmail.com,(425) 348-5448,2024-12-29,Bronze,Miami,FL,USA,Email Campaign,True
789391,Sarah,Miller,64,Female,sarah.miller173@hotmail.com,(423) 482-9476,2025-01-26,Gold,Miami,FL,USA,Paid Social,True
790359,Priya,Lopez,47,Female,priya.lopez356@gmail.com,(978) 342-4756,2023-09-01,Bronze,Sydney,NSW,Australia,Direct,False
791259,Sofia,Hill,47,Female,sofia.hill86@gmail.com,(806) 775-5103,2025-06-12,Platinum,New York,NY,USA,Paid Social,True
792986,Jennifer,Roberts,44,Female,jennifer.roberts112@gmail.com,(250) 391-3473,2024-12-18,Bronze,Austin,TX,USA,Organic Search,True
793158,Charles,Nelson,39,Male,charles.nelson926@outlook.com,(425) 993-3160,2024-04-04,Gold,Chicago,IL,USA,Referral,True
793758,Sofia,Flores,49,Female,sofia.flores35@icloud.com,(487) 445-8455,2023-06-09,Silver,Charlotte,NC,USA,Organic Search,True
794324,Linda,White,50,Female,linda.white583@yahoo.com,(474) 498-4937,2024-11-24,Gold,San Jose,CA,USA,Email Campaign,False
794791,Mateo,Rivera,70,Male,mateo.rivera51@gmail.com,(369) 900-5767,2023-12-08,Silver,San Francisco,CA,USA,Organic Search,False
795787,Nicholas,Singh,45,Male,nicholas.singh587@yahoo.com,(538) 329-1037,2023-08-10,Gold,London,England,UK,Paid Social,False
796682,Betty,Mitchell,,Female,betty.mitchell529@icloud.com,(383) 258-5688,2024-10-02,Silver,Philadelphia,PA,USA,Affiliate,True
798962,Kimberly,Wilson,47,Female,kimberly.wilson244@gmail.com,(845) 229-6634,2025-03-18,Silver,Phoenix,AZ,USA,Affiliate,False
799198,Robert,Patel,33,Male,robert.patel220@gmail.com,,2025-09-30,Bronze,Miami,FL,USA,Paid Social,False
799804,Karen,Kim,39,Female,karen.kim103@yahoo.com,(921) 842-3063,2025-03-14,Bronze,Minneapolis,MN,USA,Direct,True
800045,Anthony,Thompson,74,Male,anthony.thompson620@hotmail.com,(302) 413-1624,2024-02-09,Bronze,New York,NY,USA,Paid Social,True
800259,Kevin,Thompson,62,Male,kevin.thompson137@yahoo.com,(684) 397-7520,2025-03-07,Bronze,New York,NY,USA,Organic Search,True
800785,Jessica,Williams,50,Female,jessica.williams985@icloud.com,(648) 664-9825,2024-07-06,Silver,Denver,CO,USA,Organic Search,False
801215,Paul,Patel,45,Male,paul.patel892@icloud.com,(838) 993-4530,2024-08-29,Silver,New York,NY,USA,Referral,True
801630,Jeffrey,Torres,32,Male,jeffrey.torres625@icloud.com,(784) 540-7842,2024-08-15,Silver,San Antonio,TX,USA,Email Campaign,True
801962,Carlos,Nguyen,37,Male,carlos.nguyen383@outlook.com,,2025-10-05,Bronze,Los Angeles,CA,USA,Organic Search,False
802087,Ashley,Lewis,48,Female,ashley.lewis442@outlook.com,(720) 944-5776,2025-07-21,Silver,Austin,TX,USA,Influencer,True
802647,Rebecca,Jackson,39,Female,rebecca.jackson262@icloud.com,(433) 259-7812,2023-11-01,Silver,Detroit,MI,USA,Direct,True
803012,Deborah,Martin,38,Female,deborah.martin110@hotmail.com,(508) 788-5679,2025-10-24,Bronze,San Diego,CA,USA,Paid Social,False
803895,John,Chen,28,Male,john.chen991@hotmail.com,(219) 549-2623,2025-10-30,Bronze,Phoenix,AZ,USA,Paid Social,True
804118,Jeffrey,Martin,53,Male,jeffrey.martin162@outlook.com,(660) 991-6789,2023-08-28,Gold,Manchester,England,UK,Paid Social,True
804849,Mark,Young,28,Male,mark.young539@outlook.com,(326) 577-1951,2023-10-05,Bronze,Nashville,TN,USA,Email Campaign,True
805419,Sofia,Nguyen,35,Female,sofia.nguyen887@hotmail.com,(935) 515-1891,2024-12-15,Bronze,San Francisco,CA,USA,Organic Search,False
805607,Lisa,Torres,68,Female,lisa.torres523@gmail.com,(691) 754-3661,2025-10-30,Bronze,Toronto,ON,Canada,Influencer,True
805875,Eric,Wright,32,Male,eric.wright203@gmail.com,(624) 275-9473,2025-03-24,Silver,Dallas,TX,USA,Organic Search,False
806683,Elizabeth,Smith,46,Female,elizabeth.smith661@hotmail.com,(598) 622-2131,2023-06-25,Silver,Seattle,WA,USA,Affiliate,False
806986,Ava,Ramirez,58,Female,ava.ramirez247@outlook.com,,2024-12-21,Gold,London,England,UK,Paid Social,True
807143,Richard,Lopez,37,Male,richard.lopez520@yahoo.com,(256) 425-6149,2025-01-28,Bronze,Toronto,ON,Canada,Referral,True
807527,Hiroshi,Robinson,36,Male,hiroshi.robinson98@icloud.com,(739) 307-5436,2023-09-12,Bronze,Los Angeles,CA,USA,Affiliate,True
807606,Olivia,Brown,51,Female,olivia.brown574@icloud.com,(848) 919-8032,2024-02-19,Gold,Dallas,TX,USA,Paid Social,True
808680,Isabella,Carter,48,Non-binary,isabella.carter682@outlook.com,(794) 212-7539,2024-04-12,Gold,San Antonio,TX,USA,Paid Social,False
809484,Nancy,Mitchell,39,Female,nancy.mitchell560@icloud.com,(509) 246-8605,2024-11-08,Silver,Seattle,WA,USA,Organic Search,False
813035,Chen,Garcia,71,Female,chen.garcia586@outlook.com,(700) 944-9758,2025-01-12,Bronze,New York,NY,USA,Referral,True
813189,Rebecca,Miller,78,Female,rebecca.miller606@outlook.com,(243) 442-5893,2024-08-22,Silver,Austin,TX,USA,Paid Social,True
813547,Wei,Campbell,36,Male,wei.campbell722@yahoo.com,(566) 506-2134,2025-10-10,Silver,Philadelphia,PA,USA,Paid Social,True
814732,Sarah,Hall,63,Female,sarah.hall23@yahoo.com,(422) 649-1339,2024-06-24,Bronze,Houston,TX,USA,Email Campaign,False
815357,Aaliyah,Rivera,35,Female,aaliyah.rivera116@icloud.com,(500) 510-2946,2023-10-16,Bronze,Charlotte,NC,USA,Direct,True
815371,Kimberly,Allen,29,Female,kimberly.allen295@gmail.com,(893) 601-7211,2025-02-26,Bronze,Austin,TX,USA,Paid Social,False
815497,Ronald,Lee,66,Male,ronald.lee490@hotmail.com,(853) 340-4073,2025-05-27,Silver,Houston,TX,USA,Influencer,True
816444,Patricia,Nguyen,33,Female,patricia.nguyen915@gmail.com,(456) 922-5480,2025-10-14,Gold,Chicago,IL,USA,Direct,True
816723,Elizabeth,Mitchell,34,Female,elizabeth.mitchell656@icloud.com,(862) 776-2462,2024-09-29,Gold,Chicago,IL,USA,Referral,False
819092,Paul,White,42,Male,paul.white637@hotmail.com,(402) 675-5079,2025-06-09,Bronze,Los Angeles,CA,USA,Paid Social,False
820298,Fatima,Miller,78,Female,fatima.miller464@icloud.com,(778) 872-7641,2024-03-02,Bronze,Los Angeles,CA,USA,Paid Social,False
820543,William,Chen,55,Male,william.chen827@yahoo.com,(837) 792-4024,2025-02-01,Bronze,Charlotte,NC,USA,Paid Social,False
820754,Emma,Thompson,38,Female,emma.thompson80@icloud.com,(850) 861-5377,2024-07-14,Bronze,Houston,TX,USA,Direct,True
821214,Steven,Scott,65,Male,steven.scott149@hotmail.com,(490) 989-4057,2024-01-06,Bronze,Denver,CO,USA,Direct,True
821498,Olivia,Jones,39,Female,olivia.jones339@gmail.com,(954) 778-3268,2025-01-29,Silver,Los Angeles,CA,USA,Direct,False
822429,Hiroshi,Perez,63,Male,hiroshi.perez295@outlook.com,(902) 376-9716,2024-06-28,Bronze,New York,NY,USA,Email Campaign,True
823251,Yuki,Miller,36,Female,yuki.miller219@hotmail.com,(406) 399-7429,2024-03-30,Silver,San Francisco,CA,USA,Email Campaign,True
823499,Edward,Chen,36,Male,edward.chen904@yahoo.com,(249) 336-7940,2023-08-18,Gold,San Francisco,CA,USA,Paid Social,False
823556,Wei,Lewis,46,Male,wei.lewis436@yahoo.com,(966) 206-7997,2025-02-12,Bronze,Dallas,TX,USA,Paid Social,True
823673,Patricia,Davis,33,Female,patricia.davis777@yahoo.com,(350) 909-7833,2024-10-06,Bronze,Austin,TX,USA,Organic Search,True
823686,Susan,Singh,35,Female,susan.singh540@gmail.com,(231) 608-4799,2023-08-07,Platinum,Houston,TX,USA,Influencer,True
826264,Hiroshi,Torres,41,Male,hiroshi.torres704@hotmail.com,(218) 637-9997,2024-03-11,Gold,London,England,UK,Email Campaign,True
826888,Joseph,Nguyen,36,Male,joseph.nguyen549@icloud.com,,2024-05-04,Bronze,Philadelphia,PA,USA,Referral,False
827168,Jeffrey,Davis,35,Male,jeffrey.davis541@hotmail.com,(658) 295-5368,2024-04-22,Silver,Atlanta,GA,USA,Email Campaign,True
827382,Liam,Walker,34,Male,liam.walker681@icloud.com,(907) 310-7035,2025-09-28,Bronze,San Antonio,TX,USA,Referral,True
831901,Paul,Mitchell,61,Male,paul.mitchell414@icloud.com,(897) 531-4661,2024-04-12,Silver,San Antonio,TX,USA,Direct,False
831938,William,Brown,54,Male,william.brown739@icloud.com,(689) 854-5409,2024-08-16,Bronze,Vancouver,BC,Canada,Organic Search,True
834514,Ava,Sanchez,51,Female,ava.sanchez639@gmail.com,(870) 775-5364,2024-10-17,Gold,Chicago,IL,USA,Direct,False
835190,John,Singh,62,Male,john.singh465@yahoo.com,(964) 914-6223,2025-04-28,Bronze,New York,NY,USA,Affiliate,False
837709,Margaret,Gonzalez,50,Female,margaret.gonzalez944@hotmail.com,(589) 391-3381,2025-04-14,Silver,London,England,UK,Referral,True
837858,Chen,Johnson,46,Female,chen.johnson293@icloud.com,(989) 685-7794,2025-07-28,Bronze,Austin,TX,USA,Organic Search,True
838806,Matthew,Campbell,35,Male,matthew.campbell870@gmail.com,(741) 967-4371,2025-02-08,Silver,Chicago,IL,USA,Affiliate,False
839684,Jeffrey,Taylor,45,Male,jeffrey.taylor862@gmail.com,(298) 777-1434,2024-01-19,Silver,London,England,UK,Influencer,True
841804,Jason,Ramirez,72,Male,jason.ramirez756@gmail.com,(753) 462-9287,2025-07-15,Bronze,Toronto,ON,Canada,Affiliate,False
842688,Nicholas,Lewis,52,Male,nicholas.lewis195@gmail.com,(501) 813-1543,2023-11-23,Platinum,Houston,TX,USA,Paid Social,False
842889,Eric,Hernandez,35,Male,eric.hernandez216@icloud.com,(963) 716-4875,2025-09-13,Bronze,Dallas,TX,USA,Direct,False
843085,Anthony,Baker,48,Male,anthony.baker976@icloud.com,(733) 298-3553,2025-02-15,Bronze,Manchester,England,UK,Organic Search,False
843122,Joseph,Allen,33,,joseph.allen346@outlook.com,(385) 812-5463,2024-09-18,Bronze,Los Angeles,CA,USA,Influencer,False
844071,Ingrid,White,27,Female,ingrid.white922@hotmail.com,,2024-04-01,Silver,Philadelphia,PA,USA,Email Campaign,False
845025,Mark,Green,36,Male,mark.green337@outlook.com,(916) 950-6599,2023-11-26,Silver,Columbus,OH,USA,Organic Search,True
846055,Aaliyah,Baker,60,Female,aaliyah.baker138@outlook.com,(828) 670-9792,2025-09-17,Bronze,Nashville,TN,USA,Direct,True
846257,Daniel,Rodriguez,40,Male,daniel.rodriguez274@icloud.com,(658) 209-7905,2024-08-14,Gold,New York,NY,USA,Direct,True
847491,Sarah,Green,35,Female,sarah.green776@icloud.com,(628) 968-1134,2024-04-06,Bronze,Phoenix,AZ,USA,Affiliate,True
847515,Mateo,Martin,52,Male,mateo.martin237@yahoo.com,(481) 594-2110,2025-03-11,Bronze,Columbus,OH,USA,Email Campaign,True
848275,Jeffrey,Kim,38,Male,jeffrey.kim162@yahoo.com,(739) 285-7750,2024-09-08,Gold,Boston,MA,USA,Referral,True
848646,Ronald,Baker,78,Male,ronald.baker569@outlook.com,(484) 967-5020,2024-10-12,Gold,Orlando,FL,USA,Direct,False
848713,David,Adams,52,Male,david.adams982@outlook.com,(471) 554-4161,2024-10-27,Bronze,Austin,TX,USA,Direct,True
849763,Noah,Williams,33,Male,noah.williams27@hotmail.com,,2024-02-10,Gold,Charlotte,NC,USA,Affiliate,False
850003,Jennifer,Williams,32,Female,jennifer.williams630@hotmail.com,(454) 864-8985,2024-12-23,Silver,Columbus,OH,USA,Direct,True
853052,Fatima,King,51,Female,fatima.king186@yahoo.com,(347) 450-3387,2023-09-29,Bronze,London,England,UK,Affiliate,False
853073,Ava,Moore,68,Female,ava.moore555@hotmail.com,(891) 202-1155,2024-09-26,Bronze,Houston,TX,USA,Referral,True
854070,Kimberly,Lewis,78,Female,kimberly.lewis74@hotmail.com,(346) 667-4869,2025-06-27,Platinum,Seattle,WA,USA,Referral,True
854948,William,Perez,50,Male,william.perez724@gmail.com,(579) 626-5091,2023-06-01,Silver,Vancouver,BC,Canada,Paid Social,False
856071,Emily,Hill,49,Female,emily.hill585@icloud.com,(690) 846-1196,2024-02-29,Platinum,Denver,CO,USA,Direct,True
856258,Daniel,Gonzalez,,Male,daniel.gonzalez460@yahoo.com,(232) 553-9698,2025-10-08,Bronze,Austin,TX,USA,Direct,True
856360,Mark,Hill,54,Male,mark.hill13@icloud.com,(927) 917-3841,2023-08-15,Gold,San Antonio,TX,USA,Influencer,False
856758,Ava,Nelson,41,Female,ava.nelson940@yahoo.com,(660) 448-7761,2025-05-03,Silver,London,England,UK,Email Campaign,False
858870,Jason,Nguyen,31,Male,jason.nguyen433@hotmail.com,(577) 979-7902,2024-01-01,Gold,Philadelphia,PA,USA,Email Campaign,True
860304,Steven,Thomas,49,Male,steven.thomas645@icloud.com,(657) 628-9990,2023-09-27,Silver,Boston,MA,USA,Direct,False
860537,Priya,Lee,35,,priya.lee746@hotmail.com,(577) 976-8166,2024-08-13,Gold,Denver,CO,USA,Direct,True
861400,Omar,Jones,41,Male,omar.jones742@icloud.com,(937) 895-9732,2024-03-29,Platinum,New York,NY,USA,Direct,True
861511,Deborah,Ramirez,43,Female,deborah.ramirez69@icloud.com,(510) 327-1388,2024-04-18,Gold,Dallas,TX,USA,Influencer,False
861837,Susan,Robinson,36,Female,susan.robinson774@yahoo.com,(399) 967-6866,2024-03-12,Platinum,Boston,MA,USA,Organic Search,True
863406,Raj,Carter,53,Male,raj.carter985@hotmail.com,(700) 798-2518,2023-06-12,Bronze,Columbus,OH,USA,Affiliate,False
864201,Thomas,Wright,74,Male,thomas.wright770@outlook.com,(443) 343-5242,2023-11-20,Platinum,Vancouver,BC,Canada,Organic Search,True
864344,Mei,Lewis,54,Female,mei.lewis6@gmail.com,(844) 216-9076,2025-01-15,Gold,Los Angeles,CA,USA,Email Campaign,False
865292,Liam,Torres,48,Male,liam.torres689@hotmail.com,(393) 792-8829,2025-06-17,Bronze,Philadelphia,PA,USA,Email Campaign,True
865643,Margaret,Taylor,52,Female,margaret.taylor910@outlook.com,(250) 996-6298,2024-08-23,Gold,Manchester,England,UK,Email Campaign,True
865916,Mateo,Miller,53,Male,mateo.miller20@gmail.com,(241) 927-2539,2024-09-16,Silver,Los Angeles,CA,USA,Email Campaign,True
867333,Timothy,Patel,31,Male,timothy.patel701@yahoo.com,(305) 245-1239,2024-02-14,Bronze,Vancouver,BC,Canada,Affiliate,True
868465,Kenneth,Carter,38,Male,kenneth.carter120@gmail.com,(483) 980-9614,2023-07-31,Platinum,Austin,TX,USA,Affiliate,True
868770,Jennifer,Martinez,45,Female,jennifer.martinez647@hotmail.com,(922) 852-4778,2024-11-10,Gold,San Jose,CA,USA,Organic Search,True
868822,Fatima,Garcia,45,Female,fatima.garcia980@icloud.com,(542) 685-4874,2023-08-31,Silver,San Antonio,TX,USA,Affiliate,False
869376,Ava,Thomas,,Female,ava.thomas252@gmail.com,(657) 868-1997,2024-03-11,Silver,Columbus,OH,USA,Affiliate,True
870294,Lisa,Clark,,Female,lisa.clark477@icloud.com,(759) 626-7272,2023-06-03,Platinum,Berlin,Berlin,Germany,Influencer,True
871479,Andrew,White,42,Male,andrew.white500@yahoo.com,(216) 967-8436,2024-03-15,Bronze,Philadelphia,PA,USA,Organic Search,False
871634,Daniel,Chen,,Male,daniel.chen153@gmail.com,(679) 355-3045,2024-07-12,Gold,London,England,UK,Direct,False
871883,Sandra,Perez,44,Female,sandra.perez978@icloud.com,(788) 395-5558,2025-04-16,Bronze,Orlando,FL,USA,Direct,False
874360,Joseph,Campbell,55,Male,joseph.campbell144@icloud.com,(240) 538-6189,2023-10-27,Silver,New York,NY,USA,Organic Search,True
876950,Gary,King,36,,gary.king48@yahoo.com,(372) 264-3306,2023-07-09,Gold,Denver,CO,USA,Direct,True
877386,Sarah,Hernandez,51,Female,sarah.hernandez902@icloud.com,(862) 207-1317,2025-04-12,Bronze,Montreal,QC,Canada,Paid Social,True
880310,Ashley,Nelson,40,Female,ashley.nelson149@gmail.com,(413) 946-5164,2023-08-20,Gold,Mexico City,CDMX,Mexico,Email Campaign,False
880523,David,Harris,45,Male,david.harris758@hotmail.com,,2024-10-10,Gold,Houston,TX,USA,Influencer,False
885352,James,Baker,53,Male,james.baker600@icloud.com,(829) 604-3869,2023-12-15,Platinum,Austin,TX,USA,Paid Social,True
886576,Robert,Johnson,31,Male,robert.johnson490@outlook.com,(638) 484-8821,2024-12-14,Bronze,San Jose,CA,USA,Influencer,True
887116,Paul,Johnson,60,Male,paul.johnson30@outlook.com,(722) 772-5697,2025-03-09,Silver,Seattle,WA,USA,Influencer,True
889948,Jessica,Martin,43,Female,jessica.martin405@hotmail.com,(580) 353-7700,2025-05-26,Silver,Denver,CO,USA,Direct,True
891113,Jacob,Brown,43,Male,jacob.brown782@gmail.com,(485) 584-1307,2024-03-27,Bronze,Chicago,IL,USA,Paid Social,True
893042,Ethan,Jackson,58,Male,ethan.jackson670@outlook.com,(894) 457-4097,2024-05-07,Gold,Dallas,TX,USA,Paid Social,True
895645,Hiroshi,Torres,47,Male,hiroshi.torres131@yahoo.com,(251) 284-8116,2024-09-02,Platinum,Dallas,TX,USA,Organic Search,True
897111,Ingrid,Rivera,36,Female,ingrid.rivera209@icloud.com,(403) 528-7283,2024-11-21,Bronze,San Jose,CA,USA,Email Campaign,True
898243,Hiroshi,Clark,22,Male,hiroshi.clark65@icloud.com,(517) 378-9459,2024-08-21,Silver,Montreal,QC,Canada,Affiliate,True
899817,William,Baker,54,Male,william.baker571@icloud.com,(371) 200-2162,2025-02-24,Silver,Dallas,TX,USA,Organic Search,True
901144,Barbara,Miller,38,Female,barbara.miller784@yahoo.com,,2023-07-29,Silver,Seattle,WA,USA,Paid Social,True
901936,James,Anderson,47,Male,james.anderson670@outlook.com,(642) 833-5359,2025-04-20,Silver,Philadelphia,PA,USA,Referral,True
902174,Linda,Torres,46,Female,linda.torres944@yahoo.com,(446) 915-3938,2025-08-11,Silver,Phoenix,AZ,USA,Affiliate,False
902957,Olivia,Johnson,63,Female,olivia.johnson726@hotmail.com,(614) 365-9286,2024-01-09,Gold,Boston,MA,USA,Organic Search,True
903532,Karen,Mitchell,57,Female,karen.mitchell832@icloud.com,(208) 293-9550,2023-12-12,Gold,Chicago,IL,USA,Organic Search,True
903815,Aaliyah,Taylor,63,Female,aaliyah.taylor52@gmail.com,(919) 845-7879,2024-10-02,Silver,Boston,MA,USA,Paid Social,True
905920,Sofia,Rodriguez,66,Female,sofia.rodriguez531@hotmail.com,(291) 343-6876,2024-10-15,Bronze,Miami,FL,USA,Organic Search,False
907174,Michelle,White,43,Female,michelle.white628@gmail.com,(830) 666-1248,2025-06-21,Bronze,San Antonio,TX,USA,Organic Search,True
907465,Barbara,Gonzalez,55,Female,barbara.gonzalez219@icloud.com,(261) 498-6907,2025-08-03,Bronze,Los Angeles,CA,USA,Paid Social,True
908295,Daniel,Lee,65,Male,daniel.lee170@hotmail.com,(778) 740-1135,2024-12-03,Silver,Minneapolis,MN,USA,Organic Search,True
909819,Elizabeth,Hill,52,,elizabeth.hill985@icloud.com,(385) 756-8227,2024-05-09,Bronze,Las Vegas,NV,USA,Direct,False
911637,Steven,Kim,38,Male,steven.kim549@icloud.com,(918) 721-1993,2023-09-28,Silver,Detroit,MI,USA,Email Campaign,True
912018,Priya,Walker,78,Female,priya.walker401@yahoo.com,(206) 578-2698,2025-05-07,Gold,New York,NY,USA,Organic Search,True
914136,Eric,Walker,38,Male,eric.walker853@yahoo.com,(819) 535-6717,2025-05-09,Bronze,Nashville,TN,USA,Direct,True
914384,Deborah,Lee,49,Female,deborah.lee342@icloud.com,(878) 489-4117,2025-09-28,Bronze,Sydney,NSW,Australia,Paid Social,True
916996,Timothy,Gonzalez,61,Male,timothy.gonzalez781@hotmail.com,(267) 895-4364,2025-08-11,Bronze,Los Angeles,CA,USA,Referral,True
918349,Jason,Hernandez,51,Male,jason.hernandez462@hotmail.com,(825) 958-9782,2024-05-02,Silver,Chicago,IL,USA,Influencer,False
919427,Paul,Young,44,Male,paul.young658@hotmail.com,(631) 685-2592,2023-10-27,Gold,Atlanta,GA,USA,Affiliate,True
922291,Richard,Hill,78,Male,richard.hill183@hotmail.com,(808) 555-1204,2024-06-15,Platinum,Charlotte,NC,USA,Affiliate,True
923308,George,White,,Male,george.white404@yahoo.com,(734) 708-9105,2024-04-24,Silver,Chicago,IL,USA,Organic Search,True
923790,Andrew,Thomas,37,Male,andrew.thomas390@icloud.com,(776) 491-5900,2024-02-20,Bronze,San Francisco,CA,USA,Email Campaign,True
924384,Nancy,Chen,66,Female,nancy.chen378@hotmail.com,(380) 721-2190,2024-03-21,Gold,Houston,TX,USA,Direct,False
925108,Elizabeth,Singh,63,Female,elizabeth.singh562@yahoo.com,(506) 325-4284,2025-04-14,Platinum,London,England,UK,Influencer,True
926416,Noah,Roberts,56,Non-binary,noah.roberts993@hotmail.com,(364) 587-8647,2025-09-23,Bronze,Orlando,FL,USA,Direct,True
926740,James,Young,39,Male,james.young75@icloud.com,(391) 964-9236,2024-02-29,Silver,Miami,FL,USA,Paid Social,False
927842,Jennifer,Perez,,,jennifer.perez704@yahoo.com,,2025-04-03,Silver,Columbus,OH,USA,Organic Search,True
928381,Jeffrey,Moore,42,Male,jeffrey.moore238@yahoo.com,(344) 741-5256,2025-10-07,Bronze,San Antonio,TX,USA,Referral,False
928439,Margaret,Clark,,Female,margaret.clark829@outlook.com,(902) 707-2202,2023-09-30,Bronze,Los Angeles,CA,USA,Organic Search,False
929214,Emily,Harris,52,Female,emily.harris701@hotmail.com,(239) 499-1401,2025-06-01,Platinum,Boston,MA,USA,Paid Social,False
929407,Nicholas,Thompson,78,Male,nicholas.thompson446@icloud.com,(677) 407-9931,2024-02-28,Silver,Sydney,NSW,Australia,Direct,True
930588,Michael,Davis,31,Male,michael.davis419@gmail.com,(810) 350-2647,2025-07-17,Bronze,Chicago,IL,USA,Referral,True
931819,Jeffrey,Hall,55,Male,jeffrey.hall146@hotmail.com,(470) 229-8955,2023-10-17,Gold,Los Angeles,CA,USA,Email Campaign,True
931926,Sofia,Moore,68,Female,sofia.moore718@gmail.com,(215) 783-5323,2025-01-10,Bronze,New York,NY,USA,Paid Social,True
931973,Kevin,Ramirez,53,Male,kevin.ramirez865@outlook.com,(556) 295-4019,2025-02-01,Bronze,Seattle,WA,USA,Organic Search,True
932843,Karen,Brown,78,Female,karen.brown247@yahoo.com,(620) 897-3015,2024-09-11,Gold,Minneapolis,MN,USA,Direct,False
933183,Elizabeth,Thompson,78,Female,elizabeth.thompson65@outlook.com,(859) 631-6898,2025-05-10,Bronze,Nashville,TN,USA,Referral,True
933359,Michael,Jackson,54,Male,michael.jackson673@hotmail.com,(688) 646-8242,2024-02-06,Bronze,Columbus,OH,USA,Influencer,False
934214,Noah,Ramirez,46,Male,noah.ramirez27@yahoo.com,(293) 605-6746,2025-04-23,Bronze,Houston,TX,USA,Paid Social,False
934284,Paul,Young,41,Male,paul.young843@hotmail.com,(229) 760-3733,2025-02-14,Silver,Seattle,WA,USA,Organic Search,False
934886,Fatima,Lopez,43,Female,fatima.lopez590@outlook.com,(702) 420-4875,2025-08-12,Bronze,Nashville,TN,USA,Direct,True
937852,David,Scott,63,Male,david.scott187@hotmail.com,(734) 867-3473,2023-10-19,Gold,Philadelphia,PA,USA,Direct,True
937947,Raj,Walker,52,Male,raj.walker8@hotmail.com,,2025-04-22,Silver,Boston,MA,USA,Influencer,True
939225,Mei,Garcia,70,Female,mei.garcia179@yahoo.com,(621) 526-2570,2023-08-06,Gold,Sydney,NSW,Australia,Email Campaign,True
939425,Amanda,Green,53,Female,amanda.green555@yahoo.com,(745) 884-9401,2024-10-02,Gold,Dallas,TX,USA,Influencer,False
940382,Brian,Sanchez,48,Male,brian.sanchez11@outlook.com,(532) 576-1667,2025-04-01,Bronze,Philadelphia,PA,USA,Referral,False
941827,Charles,Jones,41,Male,charles.jones392@outlook.com,(599) 285-2378,2023-12-30,Gold,Denver,CO,USA,Paid Social,False
942045,Amanda,Baker,41,Female,amanda.baker897@gmail.com,(995) 710-5668,2024-03-21,Bronze,Vancouver,BC,Canada,Affiliate,True
942283,Sofia,Clark,38,Female,sofia.clark696@yahoo.com,(814) 385-4790,2023-09-14,Gold,Chicago,IL,USA,Direct,False
942304,Mary,Patel,50,Female,mary.patel664@hotmail.com,(347) 464-9012,2025-06-07,Gold,San Diego,CA,USA,Direct,True
942551,Kenneth,Walker,62,Male,kenneth.walker243@hotmail.com,(811) 374-9058,2025-03-07,Bronze,London,England,UK,Organic Search,False
943373,Ashley,Jones,38,Female,ashley.jones211@icloud.com,(825) 525-3524,2025-05-29,Silver,Los Angeles,CA,USA,Organic Search,True
943477,Steven,Baker,51,Male,steven.baker404@outlook.com,(765) 246-9440,2025-01-24,Platinum,Charlotte,NC,USA,Paid Social,True
944244,Aaliyah,Nelson,69,Female,aaliyah.nelson270@yahoo.com,(858) 681-4629,2025-09-17,Bronze,Miami,FL,USA,Email Campaign,False
945410,Andrew,Young,,Male,andrew.young557@gmail.com,(279) 276-2391,2024-05-04,Gold,Toronto,ON,Canada,Influencer,False
946473,Steven,Harris,39,Male,steven.harris10@outlook.com,(741) 201-6861,2024-09-23,Silver,Boston,MA,USA,Referral,False
951133,Kenneth,Lee,54,Male,kenneth.lee423@yahoo.com,(879) 733-8971,2024-05-08,Silver,San Francisco,CA,USA,Paid Social,True
951351,Priya,Robinson,37,Female,priya.robinson636@outlook.com,(310) 966-6161,2023-09-14,Gold,Denver,CO,USA,Direct,True
952372,Melissa,Patel,60,Female,melissa.patel590@gmail.com,(539) 429-6867,2025-02-15,Silver,Houston,TX,USA,Referral,False
953016,Susan,Rivera,78,Female,susan.rivera426@icloud.com,(574) 494-7944,2023-11-26,Bronze,Los Angeles,CA,USA,Paid Social,False
953548,Michael,Brown,29,Male,michael.brown496@hotmail.com,(385) 287-5612,2025-02-16,Silver,Miami,FL,USA,Organic Search,True
953629,Fatima,Hall,63,Non-binary,fatima.hall242@gmail.com,(206) 662-2533,2023-07-03,Platinum,Melbourne,VIC,Australia,Organic Search,True
953933,Mei,Patel,50,Female,mei.patel554@outlook.com,(914) 689-9166,2025-04-25,Silver,New York,NY,USA,Direct,True
954194,Edward,Baker,40,Male,edward.baker33@outlook.com,(539) 948-3583,2023-12-21,Silver,San Francisco,CA,USA,Referral,True
955861,Nicholas,Mitchell,64,Male,nicholas.mitchell166@icloud.com,(779) 344-1100,2024-05-23,Silver,New York,NY,USA,Paid Social,True
956945,Daniel,Jackson,51,Male,daniel.jackson871@yahoo.com,(657) 519-3777,2025-07-18,Bronze,Los Angeles,CA,USA,Organic Search,False
956979,Ryan,Perez,53,Male,ryan.perez457@hotmail.com,(995) 883-5775,2025-03-10,Silver,Orlando,FL,USA,Organic Search,True
957720,Deborah,Flores,52,Female,deborah.flores192@hotmail.com,(946) 354-5736,2023-12-19,Bronze,Los Angeles,CA,USA,Referral,False
959532,Ashley,Patel,49,Female,ashley.patel739@yahoo.com,,2025-02-05,Gold,Houston,TX,USA,Organic Search,False
962006,Paul,Nelson,70,Male,paul.nelson203@icloud.com,,2024-02-23,Silver,Vancouver,BC,Canada,Paid Social,True
962688,Chen,Garcia,38,Female,chen.garcia30@hotmail.com,(609) 854-8603,2025-04-12,Silver,Miami,FL,USA,Influencer,True
962762,Gary,Baker,48,Male,gary.baker981@hotmail.com,(713) 626-5960,2025-07-11,Silver,Chicago,IL,USA,Organic Search,False
962949,Omar,Harris,50,Male,omar.harris305@icloud.com,(389) 865-2087,2025-09-20,Bronze,Charlotte,NC,USA,Organic Search,False
963639,Andrew,Martin,56,Male,andrew.martin669@icloud.com,(231) 861-6092,2024-12-30,Silver,Miami,FL,USA,Organic Search,True
963727,Emma,Hill,44,Female,emma.hill168@hotmail.com,(966) 719-9645,2023-07-20,Bronze,San Antonio,TX,USA,Paid Social,False
964105,Aaliyah,Sanchez,51,Female,aaliyah.sanchez644@icloud.com,(998) 443-3338,2024-03-18,Bronze,San Diego,CA,USA,Paid Social,False
964927,Nicholas,Thompson,63,Male,nicholas.thompson933@gmail.com,(766) 478-8563,2025-08-11,Bronze,Portland,OR,USA,Organic Search,True
964937,Stephanie,Lewis,56,Female,stephanie.lewis130@yahoo.com,(405) 773-6535,2025-10-17,Silver,Houston,TX,USA,Affiliate,True
965592,Olivia,Lewis,70,Female,olivia.lewis66@outlook.com,(234) 512-9734,2024-09-14,Gold,Houston,TX,USA,Affiliate,True
965874,Wei,Anderson,45,Male,wei.anderson640@icloud.com,(393) 725-8368,2024-11-07,Platinum,Sydney,NSW,Australia,Email Campaign,False
966251,Laura,Nguyen,62,Female,laura.nguyen772@yahoo.com,(604) 387-5073,2024-04-04,Silver,Los Angeles,CA,USA,Organic Search,True
966726,Ava,Nguyen,41,Female,ava.nguyen948@gmail.com,,2025-10-29,Bronze,Los Angeles,CA,USA,Referral,True
969091,Priya,Williams,53,Female,priya.williams282@gmail.com,,2025-06-18,Bronze,Los Angeles,CA,USA,Email Campaign,False
969852,Raj,Mitchell,78,Male,raj.mitchell14@yahoo.com,(332) 330-4360,2024-08-24,Bronze,Phoenix,AZ,USA,Paid Social,True
969906,Sofia,Wright,55,Female,sofia.wright15@yahoo.com,(553) 449-1164,2023-09-02,Platinum,Philadelphia,PA,USA,Referral,False
971241,Isabella,Adams,55,Female,isabella.adams222@yahoo.com,(449) 620-9354,2023-11-01,Gold,Sydney,NSW,Australia,Direct,True
971281,Emily,Roberts,49,,emily.roberts76@yahoo.com,(615) 216-3050,2025-07-29,Bronze,Philadelphia,PA,USA,Referral,False
971490,Kimberly,Smith,56,Female,kimberly.smith422@gmail.com,(771) 353-7095,2024-07-17,Silver,Chicago,IL,USA,Organic Search,False
971809,Mia,Hill,38,Female,mia.hill856@gmail.com,(220) 778-2278,2025-02-26,Bronze,Portland,OR,USA,Direct,True
971812,Betty,Allen,31,Female,betty.allen83@icloud.com,(819) 612-7803,2025-10-28,Bronze,Seattle,WA,USA,Email Campaign,False
972701,Chen,Torres,39,Female,chen.torres597@icloud.com,(812) 202-1158,2024-09-10,Gold,Portland,OR,USA,Organic Search,False
974063,Betty,Clark,50,,betty.clark330@icloud.com,(388) 929-5758,2023-12-29,Gold,London,England,UK,Paid Social,False
974275,Linda,Gonzalez,62,Female,linda.gonzalez957@outlook.com,(712) 938-1835,2025-03-06,Silver,Denver,CO,USA,Referral,True
975263,Mary,Kim,45,Female,mary.kim470@outlook.com,(481) 772-1814,2023-06-20,Platinum,Houston,TX,USA,Paid Social,True
976012,Laura,Martin,62,Female,laura.martin70@gmail.com,(499) 607-5852,2024-01-10,Bronze,San Francisco,CA,USA,Email Campaign,True
976980,Mark,Perez,36,Male,mark.perez743@yahoo.com,(438) 347-4390,2023-11-23,Bronze,Boston,MA,USA,Organic Search,False
977095,Brian,Lopez,45,Male,brian.lopez89@yahoo.com,(704) 947-6946,2023-09-17,Gold,Toronto,ON,Canada,Direct,True
981214,Ashley,Hall,43,Female,ashley.hall396@hotmail.com,(934) 363-4546,2023-09-04,Platinum,Montreal,QC,Canada,Influencer,False
981895,Patricia,Carter,70,Female,patricia.carter824@outlook.com,(828) 990-3168,2025-10-24,Bronze,Los Angeles,CA,USA,Influencer,False
981939,Emma,Green,24,Female,emma.green602@hotmail.com,(778) 440-1345,2025-02-14,Bronze,Berlin,Berlin,Germany,Referral,False
982079,Ava,Anderson,43,Female,ava.anderson779@outlook.com,(433) 235-2375,2025-06-14,Silver,New York,NY,USA,Email Campaign,False
983619,Margaret,Young,46,Female,margaret.young18@yahoo.com,(623) 661-9879,2023-10-29,Bronze,Dallas,TX,USA,Influencer,False
985541,Ashley,Hall,65,Female,ashley.hall801@hotmail.com,(393) 567-7997,2024-03-26,Bronze,Houston,TX,USA,Organic Search,False
987742,Robert,Jackson,36,Male,robert.jackson28@outlook.com,(267) 974-8109,2024-09-10,Gold,Chicago,IL,USA,Influencer,False
989986,Ava,Rivera,,Female,ava.rivera536@icloud.com,(673) 552-2761,2024-10-15,Gold,San Diego,CA,USA,Direct,True
991596,Liam,Mitchell,44,Male,liam.mitchell927@icloud.com,(275) 909-7003,2024-05-13,Bronze,Las Vegas,NV,USA,Organic Search,False
992497,Ryan,Moore,36,Male,ryan.moore526@yahoo.com,(693) 685-6587,2025-02-25,Bronze,Montreal,QC,Canada,Paid Social,False
992549,Mark,Roberts,43,Male,mark.roberts860@outlook.com,(400) 917-2996,2023-10-06,Gold,Nashville,TN,USA,Paid Social,True
994635,Fatima,Hernandez,66,Female,fatima.hernandez141@outlook.com,(689) 779-1915,2024-07-23,Bronze,Phoenix,AZ,USA,Paid Social,False
995659,Mary,Hernandez,63,Female,mary.hernandez959@hotmail.com,(215) 704-2799,2025-04-26,Silver,Austin,TX,USA,Affiliate,True
996684,George,Young,44,Male,george.young833@hotmail.com,(288) 243-3200,2023-07-11,Platinum,Los Angeles,CA,USA,Paid Social,False
997140,John,Wilson,51,Non-binary,john.wilson38@yahoo.com,(959) 697-5818,2025-03-04,Bronze,Las Vegas,NV,USA,Email Campaign,False
997626,Mei,Lopez,65,Female,mei.lopez407@gmail.com,(532) 461-6573,2023-11-22,Silver,Boston,MA,USA,Paid Social,True
999013,Mateo,Patel,59,Male,mateo.patel413@icloud.com,(398) 528-5072,2025-06-20,Bronze,Mexico City,CDMX,Mexico,Organic Search,False
999753,Ethan,Martinez,39,Male,ethan.martinez417@hotmail.com,(399) 266-6349,2023-06-12,Gold,Chicago,IL,USA,Paid Social,True
