order_id,customer_id,order_date,product_category,product_name,quantity,unit_price,discount_percent,subtotal,shipping_cost,tax_amount,total_amount,payment_method,order_status,shipping_method,order_channel,coupon_code,estimated_delivery_days,customer_rating,return_reason
6223955,509880,2024-01-01,Clothing,Summer Dress,1,88.63,0,88.63,0.0,5.32,93.95,Credit Card,Delivered,Standard,Website,,7,5.0,
9402337,525803,2024-01-03,Office Supplies,Label Maker,1,37.28,0,37.28,5.99,3.73,47.0,Credit Card,Delivered,Standard,Website,,7,5.0,
6724415,112534,2024-01-04,Sports & Outdoors,Adjustable Dumbbell Set,1,128.09,25,96.07,0.0,6.0,102.07,Apple Pay,Delivered,Standard,Mobile App,SUMMER10,7,4.0,
5227518,562598,2024-01-05,Books,Historical Biography,2,32.84,15,55.83,14.99,4.61,75.43,Credit Card,Cancelled,Express,Website,WELCOME10,3,,
9958502,914384,2024-01-06,Beauty & Personal Care,Electric Toothbrush,2,33.15,0,66.3,5.99,4.14,76.43,Debit Card,Returned,Standard,Mobile App,,7,,Defective Item
3876177,529534,2024-01-06,Office Supplies,Printer Paper Ream,6,55.87,5,318.46,12.99,25.48,356.93,PayPal,Shipped,Express,Marketplace,FREESHIP,3,,
8221434,353006,2024-01-07,Sports & Outdoors,Camping Tent,1,30.31,20,24.25,0.0,3.88,28.13,Credit Card,Returned,Free Pickup,Mobile App,VIP15,0,,Defective Item
1583466,922291,2024-01-08,Electronics,Portable Charger,1,252.49,15,214.62,12.99,12.88,240.49,PayPal,Delivered,Express,Website,FLASH30,3,,
7869286,146484,2024-01-08,Books,Personal Finance 101,3,18.51,5,52.75,5.99,4.35,63.09,PayPal,Delivered,Standard,Mobile App,SAVE20,7,2.0,
8880117,725085,2024-01-09,Home & Kitchen,Cotton Bed Sheets,1,97.61,0,97.61,0.0,6.1,103.71,Apple Pay,Delivered,Free Pickup,Website,,0,4.0,
4693144,771645,2024-01-11,Home & Kitchen,Vacuum Cleaner,1,350.0,0,350.0,0.0,21.0,371.0,Credit Card,Delivered,Standard,Website,,7,,
7206959,805419,2024-01-12,Clothing,Wool Sweater,1,76.2,15,64.77,27.99,3.89,96.65,Credit Card,Delivered,Next-Day,Mobile App,SAVE20,1,5.0,
6146549,131194,2024-01-15,Sports & Outdoors,Resistance Bands Set,1,87.94,5,83.54,24.99,5.22,113.75,PayPal,Returned,Next-Day,Website,FREESHIP,1,,Wrong Size
7849786,257536,2024-01-16,Office Supplies,Printer Paper Ream,4,17.14,30,47.99,14.99,3.0,65.98,Credit Card,Delivered,Express,Website,FLASH30,3,,
2173216,974063,2024-01-16,Home & Kitchen,Cotton Bed Sheets,3,273.52,0,820.56,0.0,67.7,888.26,Credit Card,Delivered,Standard,Website,,7,4.0,
5281107,686412,2024-01-17,Books,Children's Picture Book,2,34.66,0,69.32,5.99,4.33,79.64,Credit Card,Delivered,Standard,Website,,7,4.0,
1965832,182540,2024-01-17,Home & Kitchen,Stand Mixer,1,116.19,0,116.19,12.99,9.3,138.48,Gift Card,Delivered,Express,Website,,3,5.0,
4992316,867333,2024-01-17,Home & Kitchen,Memory Foam Pillow,1,87.56,0,87.56,12.99,5.25,105.8,Debit Card,Delivered,Express,Website,,3,4.0,
1087130,887116,2024-01-19,Home & Kitchen,Stand Mixer,2,162.3,0,324.6,0.0,19.48,344.08,Credit Card,Delivered,Standard,Mobile App,,7,,
3120093,304008,2024-01-20,Books,Mystery Novel,1,11.12,0,11.12,5.99,0.67,17.78,PayPal,Returned,Standard,Website,,7,,Not as Described
3973144,221043,2024-01-20,Beauty & Personal Care,Hair Dryer,1,24.93,0,24.93,14.99,1.56,41.48,Debit Card,Delivered,Express,Mobile App,,3,4.0,
6436298,512993,2024-01-21,Books,Cookbook: Weeknight Dinners,2,23.56,5,44.76,5.99,2.8,53.55,Credit Card,Delivered,Standard,Marketplace,SUMMER10,7,4.0,
5619163,773540,2024-01-21,Books,Personal Finance 101,3,10.0,0,30.0,5.99,6.0,41.99,Debit Card,Delivered,Standard,Website,,7,4.0,
6556410,914384,2024-01-22,Books,Mystery Novel,1,25.52,0,25.52,0.0,1.53,27.05,Credit Card,Delivered,Free Pickup,Mobile App,,0,4.0,
7317023,914136,2024-01-22,Clothing,Winter Parka,2,24.93,0,49.86,14.99,2.99,67.84,Credit Card,Cancelled,Express,Marketplace,,3,,
8099501,799804,2024-01-22,Electronics,Streaming Media Player,2,617.36,0,1234.72,0.0,101.86,1336.58,Credit Card,Returned,Standard,Marketplace,,7,,Arrived Late
4874050,501851,2024-01-23,Electronics,Laptop Stand,5,715.74,15,3041.9,0.0,395.45,3437.35,PayPal,Delivered,Standard,Marketplace,HOLIDAY25,7,,
3611272,212415,2024-01-27,Toys & Games,Board Game Classic,1,20.34,0,20.34,5.99,1.22,27.55,Google Pay,Returned,Standard,Mobile App,,7,,Changed Mind
9460144,622669,2024-01-27,Grocery,Granola Cereal,2,12.79,0,25.58,5.99,1.53,33.1,Apple Pay,Delivered,Standard,Website,,7,,
8896122,206604,2024-01-27,Clothing,Winter Parka,1,15.01,20,12.01,5.99,1.56,19.56,PayPal,Delivered,Standard,Mobile App,SAVE20,7,,
3701944,757288,2024-01-27,Clothing,Rain Jacket,1,50.72,0,50.72,27.99,5.07,83.78,Google Pay,Delivered,Next-Day,Website,,1,4.0,
9219874,773540,2024-01-28,Home & Kitchen,Memory Foam Pillow,4,143.42,0,573.68,0.0,35.85,609.53,Credit Card,Delivered,Standard,Mobile App,,7,,
5373351,842688,2024-01-29,Toys & Games,Remote Control Car,3,49.73,20,119.35,12.99,9.85,142.19,Credit Card,Delivered,Express,Website,FLASH30,3,4.0,
4871779,972701,2024-01-29,Clothing,Women's Yoga Pants,2,54.29,0,108.58,0.0,6.79,115.37,Debit Card,Delivered,Standard,Website,,7,,
3863310,924384,2024-01-30,Electronics,Wireless Earbuds,3,438.58,5,1249.95,0.0,75.0,1324.95,PayPal,Returned,Standard,Website,HOLIDAY25,7,,Not as Described
1172391,513724,2024-02-01,Electronics,Wireless Earbuds,1,62.83,0,62.83,5.99,5.18,74.0,Google Pay,Delivered,Standard,Marketplace,,7,4.0,
1447635,983619,2024-02-02,Pet Supplies,Pet Food Bowl Set,3,135.15,0,405.45,0.0,33.45,438.9,Credit Card,Delivered,Standard,Website,,7,4.0,
2720543,392938,2024-02-03,Toys & Games,Remote Control Car,3,23.99,0,71.97,5.99,5.94,83.9,Credit Card,Returned,Standard,Website,,7,,Arrived Late
6599216,634127,2024-02-04,Beauty & Personal Care,Vitamin C Serum,1,41.92,0,41.92,14.99,3.35,60.26,Credit Card,Delivered,Express,Marketplace,,3,5.0,
9663260,578841,2024-02-05,Office Supplies,Label Maker,3,183.59,0,550.77,0.0,104.65,655.42,Credit Card,Delivered,Standard,Marketplace,,7,3.0,
2254898,215098,2024-02-06,Grocery,Pasta Variety Pack,6,28.5,0,171.0,0.0,34.2,205.2,Google Pay,Delivered,Standard,Mobile App,,7,,
5459648,773267,2024-02-07,Sports & Outdoors,Hiking Backpack,2,110.58,0,221.16,0.0,44.23,265.39,PayPal,Delivered,Standard,Marketplace,,7,,
3700405,196023,2024-02-07,Sports & Outdoors,Camping Tent,2,35.14,0,70.28,5.99,4.22,80.49,Apple Pay,Delivered,Standard,Marketplace,,7,5.0,
1298188,800045,2024-02-08,Clothing,Baseball Cap,1,36.02,0,36.02,5.99,2.97,44.98,Credit Card,Cancelled,Standard,Marketplace,,7,,
8041180,865643,2024-02-09,Toys & Games,Board Game Classic,1,22.92,0,22.92,5.99,3.67,32.58,Apple Pay,Delivered,Standard,Website,,7,4.0,
5160704,591756,2024-02-09,Electronics,Smartphone Case,3,657.86,0,1973.58,0.0,118.41,2091.99,Credit Card,Delivered,Standard,Website,,7,,
7773965,240201,2024-02-10,Toys & Games,Outdoor Water Blaster,2,27.68,0,55.36,5.99,10.52,71.87,Debit Card,Delivered,Standard,Marketplace,,7,,
8682790,957720,2024-02-11,Sports & Outdoors,Yoga Mat,2,170.85,0,341.7,0.0,21.36,363.06,PayPal,Delivered,Standard,Marketplace,,7,5.0,
6224964,139745,2024-02-11,Toys & Games,Outdoor Water Blaster,2,78.75,0,157.5,0.0,10.24,167.74,Debit Card,Delivered,Free Pickup,Mobile App,,0,,
3487025,157373,2024-02-12,Beauty & Personal Care,Shampoo & Conditioner Set,2,10.24,0,20.48,0.0,1.23,21.71,Debit Card,Delivered,Free Pickup,Mobile App,,0,4.0,
5234055,129133,2024-02-12,Grocery,Honey Jar,7,16.76,0,117.32,12.99,7.33,137.64,PayPal,Delivered,Express,Website,,3,5.0,
2561082,781167,2024-02-13,Grocery,Granola Cereal,5,55.0,25,206.25,24.99,12.89,244.13,Credit Card,Delivered,Next-Day,Marketplace,WELCOME10,1,,
7408514,738836,2024-02-14,Clothing,Rain Jacket,4,78.78,0,315.12,0.0,31.51,346.63,Credit Card,Returned,Standard,Mobile App,,7,,Wrong Size
5387967,555402,2024-02-14,Clothing,Women's Yoga Pants,2,22.43,0,44.86,27.99,3.7,76.55,Google Pay,Processing,Next-Day,Mobile App,,1,,
5995816,530251,2024-02-16,Grocery,Pasta Variety Pack,7,51.52,0,360.64,0.0,0.0,360.64,Google Pay,Shipped,Free Pickup,Mobile App,,0,,
6952192,157373,2024-02-17,Pet Supplies,Bird Cage,1,53.69,0,53.69,5.99,4.43,64.11,Debit Card,Returned,Standard,Website,,7,,Arrived Late
7857725,384588,2024-02-17,Electronics,Mechanical Keyboard,1,170.68,0,170.68,12.99,17.07,200.74,Credit Card,Cancelled,Express,Website,,3,,
8733646,206604,2024-02-18,Electronics,4K Smart TV,1,481.72,0,481.72,0.0,30.11,511.83,Debit Card,Delivered,Standard,Website,,7,5.0,
1504087,229422,2024-02-18,Electronics,Wireless Mouse,3,150.05,0,450.15,0.0,29.26,479.41,PayPal,Delivered,Free Pickup,Mobile App,,0,5.0,
1560799,665395,2024-02-19,Home & Kitchen,Air Fryer,5,147.62,0,738.1,24.99,60.89,823.98,Google Pay,Delivered,Next-Day,Mobile App,,1,4.0,
6984283,806986,2024-02-20,Pet Supplies,Dog Bed,2,112.35,0,224.7,0.0,13.48,238.18,Credit Card,Delivered,Standard,Website,,7,,
2760265,181431,2024-02-21,Clothing,Cotton T-Shirt,1,23.61,0,23.61,27.99,2.36,53.96,Credit Card,Delivered,Next-Day,Mobile App,,1,4.0,
2621912,525803,2024-02-21,Clothing,Cotton T-Shirt,1,30.61,25,22.96,5.99,1.38,30.33,Credit Card,Delivered,Standard,Mobile App,FLASH30,7,,
5250255,636916,2024-02-22,Electronics,Laptop Stand,3,1148.2,0,3444.6,12.99,206.68,3664.27,Credit Card,Delivered,Express,Mobile App,,3,,
9825337,659481,2024-02-24,Electronics,Streaming Media Player,1,339.35,0,339.35,0.0,27.15,366.5,Credit Card,Delivered,Standard,Mobile App,,7,,
1351566,959532,2024-02-24,Grocery,Mixed Nuts Pack,2,7.5,0,15.0,14.99,1.24,31.23,Gift Card,Delivered,Express,Website,,3,,
5031596,697324,2024-02-24,Electronics,Wireless Earbuds,1,248.68,5,236.25,24.99,19.49,280.73,Credit Card,Delivered,Next-Day,Website,SUMMER10,1,2.0,
7813233,359971,2024-02-25,Office Supplies,Printer Paper Ream,1,193.75,0,193.75,0.0,12.11,205.86,Google Pay,Delivered,Standard,Mobile App,,7,5.0,
4930439,368795,2024-02-26,Books,Mystery Novel,2,34.07,0,68.14,14.99,4.09,87.22,PayPal,Delivered,Express,Mobile App,,3,5.0,
1280606,352917,2024-02-26,Clothing,Cotton T-Shirt,1,22.44,0,22.44,0.0,1.35,23.79,PayPal,Delivered,Free Pickup,Marketplace,,0,,
5007114,257536,2024-02-27,Electronics,4K Smart TV,1,889.47,20,711.58,0.0,92.51,804.09,PayPal,Returned,Standard,Mobile App,SAVE20,7,,Not as Described
1336707,992497,2024-02-28,Sports & Outdoors,Camping Tent,1,89.06,0,89.06,0.0,7.12,96.18,Google Pay,Delivered,Standard,Mobile App,,7,4.0,
8881683,108917,2024-02-28,Toys & Games,Educational STEM Kit,4,30.91,0,123.64,0.0,10.2,133.84,PayPal,Delivered,Standard,Marketplace,,7,,
9463987,629305,2024-03-01,Grocery,Pasta Variety Pack,2,13.19,0,26.38,5.99,2.18,34.55,Credit Card,Delivered,Standard,Mobile App,,7,5.0,
2057702,642033,2024-03-01,Home & Kitchen,Cotton Bed Sheets,3,82.01,0,246.03,12.99,14.76,273.78,Gift Card,Delivered,Express,Mobile App,,3,5.0,
9797340,678850,2024-03-02,Electronics,4K Smart TV,1,644.2,0,644.2,12.99,40.26,697.45,Google Pay,Delivered,Express,Website,,3,,
5660836,697324,2024-03-03,Sports & Outdoors,Fishing Rod,1,199.78,25,149.84,0.0,12.36,162.2,Credit Card,Delivered,Standard,Website,SAVE20,7,4.0,
8637850,831938,2024-03-03,Electronics,4K Smart TV,1,387.01,0,387.01,12.99,24.19,424.19,Debit Card,Returned,Express,Website,,3,,Changed Mind
2050124,346532,2024-03-03,Electronics,Noise-Cancelling Headphones,2,524.33,0,1048.66,0.0,62.92,1111.58,Credit Card,Delivered,Standard,Website,,7,,
4617358,568238,2024-03-04,Sports & Outdoors,Resistance Bands Set,1,69.58,0,69.58,27.99,5.74,103.31,PayPal,Cancelled,Next-Day,Mobile App,,1,,
4950016,652739,2024-03-05,Beauty & Personal Care,Perfume,2,19.28,10,34.7,5.99,2.08,42.77,Credit Card,Delivered,Standard,Website,WELCOME10,7,,
7562388,847491,2024-03-05,Clothing,Summer Dress,3,34.88,25,78.48,0.0,10.2,88.68,Apple Pay,Delivered,Standard,Website,WELCOME10,7,4.0,
5896735,856360,2024-03-07,Electronics,Portable Charger,1,63.9,20,51.12,5.99,3.2,60.31,Debit Card,Delivered,Standard,Website,FREESHIP,7,4.0,
2754267,202299,2024-03-07,Electronics,Streaming Media Player,2,102.85,0,205.7,0.0,16.46,222.16,Credit Card,Delivered,Standard,Mobile App,,7,4.0,
7246298,315385,2024-03-07,Home & Kitchen,LED Desk Lamp,1,271.51,0,271.51,12.99,16.97,301.47,Credit Card,Delivered,Express,Website,,3,4.0,
7530757,586006,2024-03-08,Electronics,Smartphone Case,2,397.67,5,755.57,0.0,47.22,802.79,Gift Card,Delivered,Standard,Website,VIP15,7,4.0,
9996629,764665,2024-03-10,Clothing,Running Shoes,1,54.18,0,54.18,5.99,3.25,63.42,Apple Pay,Delivered,Standard,Marketplace,,7,4.0,
1082287,350253,2024-03-11,Clothing,Running Shoes,1,29.93,0,29.93,5.99,1.8,37.72,Debit Card,Delivered,Standard,Website,,7,,
9136112,340088,2024-03-12,Books,Fantasy Trilogy Box Set,3,20.2,0,60.6,5.99,3.64,70.23,Credit Card,Delivered,Standard,Mobile App,,7,5.0,
3907572,411928,2024-03-12,Grocery,Green Tea Bags,4,9.12,10,32.83,5.99,1.97,40.79,Credit Card,Delivered,Standard,Website,SAVE20,7,3.0,
9609116,147717,2024-03-13,Clothing,Wool Sweater,3,149.72,0,449.16,24.99,28.07,502.22,PayPal,Delivered,Next-Day,Website,,1,4.0,
1709291,756541,2024-03-13,Books,Mystery Novel,1,23.05,0,23.05,5.99,3.0,32.04,Credit Card,Delivered,Standard,Website,,7,,
2021263,625244,2024-03-13,Clothing,Rain Jacket,4,180.0,5,684.0,0.0,56.43,740.43,Debit Card,Delivered,Standard,Website,SUMMER10,7,4.0,
8396762,349162,2024-03-14,Clothing,Running Shoes,1,64.05,0,64.05,5.99,5.28,75.32,Debit Card,Cancelled,Standard,Mobile App,,7,,
1319422,365762,2024-03-15,Home & Kitchen,LED Desk Lamp,1,194.62,0,194.62,0.0,19.46,214.08,Credit Card,Delivered,Standard,Mobile App,,7,4.0,
9772493,177411,2024-03-15,Grocery,Pasta Variety Pack,4,13.81,0,55.24,14.99,3.31,73.54,Credit Card,Delivered,Express,Website,,3,4.0,
7411696,745022,2024-03-15,Toys & Games,Puzzle 1000pc,2,27.7,10,49.86,5.99,3.99,59.84,Credit Card,Delivered,Standard,Mobile App,WELCOME10,7,,
1724909,528196,2024-03-15,Clothing,Summer Dress,3,40.06,0,120.18,0.0,7.51,127.69,Google Pay,Delivered,Standard,Website,,7,4.0,
3742608,355903,2024-03-16,Home & Kitchen,Non-Stick Frying Pan,1,167.56,0,167.56,12.99,10.47,191.02,Credit Card,Returned,Express,Website,,3,,Better Price Found
3194010,388826,2024-03-16,Home & Kitchen,Vacuum Cleaner,1,144.28,0,144.28,12.99,11.9,169.17,Credit Card,Delivered,Express,Mobile App,,3,5.0,
3408937,762085,2024-03-16,Clothing,Cotton T-Shirt,3,33.56,0,100.68,12.99,16.11,129.78,Gift Card,Delivered,Express,Mobile App,,3,3.0,
2955453,145116,2024-03-17,Clothing,Rain Jacket,2,56.29,15,95.69,12.99,9.57,118.25,Credit Card,Returned,Express,Website,HOLIDAY25,3,,Arrived Late
6206532,522163,2024-03-17,Toys & Games,Action Figure,2,36.81,0,73.62,14.99,9.57,98.18,Debit Card,Delivered,Express,Marketplace,,3,4.0,
2393763,684370,2024-03-17,Grocery,Organic Coffee Beans,3,15.21,0,45.63,5.99,3.76,55.38,Credit Card,Shipped,Standard,Website,,7,,
6557249,385214,2024-03-18,Pet Supplies,Cat Litter Box,3,45.95,0,137.85,12.99,11.37,162.21,Credit Card,Cancelled,Express,Marketplace,,3,,
4496607,889948,2024-03-20,Books,Mystery Novel,1,40.84,0,40.84,14.99,3.27,59.1,Credit Card,Delivered,Express,Website,,3,4.0,
6564320,527694,2024-03-21,Home & Kitchen,Air Fryer,1,169.63,0,169.63,0.0,13.57,183.2,Credit Card,Delivered,Standard,Marketplace,,7,4.0,
4290421,714776,2024-03-22,Clothing,Rain Jacket,1,44.62,0,44.62,5.99,2.79,53.4,Apple Pay,Shipped,Standard,Mobile App,,7,,
7442293,138889,2024-03-22,Electronics,Streaming Media Player,1,211.58,0,211.58,0.0,12.69,224.27,Credit Card,Delivered,Standard,Mobile App,,7,,
7530486,248546,2024-03-23,Beauty & Personal Care,Skincare Gift Set,7,25.35,30,124.22,0.0,10.25,134.47,Debit Card,Cancelled,Standard,Website,SUMMER10,7,,
4119409,800785,2024-03-23,Home & Kitchen,Cutlery Set,1,258.01,0,258.01,0.0,21.29,279.3,Google Pay,Returned,Standard,Website,,7,,Better Price Found
7933175,764214,2024-03-24,Sports & Outdoors,Insulated Water Bottle,3,73.7,0,221.1,0.0,13.27,234.37,Credit Card,Delivered,Free Pickup,Website,,0,4.0,
2909271,941827,2024-03-24,Beauty & Personal Care,Vitamin C Serum,3,53.86,0,161.58,24.99,9.69,196.26,PayPal,Cancelled,Next-Day,Website,,1,,
2763725,122359,2024-03-26,Pet Supplies,Dog Bed,2,32.69,5,62.11,5.99,5.12,73.22,Apple Pay,Cancelled,Standard,Website,VIP15,7,,
7715794,312879,2024-03-26,Clothing,Winter Parka,1,79.02,0,79.02,0.0,6.52,85.54,Debit Card,Delivered,Standard,Marketplace,,7,,
4380535,242120,2024-03-26,Clothing,Men's Denim Jacket,2,53.31,20,85.3,0.0,5.12,90.42,Credit Card,Returned,Standard,Website,FLASH30,7,,Wrong Size
6944495,314695,2024-03-26,Home & Kitchen,Ceramic Dinnerware Set,1,284.84,0,284.84,0.0,17.09,301.93,Credit Card,Delivered,Standard,Mobile App,,7,5.0,
1952282,889948,2024-03-27,Office Supplies,Desk Organizer,6,111.22,0,667.32,0.0,40.04,707.36,PayPal,Delivered,Standard,Mobile App,,7,5.0,
7060389,138889,2024-03-28,Toys & Games,Doll House,1,15.63,0,15.63,5.99,0.98,22.6,Debit Card,Delivered,Standard,Website,,7,4.0,
3483570,476035,2024-03-28,Grocery,Protein Bar Box,3,18.21,0,54.63,14.99,8.74,78.36,PayPal,Delivered,,Website,,3,4.0,
4606476,202299,2024-03-28,Beauty & Personal Care,Skincare Gift Set,3,95.0,0,285.0,0.0,57.0,342.0,Gift Card,Delivered,Standard,Marketplace,,7,5.0,
5677621,963727,2024-03-28,Electronics,Bluetooth Speaker,1,609.23,0,609.23,0.0,36.55,645.78,Credit Card,Delivered,Standard,Website,,7,1.0,
2360348,236288,2024-03-28,Books,Mystery Novel,2,12.18,0,24.36,5.99,1.46,31.81,Debit Card,Delivered,Standard,Mobile App,,7,5.0,
2793420,324340,2024-03-28,Electronics,Mechanical Keyboard,1,207.83,0,207.83,0.0,12.99,220.82,PayPal,Shipped,Standard,Website,,7,,
3019110,636916,2024-03-28,Clothing,Wool Sweater,3,126.58,0,379.74,0.0,23.73,403.47,Credit Card,Cancelled,Standard,Mobile App,,7,,
5330079,670693,2024-03-28,Home & Kitchen,Air Fryer,1,59.35,0,59.35,27.99,4.9,92.24,Debit Card,Delivered,Next-Day,Website,,1,5.0,
3273204,570736,2024-03-31,Sports & Outdoors,Mountain Bike Helmet,1,113.03,0,113.03,0.0,6.78,119.81,Debit Card,Delivered,Standard,Mobile App,,7,4.0,
9450220,457597,2024-04-01,Home & Kitchen,Memory Foam Pillow,2,112.07,20,179.31,12.99,14.79,207.09,Debit Card,Delivered,Express,Website,HOLIDAY25,3,,
4989293,543108,2024-04-01,Electronics,Wireless Mouse,2,646.53,30,905.14,12.99,74.67,992.8,PayPal,Returned,Express,Mobile App,FLASH30,3,,Not as Described
2663767,992549,2024-04-01,Home & Kitchen,Cutlery Set,2,37.63,0,75.26,12.99,6.21,94.46,Google Pay,Cancelled,Express,Mobile App,,3,,
2542350,531320,2024-04-02,Electronics,Smartphone Case,1,65.76,0,65.76,27.99,3.95,97.7,Credit Card,Delivered,Next-Day,Website,,1,,
6080392,522293,2024-04-02,Office Supplies,Ergonomic Office Chair,1,36.96,0,36.96,5.99,2.22,45.17,PayPal,Delivered,Standard,Website,,7,5.0,
7949339,383904,2024-04-02,Electronics,Wireless Mouse,1,632.24,0,632.24,0.0,39.52,671.76,Credit Card,Delivered,Free Pickup,Marketplace,,0,4.0,
7522398,400647,2024-04-03,Electronics,Noise-Cancelling Headphones,3,670.91,0,2012.73,24.99,166.05,2203.77,Credit Card,Returned,Next-Day,Marketplace,,1,,Better Price Found
6563033,597542,2024-04-03,Home & Kitchen,Ceramic Dinnerware Set,1,72.14,0,72.14,5.99,5.77,83.9,Credit Card,Delivered,Standard,Mobile App,,7,5.0,
3697919,999753,2024-04-03,Electronics,Laptop Stand,3,373.56,25,840.51,24.99,67.24,932.74,PayPal,Delivered,Next-Day,Mobile App,FLASH30,1,1.0,
8733283,305163,2024-04-03,Clothing,Slim Fit Jeans,4,56.09,0,224.36,0.0,17.95,242.31,PayPal,Returned,Standard,Mobile App,,7,,Better Price Found
5806060,992549,2024-04-04,Home & Kitchen,Memory Foam Pillow,1,54.42,0,54.42,5.99,3.27,63.68,Apple Pay,Delivered,Standard,Marketplace,,7,1.0,
9078443,805419,2024-04-04,Home & Kitchen,Coffee Maker,3,113.22,0,339.66,0.0,20.38,360.04,Credit Card,Delivered,Standard,Website,,7,3.0,
3722073,924384,2024-04-04,Electronics,Noise-Cancelling Headphones,1,492.73,0,492.73,12.99,40.65,546.37,Google Pay,Delivered,Express,Marketplace,,3,4.0,
7106443,805607,2024-04-05,Sports & Outdoors,Insulated Water Bottle,1,60.9,0,60.9,0.0,3.81,64.71,Debit Card,Delivered,Free Pickup,Website,,0,5.0,
1214845,554597,2024-04-05,Clothing,Cotton T-Shirt,1,180.0,0,180.0,0.0,28.8,208.8,Debit Card,Delivered,Standard,Mobile App,,7,4.0,
6489884,874360,2024-04-05,Electronics,Wireless Mouse,1,109.85,0,109.85,0.0,6.59,116.44,PayPal,Delivered,Standard,Mobile App,,7,5.0,
8781047,585787,2024-04-05,Books,Mystery Novel,2,10.58,0,21.16,5.99,1.27,28.42,Credit Card,Delivered,Standard,Website,,7,,
3516397,454090,2024-04-06,Beauty & Personal Care,Facial Moisturizer,1,18.69,0,18.69,5.99,2.43,27.11,Credit Card,Delivered,Standard,Mobile App,,7,2.0,
8651235,806986,2024-04-06,Electronics,Wireless Mouse,2,473.08,0,946.16,12.99,123.0,1082.15,Credit Card,Returned,Express,Website,,3,,Arrived Late
4845427,806986,2024-04-07,Clothing,Running Shoes,3,22.54,0,67.62,5.99,4.06,77.67,Credit Card,Delivered,Standard,Website,,7,,
3088145,903815,2024-04-07,Home & Kitchen,Coffee Maker,2,48.16,10,86.69,24.99,5.2,116.88,Debit Card,Returned,Next-Day,Website,FREESHIP,1,,Defective Item
8121162,231485,2024-04-07,Toys & Games,Action Figure,2,65.17,0,130.34,0.0,7.82,138.16,Debit Card,Cancelled,Standard,Website,,7,,
4076109,585787,2024-04-07,Grocery,Granola Cereal,2,43.12,25,64.68,14.99,3.88,83.55,PayPal,Delivered,Express,Mobile App,VIP15,3,4.0,
9552996,974063,2024-04-07,Clothing,Rain Jacket,3,47.21,0,141.63,0.0,11.68,153.31,PayPal,Delivered,Standard,Website,,7,5.0,
4602708,729750,2024-04-08,Electronics,Noise-Cancelling Headphones,1,311.6,0,311.6,12.99,18.7,343.29,Credit Card,Delivered,Express,Website,,3,1.0,
2643422,304008,2024-04-08,Beauty & Personal Care,Skincare Gift Set,5,18.06,0,90.3,0.0,7.45,97.75,Debit Card,Delivered,Standard,Marketplace,,7,4.0,
8094865,581702,2024-04-10,Toys & Games,Plush Teddy Bear,1,30.71,0,30.71,5.99,2.53,39.23,Credit Card,Delivered,Standard,Website,,7,5.0,
7109578,353006,2024-04-10,Beauty & Personal Care,Facial Moisturizer,1,20.67,0,20.67,5.99,1.65,28.31,Credit Card,Delivered,Standard,Website,,7,,
8925203,159870,2024-04-11,Clothing,Winter Parka,1,22.64,0,22.64,5.99,2.94,31.57,PayPal,Delivered,Standard,Website,,7,,
8244393,490092,2024-04-12,Home & Kitchen,Cutlery Set,1,110.97,0,110.97,0.0,8.88,119.85,Credit Card,Delivered,Standard,Mobile App,,7,4.0,
2073189,815357,2024-04-13,Sports & Outdoors,Fitness Tracker Watch,1,43.16,0,43.16,5.99,2.59,51.74,Credit Card,Delivered,Standard,Website,,7,5.0,
7088516,249284,2024-04-13,Home & Kitchen,Cutlery Set,2,70.05,0,140.1,0.0,8.41,148.51,Apple Pay,Delivered,Standard,Marketplace,,7,,
4173624,107065,2024-04-13,Clothing,Women's Yoga Pants,3,58.35,30,122.54,0.0,7.35,129.89,Gift Card,Delivered,Standard,Website,SUMMER10,7,5.0,
4831613,953629,2024-04-13,Electronics,Wireless Mouse,1,643.03,0,643.03,0.0,40.19,683.22,Apple Pay,Delivered,Free Pickup,Website,,0,,
8398632,761074,2024-04-13,Home & Kitchen,Cutlery Set,1,71.4,0,71.4,14.99,5.71,92.1,Credit Card,Delivered,Express,Marketplace,,3,3.0,
2571555,549826,2024-04-14,Electronics,4K Smart TV,1,408.61,0,408.61,0.0,24.52,433.13,Debit Card,Delivered,Free Pickup,Mobile App,,0,5.0,
8863892,764665,2024-04-14,Office Supplies,Desk Organizer,1,139.15,0,139.15,0.0,13.92,153.07,Debit Card,Returned,Standard,Website,,7,,Better Price Found
3195753,355464,2024-04-14,Toys & Games,Remote Control Car,1,14.38,0,14.38,5.99,0.9,21.27,PayPal,Delivered,Standard,Mobile App,,7,,
7870196,956979,2024-04-14,Home & Kitchen,Air Fryer,2,200.26,20,320.42,12.99,26.43,359.84,Credit Card,Cancelled,Express,Marketplace,SAVE20,3,,
6932282,870294,2024-04-14,Beauty & Personal Care,Sunscreen SPF50,1,9.84,5,9.35,14.99,0.56,24.9,PayPal,Delivered,Express,Website,SAVE20,3,5.0,
7962703,359234,2024-04-14,Electronics,Mechanical Keyboard,1,86.43,0,86.43,24.99,5.19,116.61,Credit Card,Delivered,Next-Day,Website,,1,5.0,
7949532,209703,2024-04-15,Books,Science Fiction Epic,1,6.86,0,6.86,5.99,0.89,13.74,Debit Card,Cancelled,Standard,Website,,7,,
3792602,764258,2024-04-15,Beauty & Personal Care,Electric Razor,2,39.09,0,78.18,0.0,4.89,83.07,Credit Card,Delivered,Standard,Mobile App,,7,5.0,
9292574,695078,2024-04-15,Beauty & Personal Care,Shampoo & Conditioner Set,2,34.67,0,69.34,0.0,5.72,75.06,PayPal,Delivered,Free Pickup,Mobile App,,0,5.0,
4107714,112534,2024-04-15,Beauty & Personal Care,Sunscreen SPF50,3,22.83,25,51.37,5.99,3.08,60.44,Credit Card,Returned,Standard,Website,FLASH30,7,,Wrong Size
1018234,889948,2024-04-15,Beauty & Personal Care,Vitamin C Serum,2,41.73,5,79.29,0.0,6.54,85.83,Debit Card,Cancelled,Free Pickup,Website,HOLIDAY25,0,,
6345321,530251,2024-04-16,Electronics,Noise-Cancelling Headphones,2,131.42,20,210.27,0.0,27.34,237.61,PayPal,Returned,Standard,Website,WELCOME10,7,,Defective Item
7911743,475043,2024-04-16,Clothing,Women's Yoga Pants,3,45.03,0,135.09,0.0,17.56,152.65,PayPal,Returned,Standard,Website,,7,,Wrong Size
6286250,427055,2024-04-16,Office Supplies,Sticky Notes Pack,1,67.65,0,67.65,27.99,13.53,109.17,,Delivered,Next-Day,Mobile App,,1,3.0,
8838541,350253,2024-04-17,Sports & Outdoors,Camping Tent,2,120.02,0,240.04,0.0,14.4,254.44,Apple Pay,Delivered,Standard,Website,,7,5.0,
9984206,547541,2024-04-17,Beauty & Personal Care,Hair Dryer,1,21.65,0,21.65,27.99,1.3,50.94,Credit Card,Delivered,Next-Day,Marketplace,,1,1.0,
2864016,614147,2024-04-18,Sports & Outdoors,Adjustable Dumbbell Set,3,96.01,0,288.03,0.0,18.0,306.03,Credit Card,Delivered,Free Pickup,Website,,0,4.0,
6993795,104925,2024-04-19,Beauty & Personal Care,Skincare Gift Set,2,61.77,0,123.54,0.0,7.41,130.95,Gift Card,Delivered,Standard,Website,,7,4.0,
9114451,195758,2024-04-19,Home & Kitchen,LED Desk Lamp,1,265.08,0,265.08,24.99,16.57,306.64,PayPal,Delivered,Next-Day,Mobile App,,1,4.0,
8435959,622523,2024-04-20,Electronics,Noise-Cancelling Headphones,4,337.61,0,1350.44,0.0,81.03,1431.47,Credit Card,Delivered,Standard,Mobile App,,7,5.0,
2449150,733081,2024-04-20,Home & Kitchen,Ceramic Dinnerware Set,1,63.63,0,63.63,5.99,5.25,74.87,PayPal,Delivered,Standard,Marketplace,,7,,
2994551,122576,2024-04-20,Home & Kitchen,Memory Foam Pillow,2,71.95,0,143.9,0.0,8.99,152.89,Credit Card,Delivered,Standard,Marketplace,,7,5.0,
2864026,796682,2024-04-22,Grocery,Extra Virgin Olive Oil,5,21.67,0,108.35,12.99,6.5,127.84,Credit Card,Delivered,Express,Marketplace,,3,,
4692170,943477,2024-04-22,Sports & Outdoors,Fitness Tracker Watch,3,45.06,0,135.18,0.0,8.11,143.29,Debit Card,Returned,Standard,Website,,7,,Defective Item
3670072,241810,2024-04-23,Electronics,Mechanical Keyboard,2,300.27,0,600.54,0.0,36.03,636.57,Apple Pay,Delivered,Standard,Mobile App,,7,,
9111963,214719,2024-04-23,Electronics,Wireless Mouse,2,1100.03,0,2200.06,0.0,181.5,2381.56,Credit Card,Delivered,Standard,Website,,7,3.0,
3803745,666211,2024-04-23,Electronics,Noise-Cancelling Headphones,3,185.8,0,557.4,12.99,34.84,605.23,Apple Pay,Delivered,Express,Website,,3,5.0,
5788767,304008,2024-04-23,Sports & Outdoors,Mountain Bike Helmet,1,50.3,0,50.3,5.99,3.02,59.31,Credit Card,Delivered,Standard,Mobile App,,7,,
1369270,384136,2024-04-24,Home & Kitchen,Cotton Bed Sheets,1,118.73,15,100.92,0.0,8.33,109.25,Credit Card,Delivered,Standard,Website,VIP15,7,4.0,
7320116,856360,2024-04-24,Home & Kitchen,Coffee Maker,3,180.62,0,541.86,0.0,44.7,586.56,Debit Card,Delivered,Free Pickup,Mobile App,,0,,
7715942,265163,2024-04-25,Beauty & Personal Care,Vitamin C Serum,4,26.18,0,104.72,0.0,6.28,111.0,Debit Card,Delivered,Free Pickup,Website,,0,,
8260102,802647,2024-04-25,Pet Supplies,Aquarium Filter,4,74.33,0,297.32,0.0,24.53,321.85,PayPal,Delivered,Standard,Mobile App,,7,4.0,
9694442,404777,2024-04-26,Electronics,Streaming Media Player,1,240.46,0,240.46,12.99,24.05,277.5,Gift Card,Delivered,Express,Mobile App,,3,4.0,
1807984,312879,2024-04-26,Office Supplies,Stapler,2,129.46,0,258.92,12.99,15.54,287.45,Google Pay,Delivered,Express,Website,,3,3.0,
3864018,771645,2024-04-26,Home & Kitchen,Air Fryer,2,141.92,10,255.46,0.0,15.97,271.43,Gift Card,Returned,Standard,Marketplace,SAVE20,7,,Wrong Size
8983518,429344,2024-04-27,Electronics,Noise-Cancelling Headphones,1,404.14,0,404.14,0.0,24.25,428.39,PayPal,Delivered,Free Pickup,Mobile App,,0,,
8218073,248546,2024-04-27,Sports & Outdoors,Resistance Bands Set,2,82.32,5,156.41,0.0,12.9,169.31,Credit Card,Delivered,Standard,Mobile App,SUMMER10,7,4.0,
1622233,494006,2024-04-28,Clothing,Running Shoes,4,158.64,0,634.56,0.0,39.66,674.22,Google Pay,Delivered,Standard,Website,,7,4.0,
5776009,798962,2024-04-29,Toys & Games,Building Block Set,4,21.66,15,73.64,5.99,4.42,84.05,Apple Pay,Returned,Standard,Mobile App,FREESHIP,7,,Arrived Late
4175791,442609,2024-04-29,Home & Kitchen,Vacuum Cleaner,2,15.77,0,31.54,5.99,1.89,39.42,Credit Card,Delivered,Standard,Website,,7,3.0,
6895304,226229,2024-04-29,Electronics,4K Smart TV,3,214.24,0,642.72,0.0,38.56,681.28,Credit Card,Delivered,Standard,Mobile App,,7,4.0,
4905107,622669,2024-04-30,Books,Personal Finance 101,2,37.53,0,75.06,0.0,4.5,79.56,Credit Card,Delivered,,Website,,7,4.0,
7302160,244471,2024-04-30,Beauty & Personal Care,Sunscreen SPF50,2,17.29,0,34.58,5.99,2.85,43.42,PayPal,Delivered,Standard,Mobile App,,7,4.0,
5322287,747497,2024-04-30,Sports & Outdoors,Camping Tent,1,41.0,0,41.0,5.99,2.46,49.45,Credit Card,Delivered,Standard,Website,,7,4.0,
5520075,209703,2024-05-01,Sports & Outdoors,Yoga Mat,2,47.62,0,95.24,0.0,7.86,103.1,PayPal,Delivered,Standard,Website,,7,,
7120511,526724,2024-05-01,Electronics,Wireless Mouse,1,613.12,0,613.12,24.99,36.79,674.9,Credit Card,Delivered,Next-Day,Website,,1,1.0,
9283575,865643,2024-05-01,Toys & Games,Card Game Deck,1,8.27,0,8.27,5.99,0.66,14.92,Credit Card,Delivered,Standard,Mobile App,,7,5.0,
7582855,997140,2024-05-03,Electronics,4K Smart TV,1,76.59,0,76.59,0.0,9.96,86.55,Google Pay,Delivered,Standard,Website,,7,2.0,
9549598,981214,2024-05-03,Sports & Outdoors,Resistance Bands Set,1,49.14,0,49.14,5.99,4.05,59.18,Credit Card,Delivered,Standard,Website,,7,,
3798316,248039,2024-05-03,Home & Kitchen,Cutlery Set,1,85.7,0,85.7,12.99,7.07,105.76,PayPal,Delivered,Express,Website,,3,5.0,
3821878,716918,2024-05-03,Toys & Games,Outdoor Water Blaster,2,15.19,0,30.38,5.99,1.9,38.27,Credit Card,Delivered,Standard,Marketplace,,7,3.0,
9467336,639080,2024-05-03,Books,Science Fiction Epic,5,27.0,0,135.0,0.0,8.1,143.1,Debit Card,Delivered,Standard,Mobile App,,7,3.0,
7785412,279737,2024-05-04,Clothing,Running Shoes,1,124.17,0,124.17,24.99,10.24,159.4,Debit Card,Delivered,Next-Day,Website,,1,5.0,
6653750,664785,2024-05-04,Beauty & Personal Care,Sunscreen SPF50,2,33.24,0,66.48,5.99,4.32,76.79,Credit Card,Shipped,Standard,Website,,7,,
7023439,209703,2024-05-04,Clothing,Cotton T-Shirt,1,180.0,10,162.0,0.0,9.72,171.72,PayPal,Returned,Standard,Mobile App,WELCOME10,7,,Arrived Late
3484134,178914,2024-05-04,Books,Historical Biography,2,17.34,0,34.68,5.99,3.47,44.14,Apple Pay,Delivered,Standard,Mobile App,,7,5.0,
9907125,688411,2024-05-05,Electronics,Streaming Media Player,1,81.17,0,81.17,0.0,4.87,86.04,PayPal,Delivered,Standard,Website,,7,5.0,
8809580,638422,2024-05-05,Clothing,Wool Sweater,6,111.14,0,666.84,0.0,53.35,720.19,Credit Card,Delivered,Standard,Mobile App,,7,1.0,
5894330,660873,2024-05-05,Sports & Outdoors,Camping Tent,1,208.24,0,208.24,0.0,41.65,249.89,Apple Pay,Delivered,Standard,Website,,7,4.0,
3719727,868465,2024-05-06,Toys & Games,Building Block Set,2,45.98,0,91.96,24.99,5.52,122.47,Debit Card,Delivered,Next-Day,Mobile App,,1,5.0,
4125233,476547,2024-05-06,Clothing,Summer Dress,4,22.74,0,90.96,24.99,5.46,121.41,Credit Card,Delivered,Next-Day,Website,,1,,
5640274,598248,2024-05-06,Home & Kitchen,Cotton Bed Sheets,2,199.62,25,299.43,0.0,38.93,338.36,PayPal,Delivered,Standard,Website,FREESHIP,7,,
3900495,622527,2024-05-06,Beauty & Personal Care,Hair Dryer,3,10.84,0,32.52,5.99,2.68,41.19,PayPal,Delivered,Standard,Mobile App,,7,4.0,
6171481,805419,2024-05-06,Sports & Outdoors,Resistance Bands Set,1,106.67,0,106.67,0.0,6.4,113.07,PayPal,Delivered,Standard,Marketplace,,7,,
8216924,315385,2024-05-07,Electronics,4K Smart TV,3,572.76,0,1718.28,12.99,111.69,1842.96,PayPal,Returned,Express,Mobile App,,3,,Better Price Found
9059236,969091,2024-05-07,Sports & Outdoors,Insulated Water Bottle,1,73.89,0,73.89,5.99,6.1,85.98,Credit Card,Delivered,Standard,Mobile App,,7,5.0,
8505493,653198,2024-05-07,Home & Kitchen,Cutlery Set,2,69.99,0,139.98,0.0,28.0,167.98,PayPal,Delivered,Standard,Website,,7,4.0,
8502784,717194,2024-05-07,Grocery,Pasta Variety Pack,1,11.64,15,9.89,5.99,0.62,16.5,Debit Card,Delivered,Standard,Website,FREESHIP,7,4.0,
7643312,729799,2024-05-08,Books,Mystery Novel,1,14.24,20,11.39,5.99,0.94,18.32,Debit Card,Delivered,Standard,Marketplace,SAVE20,7,,
5740473,610234,2024-05-08,Electronics,Streaming Media Player,4,115.19,0,460.76,0.0,28.8,489.56,Credit Card,Delivered,Standard,Mobile App,,7,,
8907351,312967,2024-05-09,Electronics,Mechanical Keyboard,1,325.81,0,325.81,0.0,19.55,345.36,Credit Card,Delivered,Standard,Website,,7,5.0,
3322783,974063,2024-05-09,Clothing,Summer Dress,3,78.22,0,234.66,24.99,14.67,274.32,Google Pay,Delivered,Next-Day,Website,,1,3.0,
5120296,265163,2024-05-09,Beauty & Personal Care,Facial Moisturizer,1,65.13,0,65.13,27.99,0.0,93.12,Gift Card,Delivered,Next-Day,Website,,1,4.0,
6137267,652739,2024-05-10,Beauty & Personal Care,Shampoo & Conditioner Set,3,38.83,0,116.49,0.0,6.99,123.48,Credit Card,Delivered,Standard,Website,,7,,
5514908,225693,2024-05-10,Home & Kitchen,Ceramic Dinnerware Set,1,29.34,0,29.34,0.0,1.76,31.1,Credit Card,Returned,Free Pickup,Mobile App,,0,,Changed Mind
3826415,530251,2024-05-10,Electronics,Wireless Earbuds,1,95.95,0,95.95,0.0,12.47,108.42,Debit Card,Delivered,Standard,Mobile App,,7,4.0,
4727349,225693,2024-05-11,Electronics,Mechanical Keyboard,2,261.79,0,523.58,0.0,41.89,565.47,Google Pay,Delivered,Standard,Mobile App,,7,4.0,
1795861,533723,2024-05-11,Office Supplies,Label Maker,1,11.27,0,11.27,5.99,0.68,17.94,Credit Card,Delivered,Standard,Marketplace,,7,4.0,
3928351,515308,2024-05-11,Office Supplies,Notebook Set,2,41.47,15,70.5,5.99,4.23,80.72,Credit Card,Delivered,Standard,Mobile App,SUMMER10,7,4.0,
5698381,616639,2024-05-13,Clothing,Cotton T-Shirt,1,81.74,0,81.74,12.99,16.35,111.08,Credit Card,Delivered,Express,Mobile App,,3,,
4197573,418734,2024-05-13,Home & Kitchen,Air Fryer,1,109.5,0,109.5,12.99,21.9,144.39,Credit Card,Delivered,Express,Website,,3,5.0,
6319424,370685,2024-05-13,Clothing,Men's Denim Jacket,2,44.92,0,89.84,0.0,5.62,95.46,Debit Card,Delivered,Standard,Website,,7,,
4619622,764258,2024-05-14,Pet Supplies,Cat Litter Box,3,21.34,0,64.02,0.0,3.84,67.86,Credit Card,Shipped,Free Pickup,Mobile App,,0,,
4686777,343810,2024-05-14,Toys & Games,Remote Control Car,2,93.27,0,186.54,0.0,15.39,201.93,PayPal,Shipped,Standard,Website,,7,,
7080864,568238,2024-05-14,Sports & Outdoors,Yoga Mat,1,74.64,10,67.18,14.99,8.73,90.9,Credit Card,Delivered,Express,Website,VIP15,3,5.0,
7565746,698997,2024-05-14,Beauty & Personal Care,Shampoo & Conditioner Set,1,44.96,0,44.96,14.99,2.7,62.65,Debit Card,Delivered,Express,Website,,3,,
8662287,764258,2024-05-15,Office Supplies,Label Maker,3,109.51,0,328.53,0.0,27.1,355.63,PayPal,Delivered,Free Pickup,Website,,0,1.0,
8554111,279737,2024-05-15,Sports & Outdoors,Basketball,3,37.07,0,111.21,12.99,6.67,130.87,Google Pay,Delivered,Express,Website,,3,3.0,
7992417,384588,2024-05-15,Clothing,Winter Parka,2,108.47,0,216.94,0.0,13.56,230.5,Credit Card,Delivered,Standard,Marketplace,,7,,
4308024,757288,2024-05-15,Clothing,Men's Denim Jacket,3,143.23,20,343.75,0.0,20.62,364.37,Credit Card,Delivered,Free Pickup,Website,FLASH30,0,,
5078406,750599,2024-05-15,Home & Kitchen,Ceramic Dinnerware Set,1,197.47,0,197.47,24.99,12.34,234.8,Credit Card,Delivered,Next-Day,Mobile App,,1,4.0,
9984121,919427,2024-05-15,Electronics,Laptop Stand,2,214.5,0,429.0,12.99,35.39,477.38,Credit Card,Delivered,Express,Website,,3,,
8989090,664785,2024-05-15,Beauty & Personal Care,Vitamin C Serum,2,28.81,0,57.62,14.99,3.46,76.07,Debit Card,Delivered,Express,Website,,3,4.0,
8164235,814732,2024-05-16,Electronics,Bluetooth Speaker,2,222.93,0,445.86,0.0,57.96,503.82,Credit Card,Delivered,Standard,Mobile App,,7,1.0,
7529398,438706,2024-05-16,Books,Children's Picture Book,1,33.65,0,33.65,14.99,0.0,48.64,PayPal,Delivered,Express,Marketplace,,3,4.0,
9354369,932843,2024-05-17,Grocery,Extra Virgin Olive Oil,3,6.09,10,16.44,5.99,3.29,25.72,Debit Card,Cancelled,Standard,Mobile App,FREESHIP,7,,
7375553,429344,2024-05-17,Electronics,Wireless Earbuds,1,304.5,0,304.5,0.0,25.12,329.62,Credit Card,Delivered,Standard,Website,,7,4.0,
7658929,750599,2024-05-17,Home & Kitchen,Cotton Bed Sheets,2,68.82,0,137.64,12.99,22.02,172.65,Debit Card,Cancelled,Express,Mobile App,,3,,
7922133,514284,2024-05-17,Clothing,Women's Yoga Pants,3,62.18,0,186.54,0.0,11.66,198.2,Google Pay,Cancelled,Standard,Mobile App,,7,,
7153014,152422,2024-05-17,Books,Science Fiction Epic,2,10.2,0,20.4,14.99,1.68,37.07,Apple Pay,Delivered,Express,Marketplace,,3,3.0,
3656669,157373,2024-05-18,Beauty & Personal Care,Vitamin C Serum,4,63.35,0,253.4,12.99,15.84,282.23,Debit Card,Shipped,Express,Mobile App,,3,,
7988743,549826,2024-05-18,Electronics,Mechanical Keyboard,1,381.09,0,381.09,0.0,31.44,412.53,Apple Pay,Delivered,Standard,Website,,7,,
5227933,221043,2024-05-19,Toys & Games,Building Block Set,1,51.55,20,41.24,5.99,5.36,52.59,Apple Pay,Returned,Standard,Website,HOLIDAY25,7,,Better Price Found
2647575,969906,2024-05-19,Books,Children's Picture Book,4,20.91,5,79.46,12.99,4.77,97.22,Gift Card,Delivered,Express,Mobile App,HOLIDAY25,3,4.0,
7323425,457597,2024-05-20,Sports & Outdoors,Adjustable Dumbbell Set,1,31.38,0,31.38,27.99,2.59,61.96,Debit Card,Delivered,Next-Day,Website,,1,,
3706464,868822,2024-05-20,Electronics,4K Smart TV,3,122.6,0,367.8,0.0,22.99,390.79,PayPal,Delivered,Standard,Website,,7,,
1365077,498642,2024-05-20,Clothing,Winter Parka,1,33.25,25,24.94,27.99,2.06,54.99,Credit Card,Delivered,Next-Day,Website,SUMMER10,1,,
1752019,885352,2024-05-20,Sports & Outdoors,Fitness Tracker Watch,3,116.41,0,349.23,12.99,20.95,383.17,Debit Card,Processing,Express,Website,,3,,
2890077,476035,2024-05-21,Sports & Outdoors,Insulated Water Bottle,1,58.11,15,49.39,5.99,4.94,60.32,PayPal,Delivered,Standard,Website,WELCOME10,7,,
2558741,670928,2024-05-22,Electronics,Wireless Mouse,2,334.22,25,501.33,0.0,30.08,531.41,PayPal,Delivered,Free Pickup,Mobile App,SUMMER10,0,,
1758862,377565,2024-05-22,Home & Kitchen,Coffee Maker,1,196.62,0,196.62,0.0,12.29,208.91,Google Pay,Delivered,Standard,Mobile App,,7,1.0,
9535806,650325,2024-05-22,Home & Kitchen,Cotton Bed Sheets,1,175.44,0,175.44,0.0,0.0,175.44,Debit Card,Delivered,Standard,Marketplace,,7,,
5338634,798962,2024-05-23,Toys & Games,Board Game Classic,1,11.4,0,11.4,14.99,0.71,27.1,Apple Pay,Cancelled,Express,Website,,3,,
3532884,954194,2024-05-23,Grocery,Mixed Nuts Pack,3,5.99,0,17.97,5.99,1.48,25.44,Apple Pay,Delivered,Standard,Marketplace,,7,5.0,
3396611,529534,2024-05-24,Clothing,Cotton T-Shirt,5,29.43,10,132.44,0.0,7.95,140.39,Debit Card,Cancelled,Standard,Mobile App,SAVE20,7,,
8903987,526706,2024-05-25,Clothing,Running Shoes,1,69.47,5,66.0,27.99,4.12,98.11,Debit Card,Returned,Next-Day,Mobile App,WELCOME10,1,,Wrong Size
3619423,748905,2024-05-25,Clothing,Slim Fit Jeans,1,31.85,0,31.85,5.99,2.63,40.47,Credit Card,Delivered,Standard,Mobile App,,7,,
3176942,802087,2024-05-26,Clothing,Winter Parka,2,82.24,0,164.48,0.0,10.69,175.17,Apple Pay,Returned,Standard,Marketplace,,7,,Not as Described
9359077,902174,2024-05-26,Clothing,Summer Dress,1,81.13,0,81.13,0.0,4.87,86.0,PayPal,Delivered,Standard,Website,,7,5.0,
7732877,159870,2024-05-26,Books,Fantasy Trilogy Box Set,1,13.09,25,9.82,5.99,1.28,17.09,Google Pay,Delivered,Standard,Website,SAVE20,7,2.0,
4116271,157373,2024-05-27,Beauty & Personal Care,Electric Razor,4,52.7,15,179.18,12.99,10.75,202.92,Credit Card,Delivered,Express,Mobile App,HOLIDAY25,3,4.0,
4617909,777635,2024-05-27,Home & Kitchen,Stand Mixer,2,70.15,0,140.3,12.99,14.03,167.32,Google Pay,Delivered,Express,Marketplace,,3,5.0,
2677511,119888,2024-05-27,Beauty & Personal Care,Makeup Palette,1,43.62,0,43.62,5.99,3.49,53.1,Debit Card,Delivered,Standard,Website,,7,5.0,
4889752,585787,2024-05-27,Electronics,Wireless Earbuds,2,275.5,0,551.0,0.0,0.0,551.0,Apple Pay,Delivered,Standard,Mobile App,,7,3.0,
4636207,944244,2024-05-27,Toys & Games,Educational STEM Kit,1,44.6,0,44.6,5.99,3.68,54.27,Debit Card,Delivered,Standard,Website,,7,1.0,
8986101,185515,2024-05-28,Home & Kitchen,Coffee Maker,2,131.33,25,197.0,0.0,12.31,209.31,PayPal,Returned,Standard,Mobile App,WELCOME10,7,,Not as Described
2727788,813547,2024-05-28,Toys & Games,Plush Teddy Bear,3,49.22,0,147.66,0.0,12.18,159.84,Credit Card,Delivered,Standard,Website,,7,3.0,
5200758,476035,2024-05-28,Clothing,Slim Fit Jeans,5,27.33,0,136.65,24.99,8.54,170.18,Debit Card,Delivered,Next-Day,Website,,1,,
7965022,264557,2024-05-28,Clothing,Men's Denim Jacket,2,40.04,0,80.08,12.99,4.8,97.87,Google Pay,Delivered,Express,Website,,3,,
5647242,377565,2024-05-28,Grocery,Extra Virgin Olive Oil,4,13.99,30,39.17,5.99,2.35,47.51,PayPal,Cancelled,Standard,Mobile App,SUMMER10,7,,
7780820,380844,2024-05-29,Clothing,Summer Dress,2,71.7,30,100.38,0.0,8.28,108.66,Credit Card,Delivered,Standard,Marketplace,SUMMER10,7,5.0,
7748401,956945,2024-05-29,Grocery,Protein Bar Box,1,41.77,0,41.77,14.99,2.51,59.27,Debit Card,Delivered,Express,Marketplace,,3,3.0,
4852191,229422,2024-05-29,Clothing,Summer Dress,1,151.47,10,136.32,12.99,8.18,157.49,Google Pay,Delivered,Express,Website,WELCOME10,3,,
6635313,796682,2024-05-29,Books,Graphic Novel,2,21.77,0,43.54,14.99,3.48,62.01,Credit Card,Delivered,Express,Marketplace,,3,4.0,
8080288,581702,2024-05-30,Toys & Games,Educational STEM Kit,1,11.27,5,10.71,14.99,0.64,26.34,Debit Card,Delivered,Express,Website,SAVE20,3,,
9526013,610234,2024-05-30,Beauty & Personal Care,Electric Toothbrush,3,23.07,0,69.21,5.99,4.15,79.35,Debit Card,Delivered,Standard,Mobile App,,7,5.0,
4646231,652739,2024-06-01,Electronics,Noise-Cancelling Headphones,1,330.82,0,330.82,0.0,26.47,357.29,Credit Card,Delivered,Standard,Website,,7,4.0,
8688970,977095,2024-06-01,Office Supplies,Sticky Notes Pack,2,75.3,30,105.42,0.0,21.08,126.5,Debit Card,Delivered,Standard,Website,VIP15,7,,
7121889,315385,2024-06-02,Sports & Outdoors,Hiking Backpack,1,40.7,0,40.7,14.99,2.54,58.23,Credit Card,Delivered,Express,Website,,3,5.0,
4814820,761450,2024-06-02,Clothing,Women's Yoga Pants,3,39.79,0,119.37,0.0,23.87,143.24,Credit Card,Delivered,Standard,Website,,7,,
4295424,411928,2024-06-02,Office Supplies,Ergonomic Office Chair,2,71.76,0,143.52,0.0,28.7,172.22,PayPal,Delivered,Standard,Mobile App,,7,,
6503163,513724,2024-06-02,Home & Kitchen,Cotton Bed Sheets,4,123.6,0,494.4,0.0,64.27,558.67,Google Pay,Delivered,Free Pickup,Website,,0,,
7083409,385214,2024-06-02,Electronics,Wireless Mouse,2,325.64,5,618.72,0.0,80.43,699.15,Apple Pay,Delivered,Standard,Mobile App,HOLIDAY25,7,,
3656055,598248,2024-06-03,Office Supplies,Desk Organizer,4,55.59,0,222.36,12.99,18.34,253.69,Debit Card,Cancelled,Express,Website,,3,,
2546636,808680,2024-06-04,Clothing,Summer Dress,2,57.67,0,115.34,0.0,9.52,124.86,Apple Pay,Delivered,Standard,Marketplace,,7,,
2715256,185515,2024-06-04,Beauty & Personal Care,Makeup Palette,2,33.75,20,54.0,5.99,4.46,64.45,Apple Pay,Returned,Standard,Mobile App,HOLIDAY25,7,,Wrong Size
6755357,905920,2024-06-04,Grocery,Organic Coffee Beans,4,21.27,0,85.08,12.99,0.0,98.07,Credit Card,Delivered,Express,Marketplace,,3,5.0,
4200090,312879,2024-06-04,Electronics,Smartphone Case,3,157.18,20,377.23,12.99,23.58,413.8,Debit Card,Delivered,Express,Website,SUMMER10,3,3.0,
5464512,907174,2024-06-04,Electronics,Noise-Cancelling Headphones,3,256.65,0,769.95,0.0,46.2,816.15,Debit Card,Delivered,Standard,Website,,7,,
2325670,519251,2024-06-04,Electronics,Portable Charger,1,53.91,0,53.91,27.99,7.01,88.91,Credit Card,Delivered,Next-Day,Website,,1,,
4069764,504905,2024-06-04,Clothing,Summer Dress,3,58.93,0,176.79,0.0,35.36,212.15,Debit Card,Delivered,Standard,Website,,7,,
7164756,539241,2024-06-05,Office Supplies,Desk Organizer,2,39.82,0,79.64,12.99,0.0,92.63,,Returned,Express,Website,,3,,Better Price Found
1735440,348817,2024-06-05,Toys & Games,Remote Control Car,2,86.12,25,129.18,0.0,7.75,136.93,Credit Card,Delivered,Standard,Mobile App,FLASH30,7,4.0,
1854292,782085,2024-06-05,Clothing,Wool Sweater,2,94.21,0,188.42,12.99,11.31,212.72,Credit Card,Returned,Express,Mobile App,,3,,Wrong Size
1931525,282050,2024-06-05,Home & Kitchen,Memory Foam Pillow,1,130.28,0,130.28,12.99,10.75,154.02,Credit Card,Delivered,Express,Marketplace,,3,,
8045871,843085,2024-06-06,Toys & Games,Plush Teddy Bear,4,33.88,0,135.52,0.0,11.18,146.7,Debit Card,Delivered,Standard,Website,,7,4.0,
6666475,168637,2024-06-06,Books,Personal Finance 101,1,21.03,0,21.03,14.99,1.26,37.28,Credit Card,Delivered,Express,Marketplace,,3,5.0,
6757024,429617,2024-06-06,Clothing,Wool Sweater,2,31.17,10,56.11,14.99,3.37,74.47,Credit Card,Delivered,Express,Website,HOLIDAY25,3,4.0,
2727812,270348,2024-06-06,Electronics,Wireless Earbuds,1,296.58,0,296.58,0.0,59.32,355.9,PayPal,Delivered,Standard,Mobile App,,7,3.0,
7998154,908295,2024-06-06,Clothing,Cotton T-Shirt,2,28.83,0,57.66,5.99,3.46,67.11,Apple Pay,Delivered,Standard,Marketplace,,7,,
4386294,304008,2024-06-07,Sports & Outdoors,Adjustable Dumbbell Set,1,129.0,0,129.0,24.99,10.64,164.63,PayPal,Delivered,Next-Day,Mobile App,,1,3.0,
6196385,276672,2024-06-07,Sports & Outdoors,Basketball,3,137.52,15,350.68,0.0,21.92,372.6,Credit Card,Delivered,Standard,Website,FREESHIP,7,3.0,
3326193,937852,2024-06-07,Electronics,Noise-Cancelling Headphones,1,881.09,0,881.09,0.0,72.69,953.78,PayPal,Delivered,Standard,Website,,7,4.0,
9010907,670883,2024-06-07,Beauty & Personal Care,Electric Toothbrush,2,17.78,5,33.78,5.99,2.03,41.8,Credit Card,Shipped,Standard,Mobile App,SAVE20,7,,
2275822,977095,2024-06-07,Office Supplies,Stapler,3,172.49,0,517.47,12.99,32.34,562.8,Credit Card,Delivered,Express,Website,,3,4.0,
9386994,837858,2024-06-08,Clothing,Slim Fit Jeans,4,102.24,0,408.96,0.0,33.74,442.7,PayPal,Delivered,Standard,Website,,7,,
4857119,842688,2024-06-08,Clothing,Winter Parka,3,58.61,0,175.83,0.0,10.99,186.82,PayPal,Delivered,Standard,Website,,7,,
6377092,650758,2024-06-08,Office Supplies,Ergonomic Office Chair,1,49.6,0,49.6,0.0,4.09,53.69,Apple Pay,Returned,Free Pickup,Mobile App,,0,,Changed Mind
1497901,312879,2024-06-09,Electronics,Portable Charger,1,875.92,0,875.92,0.0,72.26,948.18,Credit Card,Cancelled,Standard,Mobile App,,7,,
7439507,258986,2024-06-09,Home & Kitchen,Cutlery Set,1,82.54,0,82.54,12.99,6.81,102.34,Debit Card,Delivered,Express,Mobile App,,3,5.0,
5531666,653198,2024-06-10,Home & Kitchen,Vacuum Cleaner,1,163.47,0,163.47,0.0,9.81,173.28,Credit Card,Delivered,Standard,Website,,7,4.0,
7668702,801962,2024-06-10,Home & Kitchen,Coffee Maker,1,46.5,0,46.5,5.99,2.79,55.28,PayPal,Delivered,Standard,Marketplace,,7,,
5505267,638422,2024-06-11,Electronics,Mechanical Keyboard,1,612.67,0,612.67,0.0,49.01,661.68,,Delivered,Standard,Website,,7,,
8750691,316704,2024-06-11,Sports & Outdoors,Adjustable Dumbbell Set,1,159.53,0,159.53,0.0,9.57,169.1,Credit Card,Delivered,Free Pickup,Marketplace,,0,5.0,
3337136,690537,2024-06-12,Electronics,Portable Charger,1,635.94,0,635.94,24.99,38.16,699.09,Debit Card,Delivered,Next-Day,Website,,1,,
5137563,638422,2024-06-12,Clothing,Baseball Cap,1,124.98,25,93.74,12.99,18.75,125.48,Credit Card,Delivered,Express,Marketplace,FLASH30,3,4.0,
9285601,433068,2024-06-12,Clothing,Wool Sweater,3,24.98,0,74.94,0.0,6.18,81.12,PayPal,Delivered,Free Pickup,Mobile App,,0,1.0,
7363014,411928,2024-06-13,Home & Kitchen,LED Desk Lamp,1,216.31,0,216.31,12.99,12.98,242.28,PayPal,Delivered,Express,Website,,3,4.0,
3079624,418734,2024-06-13,Clothing,Slim Fit Jeans,1,107.36,30,75.15,12.99,4.51,92.65,Credit Card,Delivered,Express,Website,SAVE20,3,5.0,
9119396,343810,2024-06-13,Home & Kitchen,Cutlery Set,1,112.12,0,112.12,0.0,17.94,130.06,Debit Card,Delivered,Standard,Website,,7,,
1207819,240201,2024-06-13,Electronics,4K Smart TV,1,512.56,0,512.56,0.0,42.29,554.85,Google Pay,Delivered,Standard,Mobile App,,7,4.0,
4805564,265163,2024-06-14,Beauty & Personal Care,Electric Razor,1,20.25,0,20.25,27.99,1.21,49.45,Credit Card,Delivered,Next-Day,Mobile App,,1,5.0,
6870229,868465,2024-06-14,Beauty & Personal Care,Skincare Gift Set,1,22.89,0,22.89,5.99,0.0,28.88,Credit Card,Delivered,Standard,Website,,7,5.0,
4293938,248039,2024-06-14,Clothing,Baseball Cap,1,15.69,0,15.69,0.0,0.98,16.67,Credit Card,Delivered,Free Pickup,Mobile App,,0,,
3351517,615198,2024-06-15,Beauty & Personal Care,Facial Moisturizer,2,71.29,0,142.58,24.99,11.76,179.33,Apple Pay,Delivered,Next-Day,Mobile App,,1,5.0,
7544898,249457,2024-06-15,Home & Kitchen,Vacuum Cleaner,1,176.4,0,176.4,0.0,22.93,199.33,Debit Card,Delivered,Standard,Mobile App,,7,2.0,
5614971,684370,2024-06-15,Home & Kitchen,Coffee Maker,1,66.55,10,59.9,0.0,3.74,63.64,Google Pay,Shipped,Free Pickup,Marketplace,SUMMER10,0,,
9374570,436093,2024-06-15,Clothing,Wool Sweater,1,38.83,15,33.01,27.99,1.98,62.98,Debit Card,Delivered,Next-Day,Website,VIP15,1,3.0,
2609456,103940,2024-06-16,Electronics,Mechanical Keyboard,1,238.4,0,238.4,12.99,19.67,271.06,Credit Card,Returned,Express,Mobile App,,3,,Defective Item
7472689,206604,2024-06-16,Home & Kitchen,Non-Stick Frying Pan,1,58.74,0,58.74,5.99,4.85,69.58,PayPal,Delivered,Standard,Website,,7,5.0,
7969472,147717,2024-06-16,Beauty & Personal Care,Hair Dryer,1,7.94,0,7.94,14.99,0.5,23.43,Credit Card,Delivered,Express,Website,,3,4.0,
5733655,593374,2024-06-17,Sports & Outdoors,Basketball,1,51.34,0,51.34,14.99,6.67,73.0,Google Pay,Delivered,Express,Mobile App,,3,4.0,
8190511,642490,2024-06-17,Home & Kitchen,LED Desk Lamp,2,93.87,0,187.74,24.99,15.49,228.22,Debit Card,Returned,Next-Day,Marketplace,,1,,Wrong Size
8365583,992497,2024-06-18,Sports & Outdoors,Resistance Bands Set,1,80.41,0,80.41,0.0,6.63,87.04,PayPal,Returned,Standard,Marketplace,,7,,Not as Described
5613295,151500,2024-06-18,Electronics,Wireless Mouse,2,114.96,0,229.92,12.99,29.89,272.8,Apple Pay,Delivered,Express,Website,,3,5.0,
6539958,493034,2024-06-18,Electronics,Mechanical Keyboard,2,174.23,0,348.46,0.0,55.75,404.21,Debit Card,Returned,Standard,Website,,7,,Wrong Size
8399306,806986,2024-06-19,Office Supplies,Whiteboard,1,28.45,15,24.18,5.99,1.51,31.68,Apple Pay,Delivered,Standard,Website,VIP15,7,4.0,
6608013,184960,2024-06-20,Grocery,Organic Coffee Beans,5,23.8,0,119.0,0.0,9.52,128.52,Debit Card,Delivered,Standard,Website,,7,4.0,
1297394,261376,2024-06-20,Sports & Outdoors,Adjustable Dumbbell Set,3,101.97,0,305.91,24.99,25.24,356.14,PayPal,Delivered,Next-Day,Website,,1,,
7204399,304008,2024-06-21,Home & Kitchen,Air Fryer,1,244.47,0,244.47,0.0,48.89,293.36,Apple Pay,Delivered,Standard,Website,,7,4.0,
4849112,744635,2024-06-21,Books,Personal Finance 101,3,13.86,0,41.58,14.99,2.6,59.17,,Delivered,Express,Mobile App,,3,5.0,
8063273,436093,2024-06-21,Clothing,Women's Yoga Pants,3,26.68,0,80.04,0.0,6.6,86.64,Google Pay,Delivered,Free Pickup,Website,,0,,
5381933,748905,2024-06-21,Clothing,Wool Sweater,1,91.29,25,68.47,14.99,8.9,92.36,Credit Card,Delivered,Express,Website,HOLIDAY25,3,4.0,
2311242,304008,2024-06-22,Beauty & Personal Care,Electric Razor,1,30.94,0,30.94,5.99,0.0,36.93,Credit Card,Delivered,Standard,Mobile App,,7,,
2740803,330200,2024-06-22,Office Supplies,Printer Paper Ream,4,46.65,0,186.6,0.0,18.66,205.26,Credit Card,Processing,Standard,Marketplace,,7,,
5752317,461780,2024-06-22,Electronics,Mechanical Keyboard,1,293.55,25,220.16,24.99,13.76,258.91,Credit Card,Delivered,Next-Day,Marketplace,SAVE20,1,,
1966068,693028,2024-06-22,Beauty & Personal Care,Hair Dryer,2,31.72,15,53.92,5.99,3.24,63.15,Debit Card,Delivered,Standard,Website,VIP15,7,4.0,
2749662,384588,2024-06-22,Electronics,Wireless Mouse,1,542.14,0,542.14,12.99,35.24,590.37,Debit Card,Delivered,Express,Website,,3,,
9898116,813035,2024-06-22,Grocery,Extra Virgin Olive Oil,2,19.29,0,38.58,5.99,3.18,47.75,Credit Card,Delivered,Standard,Website,,7,,
8426736,992549,2024-06-22,Home & Kitchen,Cotton Bed Sheets,1,44.66,0,44.66,5.99,2.79,53.44,Credit Card,Delivered,Standard,Mobile App,,7,5.0,
7179946,927842,2024-06-23,Books,Self-Help Guide,1,23.79,0,23.79,5.99,1.49,31.27,Apple Pay,Delivered,Standard,Mobile App,,7,5.0,
1216035,942045,2024-06-23,Electronics,Bluetooth Speaker,1,206.89,0,206.89,0.0,41.38,248.27,Credit Card,Returned,Free Pickup,Mobile App,,0,,Arrived Late
9249747,849763,2024-06-23,Home & Kitchen,Coffee Maker,1,89.58,0,89.58,0.0,7.17,96.75,Debit Card,Delivered,Standard,Website,,7,,
5849810,602801,2024-06-24,Sports & Outdoors,Fishing Rod,1,148.06,0,148.06,0.0,9.25,157.31,Debit Card,Returned,Standard,Website,,7,,Not as Described
9824767,177611,2024-06-24,Beauty & Personal Care,Vitamin C Serum,4,60.38,0,241.52,12.99,14.49,269.0,Apple Pay,Delivered,Express,Mobile App,,3,,
5062632,709428,2024-06-24,Home & Kitchen,LED Desk Lamp,5,304.12,0,1520.6,24.99,197.68,1743.27,PayPal,Delivered,Next-Day,Website,,1,2.0,
6819362,225182,2024-06-24,Electronics,Wireless Mouse,1,263.23,0,263.23,0.0,15.79,279.02,Credit Card,Delivered,Standard,Website,,7,,
6099034,388496,2024-06-24,Clothing,Baseball Cap,3,59.13,0,177.39,0.0,10.64,188.03,Credit Card,Delivered,Standard,Website,,7,,
9518955,717284,2024-06-24,Electronics,Smartphone Case,1,314.54,0,314.54,12.99,31.45,358.98,Debit Card,Delivered,Express,Mobile App,,3,5.0,
9430352,744635,2024-06-25,Clothing,Women's Yoga Pants,3,46.15,0,138.45,0.0,8.65,147.1,Credit Card,Delivered,Standard,Mobile App,,7,5.0,
4896864,488273,2024-06-25,Home & Kitchen,Coffee Maker,2,71.63,5,136.1,0.0,0.0,136.1,PayPal,Delivered,Standard,Website,WELCOME10,7,4.0,
7347532,149830,2024-06-25,Office Supplies,Sticky Notes Pack,1,29.97,0,29.97,14.99,2.4,47.36,PayPal,Returned,Express,Website,,3,,Defective Item
1203357,907174,2024-06-25,Electronics,Streaming Media Player,2,85.54,0,171.08,24.99,10.26,206.33,Apple Pay,Shipped,Next-Day,Website,,1,,
5300234,545164,2024-06-25,Clothing,Wool Sweater,3,98.98,0,296.94,0.0,24.5,321.44,PayPal,Delivered,Standard,Website,,7,,
1286710,762085,2024-06-26,Electronics,Bluetooth Speaker,1,374.82,0,374.82,0.0,59.97,434.79,PayPal,Delivered,Standard,Website,,7,5.0,
6105825,309225,2024-06-26,Sports & Outdoors,Camping Tent,1,122.34,0,122.34,0.0,7.34,129.68,Credit Card,Delivered,Standard,Marketplace,,7,,
1365666,820298,2024-06-26,Clothing,Men's Denim Jacket,1,90.03,25,67.52,27.99,4.22,99.73,Debit Card,Shipped,Next-Day,Website,FLASH30,1,,
3954175,985541,2024-06-27,Electronics,Wireless Mouse,1,454.36,0,454.36,0.0,90.87,545.23,PayPal,Delivered,Standard,Website,,7,3.0,
8846907,367081,2024-06-27,Home & Kitchen,LED Desk Lamp,1,63.46,25,47.6,14.99,3.93,66.52,Credit Card,Delivered,Express,Website,FREESHIP,3,,
9851102,348817,2024-06-27,Beauty & Personal Care,Electric Toothbrush,1,9.55,0,9.55,5.99,1.24,16.78,Apple Pay,Delivered,Standard,Mobile App,,7,4.0,
6081310,750599,2024-06-27,Beauty & Personal Care,Skincare Gift Set,4,42.68,0,170.72,12.99,10.24,193.95,PayPal,Delivered,Express,Website,,3,5.0,
4536825,764214,2024-06-27,Toys & Games,Puzzle 1000pc,1,41.13,0,41.13,27.99,8.23,77.35,Credit Card,Delivered,Next-Day,Website,,1,5.0,
2678106,120506,2024-06-28,Toys & Games,Doll House,1,27.41,0,27.41,5.99,2.26,35.66,Credit Card,Delivered,Standard,Website,,7,5.0,
4972998,729799,2024-06-28,Electronics,Wireless Mouse,1,562.3,0,562.3,0.0,73.1,635.4,PayPal,Delivered,Standard,Website,,7,5.0,
5084261,889948,2024-06-28,Beauty & Personal Care,Skincare Gift Set,1,23.89,0,23.89,14.99,3.11,41.99,PayPal,Delivered,Express,Website,,3,,
6481483,147717,2024-06-30,Clothing,Summer Dress,2,41.15,0,82.3,24.99,4.94,112.23,Credit Card,Delivered,Next-Day,Website,,1,2.0,
8700642,672388,2024-06-30,Books,Fantasy Trilogy Box Set,1,24.67,0,24.67,14.99,2.04,41.7,Credit Card,Delivered,Express,Mobile App,,3,5.0,
3669164,530251,2024-07-02,Beauty & Personal Care,Vitamin C Serum,1,29.46,5,27.99,5.99,1.68,35.66,Debit Card,Delivered,Standard,Mobile App,VIP15,7,5.0,
5645371,371116,2024-07-02,Pet Supplies,Cat Litter Box,2,51.39,10,92.5,0.0,7.63,100.13,Credit Card,Processing,Free Pickup,Marketplace,FREESHIP,0,,
9683419,264557,2024-07-03,Clothing,Men's Denim Jacket,1,43.48,25,32.61,14.99,2.61,50.21,Debit Card,Delivered,Express,Mobile App,HOLIDAY25,3,4.0,
7665247,934886,2024-07-03,Books,Fantasy Trilogy Box Set,1,28.69,0,28.69,5.99,1.86,36.54,PayPal,Delivered,Standard,Mobile App,,7,3.0,
1706124,639465,2024-07-03,Electronics,4K Smart TV,1,599.72,0,599.72,12.99,47.98,660.69,PayPal,Cancelled,Express,Website,,3,,
8529032,232968,2024-07-03,Beauty & Personal Care,Electric Toothbrush,1,85.51,0,85.51,12.99,5.13,103.63,Google Pay,Delivered,Express,Website,,3,4.0,
9048807,622527,2024-07-04,Home & Kitchen,Air Fryer,1,207.18,0,207.18,0.0,17.09,224.27,Google Pay,Delivered,Standard,Mobile App,,7,4.0,
1895665,236956,2024-07-04,Clothing,Men's Denim Jacket,3,44.78,0,134.34,0.0,8.06,142.4,Google Pay,Delivered,Standard,Mobile App,,7,,
7694039,570241,2024-07-05,Home & Kitchen,Stand Mixer,1,90.46,30,63.32,5.99,3.8,73.11,Debit Card,Delivered,Standard,Website,SUMMER10,7,3.0,
3819549,945410,2024-07-05,Books,Cookbook: Weeknight Dinners,3,26.92,0,80.76,12.99,0.0,93.75,Credit Card,Delivered,Express,Website,,3,5.0,
7635908,853073,2024-07-05,Home & Kitchen,Memory Foam Pillow,1,235.06,0,235.06,12.99,19.39,267.44,Credit Card,Delivered,Express,Website,,3,4.0,
5931198,971490,2024-07-05,Electronics,Bluetooth Speaker,2,177.39,0,354.78,0.0,46.12,400.9,Credit Card,Delivered,Standard,Mobile App,,7,5.0,
6506731,886576,2024-07-06,Pet Supplies,Aquarium Filter,1,44.24,0,44.24,14.99,2.76,61.99,Credit Card,Delivered,Express,Marketplace,,3,,
4879228,720159,2024-07-06,Home & Kitchen,Cotton Bed Sheets,1,155.06,0,155.06,0.0,0.0,155.06,Credit Card,Cancelled,Standard,Mobile App,,7,,
4240508,203887,2024-07-06,Home & Kitchen,Ceramic Dinnerware Set,2,204.97,0,409.94,12.99,24.6,447.53,Credit Card,Delivered,Express,Marketplace,,3,5.0,
6501439,545164,2024-07-07,Clothing,Running Shoes,1,26.18,10,23.56,5.99,4.71,34.26,Credit Card,Delivered,Standard,Website,HOLIDAY25,7,5.0,
6825398,528196,2024-07-07,Home & Kitchen,Ceramic Dinnerware Set,4,41.6,0,166.4,0.0,9.98,176.38,Credit Card,Delivered,Standard,Website,,7,3.0,
4762505,597542,2024-07-07,Pet Supplies,Aquarium Filter,1,41.62,0,41.62,5.99,3.33,50.94,Debit Card,Delivered,Standard,Marketplace,,7,,
3276792,401813,2024-07-07,Clothing,Running Shoes,1,18.65,20,14.92,5.99,0.93,21.84,,Delivered,Standard,Mobile App,WELCOME10,7,5.0,
3575434,999753,2024-07-07,Grocery,Protein Bar Box,4,16.5,0,66.0,14.99,4.12,85.11,PayPal,Delivered,Express,Website,,3,3.0,
9192554,939425,2024-07-09,Books,Historical Biography,4,12.6,0,50.4,5.99,4.16,60.55,Credit Card,Returned,Standard,Marketplace,,7,,Better Price Found
7086964,508282,2024-07-09,Toys & Games,Card Game Deck,1,44.86,0,44.86,5.99,4.49,55.34,PayPal,Delivered,Standard,Mobile App,,7,,
4786163,726938,2024-07-09,Electronics,Streaming Media Player,1,1183.96,0,1183.96,0.0,76.96,1260.92,Google Pay,Returned,Standard,Mobile App,,7,,Arrived Late
7827683,985541,2024-07-10,Sports & Outdoors,Basketball,4,47.25,0,189.0,0.0,11.34,200.34,Apple Pay,Delivered,Standard,Mobile App,,7,5.0,
3525133,172737,2024-07-10,Books,Graphic Novel,2,12.6,0,25.2,5.99,3.28,34.47,Credit Card,Cancelled,Standard,Marketplace,,7,,
7980802,846257,2024-07-11,Beauty & Personal Care,Skincare Gift Set,2,40.17,0,80.34,0.0,6.63,86.97,Credit Card,Delivered,Standard,Mobile App,,7,3.0,
6393196,608288,2024-07-11,Home & Kitchen,Ceramic Dinnerware Set,1,242.91,0,242.91,0.0,24.29,267.2,Apple Pay,Delivered,Standard,Marketplace,,7,,
8461087,782085,2024-07-11,Pet Supplies,Pet Grooming Brush,1,84.23,25,63.17,5.99,3.79,72.95,Apple Pay,Delivered,Standard,Website,SUMMER10,7,4.0,
1688837,868822,2024-07-11,Toys & Games,Remote Control Car,1,30.04,0,30.04,5.99,1.88,37.91,Credit Card,Delivered,Standard,Website,,7,5.0,
7129853,962006,2024-07-12,Home & Kitchen,Coffee Maker,1,114.31,0,114.31,12.99,9.43,136.73,Apple Pay,Returned,Express,Website,,3,,Wrong Size
5267362,244802,2024-07-12,Home & Kitchen,Non-Stick Frying Pan,1,98.79,0,98.79,0.0,5.93,104.72,Apple Pay,Returned,Free Pickup,Mobile App,,0,,Not as Described
6942000,955861,2024-07-13,Clothing,Winter Parka,1,54.89,0,54.89,14.99,3.43,73.31,Credit Card,Delivered,Express,Website,,3,4.0,
2094239,378752,2024-07-13,Beauty & Personal Care,Sunscreen SPF50,1,9.72,0,9.72,27.99,1.26,38.97,PayPal,Delivered,Next-Day,Marketplace,,1,5.0,
7808889,215176,2024-07-13,Grocery,Mixed Nuts Pack,3,4.62,0,13.86,5.99,0.0,19.85,PayPal,Delivered,Standard,Mobile App,,7,3.0,
3616907,966726,2024-07-14,Grocery,Dark Chocolate Bar,6,5.91,0,35.46,5.99,2.93,44.38,Credit Card,Cancelled,Standard,Mobile App,,7,,
3863383,757288,2024-07-15,Grocery,Granola Cereal,2,6.45,25,9.68,5.99,0.0,15.67,PayPal,Returned,Standard,Mobile App,FREESHIP,7,,Not as Described
7511251,214719,2024-07-15,Beauty & Personal Care,Makeup Palette,3,14.75,0,44.25,27.99,2.88,75.12,Debit Card,Delivered,Next-Day,Website,,1,4.0,
7299005,698930,2024-07-15,Electronics,Wireless Mouse,1,643.88,0,643.88,0.0,40.24,684.12,Credit Card,Delivered,Standard,Mobile App,,7,,
4156220,726518,2024-07-15,Electronics,Bluetooth Speaker,3,295.19,0,885.57,24.99,55.35,965.91,Credit Card,Returned,Next-Day,Website,,1,,Not as Described
7468386,202299,2024-07-16,Books,Children's Picture Book,2,18.7,0,37.4,0.0,7.48,44.88,PayPal,Returned,Free Pickup,Website,,0,,Not as Described
5363541,148019,2024-07-16,Home & Kitchen,Ceramic Dinnerware Set,2,103.97,0,207.94,0.0,17.16,225.1,PayPal,Delivered,Standard,Website,,7,4.0,
3665323,897111,2024-07-16,Electronics,Wireless Mouse,1,83.37,0,83.37,0.0,6.88,90.25,Debit Card,Delivered,Standard,Website,,7,4.0,
4531840,119023,2024-07-17,Grocery,Granola Cereal,5,33.34,0,166.7,0.0,13.34,180.04,Debit Card,Cancelled,Standard,Marketplace,,7,,
7835988,475813,2024-07-18,Sports & Outdoors,Resistance Bands Set,4,99.75,0,399.0,0.0,39.9,438.9,Debit Card,Delivered,Standard,Website,,7,,
5252692,523989,2024-07-18,Grocery,Green Tea Bags,6,13.03,0,78.18,0.0,4.89,83.07,Credit Card,Delivered,Standard,Marketplace,,7,3.0,
1112504,639465,2024-07-18,Toys & Games,Doll House,3,101.26,10,273.4,0.0,22.56,295.96,Debit Card,Returned,Standard,Marketplace,FREESHIP,7,,Changed Mind
2579206,237862,2024-07-18,Books,Personal Finance 101,3,12.67,0,38.01,5.99,3.14,47.14,Credit Card,Delivered,Standard,Website,,7,4.0,
1702689,786081,2024-07-19,Electronics,Mechanical Keyboard,3,327.17,0,981.51,0.0,80.97,1062.48,Credit Card,Delivered,Standard,Mobile App,,7,,
6395642,451758,2024-07-19,Electronics,Wireless Earbuds,1,363.03,0,363.03,0.0,21.78,384.81,Credit Card,Delivered,Standard,Mobile App,,7,,
8067516,589943,2024-07-19,Clothing,Rain Jacket,1,83.47,5,79.3,0.0,6.54,85.84,Debit Card,Returned,Standard,Marketplace,HOLIDAY25,7,,Defective Item
8495332,304008,2024-07-19,Books,Poetry Collection,4,18.21,0,72.84,0.0,6.01,78.85,Debit Card,Delivered,Free Pickup,Website,,0,3.0,
9997537,526706,2024-07-19,Clothing,Running Shoes,6,180.0,0,1080.0,12.99,64.8,1157.79,PayPal,Delivered,Express,Mobile App,,3,5.0,
4414696,645986,2024-07-20,Electronics,Noise-Cancelling Headphones,1,690.86,0,690.86,24.99,138.17,854.02,PayPal,Returned,Next-Day,Website,,1,,Arrived Late
3085191,802087,2024-07-20,Books,Science Fiction Epic,5,14.24,0,71.2,5.99,5.87,83.06,Credit Card,Delivered,Standard,Mobile App,,7,5.0,
4854774,974275,2024-07-20,Home & Kitchen,Air Fryer,1,68.3,0,68.3,5.99,5.63,79.92,Credit Card,Delivered,Standard,Mobile App,,7,3.0,
3821657,654970,2024-07-20,Grocery,Mixed Nuts Pack,1,14.69,0,14.69,0.0,1.91,16.6,Google Pay,Delivered,Free Pickup,Mobile App,,0,4.0,
8913900,650325,2024-07-20,Electronics,Streaming Media Player,1,293.39,0,293.39,0.0,18.34,311.73,Credit Card,Delivered,Free Pickup,Website,,0,5.0,
4541324,914384,2024-07-20,Toys & Games,Card Game Deck,1,44.23,0,44.23,5.99,4.42,54.64,Google Pay,Delivered,Standard,Website,,7,3.0,
4677162,850003,2024-07-20,Electronics,Bluetooth Speaker,1,480.55,10,432.5,12.99,56.22,501.71,Credit Card,Delivered,Express,Mobile App,SUMMER10,3,5.0,
3089991,265163,2024-07-20,Office Supplies,Ballpoint Pen Pack,3,95.44,0,286.32,0.0,17.9,304.22,PayPal,Cancelled,Standard,Website,,7,,
9504232,489282,2024-07-21,Home & Kitchen,Coffee Maker,3,307.7,20,738.48,0.0,96.0,834.48,Google Pay,Delivered,Standard,Website,HOLIDAY25,7,3.0,
1312821,697324,2024-07-21,Grocery,Extra Virgin Olive Oil,4,16.05,0,64.2,14.99,4.01,83.2,PayPal,Delivered,Express,Website,,3,4.0,
3271070,468940,2024-07-21,Home & Kitchen,Coffee Maker,1,49.99,0,49.99,14.99,3.0,67.98,Credit Card,Delivered,Express,Website,,3,4.0,
7484690,225651,2024-07-23,Home & Kitchen,Stand Mixer,2,51.06,0,102.12,0.0,6.38,108.5,Credit Card,Delivered,Standard,Website,,7,4.0,
7820785,352288,2024-07-23,Clothing,Cotton T-Shirt,2,97.01,0,194.02,0.0,19.4,213.42,Credit Card,Delivered,,Website,,7,,
7140264,549078,2024-07-24,Books,Historical Biography,1,13.46,5,12.79,5.99,0.77,19.55,Debit Card,Delivered,Standard,Mobile App,WELCOME10,7,,
6277800,212415,2024-07-24,Home & Kitchen,LED Desk Lamp,4,260.14,0,1040.56,0.0,62.43,1102.99,PayPal,Cancelled,Standard,Website,,7,,
9375171,974063,2024-07-24,Clothing,Summer Dress,1,54.02,15,45.92,0.0,2.76,48.68,Credit Card,Delivered,Free Pickup,Website,SUMMER10,0,4.0,
5977910,865643,2024-07-24,Beauty & Personal Care,Electric Razor,5,37.76,0,188.8,0.0,11.33,200.13,PayPal,Delivered,Standard,Marketplace,,7,,
6150037,630731,2024-07-24,Electronics,4K Smart TV,3,114.13,0,342.39,0.0,28.25,370.64,Credit Card,Delivered,Free Pickup,Website,,0,3.0,
8641531,368724,2024-07-24,Toys & Games,Plush Teddy Bear,1,27.9,0,27.9,5.99,1.74,35.63,PayPal,Delivered,,Marketplace,,7,4.0,
9783180,850003,2024-07-24,Beauty & Personal Care,Makeup Palette,2,39.46,0,78.92,12.99,4.74,96.65,Apple Pay,Delivered,Express,Mobile App,,3,5.0,
9405913,867333,2024-07-25,Sports & Outdoors,Resistance Bands Set,1,60.69,0,60.69,14.99,3.79,79.47,Credit Card,Delivered,Express,Website,,3,5.0,
6909086,368724,2024-07-25,Beauty & Personal Care,Perfume,3,47.69,15,121.61,0.0,7.6,129.21,PayPal,Delivered,Standard,Mobile App,SAVE20,7,4.0,
4958429,507886,2024-07-26,Clothing,Running Shoes,2,73.91,0,147.82,0.0,12.2,160.02,Credit Card,Delivered,Standard,Website,,7,3.0,
8054310,964937,2024-07-26,Home & Kitchen,LED Desk Lamp,1,41.72,0,41.72,27.99,2.5,72.21,Credit Card,Delivered,Next-Day,Mobile App,,1,4.0,
4458769,242120,2024-07-26,Home & Kitchen,Coffee Maker,1,179.56,0,179.56,0.0,11.22,190.78,Apple Pay,Delivered,Standard,Website,,7,,
8506474,942283,2024-07-26,Clothing,Running Shoes,1,103.91,0,103.91,12.99,8.57,125.47,PayPal,Delivered,Express,Marketplace,,3,5.0,
3778933,494006,2024-07-26,Toys & Games,Outdoor Water Blaster,3,20.23,0,60.69,5.99,3.79,70.47,Credit Card,Delivered,Standard,Mobile App,,7,,
7575832,433068,2024-07-27,Beauty & Personal Care,Electric Razor,3,95.0,20,228.0,24.99,13.68,266.67,Credit Card,Delivered,Next-Day,Website,FLASH30,1,4.0,
6267229,959532,2024-07-27,Beauty & Personal Care,Hair Dryer,3,25.66,0,76.98,12.99,0.0,89.97,Credit Card,Delivered,Express,Mobile App,,3,5.0,
6754459,229964,2024-07-27,Clothing,Baseball Cap,1,30.38,0,30.38,14.99,1.9,47.27,Credit Card,Delivered,Express,Mobile App,,3,4.0,
3415608,926740,2024-07-27,Books,Children's Picture Book,1,6.8,10,6.12,5.99,0.5,12.61,PayPal,Returned,Standard,Mobile App,SUMMER10,7,,Not as Described
7719862,358988,2024-07-28,Beauty & Personal Care,Facial Moisturizer,2,48.57,0,97.14,12.99,8.01,118.14,Debit Card,Cancelled,Express,Website,,3,,
8190654,670928,2024-07-28,Beauty & Personal Care,Electric Toothbrush,2,55.82,0,111.64,0.0,6.7,118.34,Credit Card,Delivered,Standard,Mobile App,,7,3.0,
1431119,172737,2024-07-28,Beauty & Personal Care,Skincare Gift Set,1,24.89,25,18.67,0.0,1.12,19.79,Credit Card,Delivered,Free Pickup,Website,FREESHIP,0,5.0,
3973397,279737,2024-07-28,Sports & Outdoors,Fitness Tracker Watch,2,131.29,0,262.58,24.99,21.01,308.58,Google Pay,Delivered,Next-Day,Website,,1,3.0,
2675973,281122,2024-07-29,Sports & Outdoors,Basketball,2,196.84,15,334.63,0.0,20.08,354.71,Debit Card,Delivered,Standard,Website,WELCOME10,7,,
3788939,672388,2024-07-29,Electronics,Smartphone Case,1,511.73,30,358.21,24.99,21.49,404.69,Debit Card,Shipped,Next-Day,Website,SUMMER10,1,,
3727315,939425,2024-07-29,Clothing,Summer Dress,2,15.33,15,26.06,5.99,1.63,33.68,Apple Pay,Delivered,Standard,Website,WELCOME10,7,1.0,
1445176,539241,2024-07-29,Electronics,Wireless Earbuds,1,429.23,0,429.23,0.0,42.92,472.15,,Delivered,Standard,Website,,7,5.0,
7186801,807606,2024-07-29,Sports & Outdoors,Yoga Mat,2,148.54,0,297.08,0.0,59.42,356.5,PayPal,Delivered,Standard,Mobile App,,7,,
8443889,515463,2024-07-29,Grocery,Sparkling Water Case,1,28.3,15,24.06,14.99,1.44,40.49,PayPal,Cancelled,Express,Website,SUMMER10,3,,
6391051,114172,2024-07-30,Beauty & Personal Care,Skincare Gift Set,1,16.09,0,16.09,14.99,1.29,32.37,Credit Card,Delivered,Express,Marketplace,,3,,
6134125,761074,2024-07-30,Electronics,Noise-Cancelling Headphones,1,373.8,0,373.8,12.99,48.59,435.38,Google Pay,Delivered,Express,Mobile App,,3,5.0,
8922759,645241,2024-07-30,Home & Kitchen,Air Fryer,1,91.99,20,73.59,27.99,6.07,107.65,PayPal,Delivered,Next-Day,Marketplace,SAVE20,1,,
1377024,860537,2024-07-30,Grocery,Sparkling Water Case,1,8.27,20,6.62,0.0,0.41,7.03,Debit Card,Delivered,Free Pickup,Mobile App,WELCOME10,0,,
3285150,864201,2024-07-30,Books,Cookbook: Weeknight Dinners,4,16.42,0,65.68,0.0,4.11,69.79,Debit Card,Delivered,Free Pickup,Website,,0,1.0,
3886981,194699,2024-07-30,Sports & Outdoors,Camping Tent,4,65.78,0,263.12,12.99,21.71,297.82,Debit Card,Delivered,Express,Website,,3,5.0,
3815164,806683,2024-07-30,Electronics,Mechanical Keyboard,1,616.0,0,616.0,0.0,61.6,677.6,Credit Card,Cancelled,Standard,Mobile App,,7,,
9184603,184063,2024-08-01,Beauty & Personal Care,Electric Razor,1,17.7,0,17.7,5.99,1.06,24.75,Debit Card,Delivered,Standard,Mobile App,,7,5.0,
8315347,702122,2024-08-01,Toys & Games,Doll House,1,57.45,5,54.58,14.99,3.27,72.84,Credit Card,Delivered,Express,Marketplace,WELCOME10,3,5.0,
1999263,401813,2024-08-01,Grocery,Dark Chocolate Bar,2,52.36,0,104.72,0.0,8.64,113.36,Credit Card,Delivered,Standard,Website,,7,,
6400348,312650,2024-08-01,Books,Graphic Novel,3,36.84,20,88.42,0.0,8.84,97.26,Debit Card,Delivered,Standard,Website,FLASH30,7,,
6983454,492669,2024-08-01,Sports & Outdoors,Fishing Rod,3,258.09,10,696.84,0.0,43.55,740.39,Gift Card,Delivered,Standard,Mobile App,SUMMER10,7,,
2044911,717194,2024-08-02,Clothing,Baseball Cap,1,53.7,20,42.96,0.0,3.54,46.5,Credit Card,Delivered,Free Pickup,Marketplace,SAVE20,0,3.0,
9768028,999013,2024-08-02,Home & Kitchen,LED Desk Lamp,3,154.81,0,464.43,0.0,27.87,492.3,Google Pay,Cancelled,Free Pickup,Website,,0,,
7088321,953629,2024-08-02,Beauty & Personal Care,Vitamin C Serum,4,11.99,0,47.96,0.0,3.84,51.8,Credit Card,Delivered,Free Pickup,Website,,0,5.0,
2827151,238715,2024-08-02,Books,Fantasy Trilogy Box Set,1,42.68,0,42.68,14.99,3.52,61.19,Credit Card,Delivered,Express,Website,,3,3.0,
4867823,106619,2024-08-03,Toys & Games,Doll House,1,40.27,0,40.27,14.99,2.42,57.68,Credit Card,Delivered,Express,Website,,3,3.0,
1745963,261376,2024-08-03,Home & Kitchen,LED Desk Lamp,3,121.39,0,364.17,0.0,30.04,394.21,Gift Card,Delivered,Standard,Website,,7,,
7634781,815371,2024-08-03,Clothing,Baseball Cap,2,58.82,0,117.64,0.0,9.71,127.35,Debit Card,Cancelled,Standard,Website,,7,,
6526362,686576,2024-08-03,Grocery,Dark Chocolate Bar,2,24.14,0,48.28,5.99,6.28,60.55,Credit Card,Returned,Standard,Website,,7,,Defective Item
5237759,547541,2024-08-03,Books,Graphic Novel,1,15.49,20,12.39,27.99,0.77,41.15,PayPal,Delivered,Next-Day,Marketplace,FREESHIP,1,5.0,
4485502,804849,2024-08-03,Grocery,Green Tea Bags,4,21.47,0,85.88,12.99,8.59,107.46,Google Pay,Delivered,Express,Mobile App,,3,4.0,
2819774,181431,2024-08-03,Grocery,Protein Bar Box,1,11.27,0,11.27,14.99,0.7,26.96,Credit Card,Delivered,Express,Website,,3,,
4372387,865643,2024-08-03,Grocery,Protein Bar Box,3,17.19,0,51.57,0.0,3.22,54.79,Gift Card,Delivered,Free Pickup,Mobile App,,0,,
6400044,649861,2024-08-04,Beauty & Personal Care,Electric Razor,5,47.86,20,191.44,0.0,15.32,206.76,Debit Card,Delivered,Free Pickup,Mobile App,HOLIDAY25,0,4.0,
2703926,549078,2024-08-04,Home & Kitchen,LED Desk Lamp,1,131.49,15,111.77,12.99,9.22,133.98,Debit Card,Delivered,Express,Website,FLASH30,3,2.0,
7822223,320359,2024-08-04,Grocery,Dark Chocolate Bar,6,35.74,0,214.44,12.99,12.87,240.3,Debit Card,Delivered,Express,Website,,3,4.0,
5030893,625244,2024-08-04,Electronics,Bluetooth Speaker,1,198.8,0,198.8,0.0,15.9,214.7,Debit Card,Delivered,Standard,Website,,7,,
1217881,867333,2024-08-04,Books,Science Fiction Epic,2,7.99,0,15.98,5.99,0.96,22.93,Debit Card,Delivered,Standard,Website,,7,,
7713327,752908,2024-08-04,Beauty & Personal Care,Shampoo & Conditioner Set,5,17.76,0,88.8,12.99,7.33,109.12,Credit Card,Delivered,Express,Website,,3,2.0,
2089740,653198,2024-08-04,Beauty & Personal Care,Electric Razor,2,9.92,0,19.84,5.99,1.19,27.02,Debit Card,Delivered,Standard,Mobile App,,7,3.0,
4452098,570241,2024-08-05,Clothing,Wool Sweater,2,23.63,0,47.26,5.99,2.84,56.09,PayPal,Delivered,Standard,Website,,7,5.0,
6990035,549826,2024-08-05,Clothing,Running Shoes,4,42.21,0,168.84,24.99,10.13,203.96,PayPal,Delivered,Next-Day,Mobile App,,1,4.0,
5112934,547541,2024-08-05,Clothing,Rain Jacket,2,90.1,0,180.2,24.99,23.43,228.62,Apple Pay,Delivered,Next-Day,Marketplace,,1,,
8565886,195758,2024-08-05,Pet Supplies,Training Treats,3,32.12,0,96.36,0.0,6.26,102.62,Credit Card,Delivered,Standard,Marketplace,,7,5.0,
2483323,807527,2024-08-06,Books,Poetry Collection,4,13.81,15,46.95,5.99,2.93,55.87,Apple Pay,Delivered,Standard,Website,HOLIDAY25,7,4.0,
5813474,522163,2024-08-06,Grocery,Green Tea Bags,3,24.53,0,73.59,5.99,9.57,89.15,PayPal,Returned,Standard,Website,,7,,Arrived Late
8775680,174397,2024-08-06,Beauty & Personal Care,Hair Dryer,1,16.28,0,16.28,0.0,1.34,17.62,Debit Card,Delivered,Free Pickup,Marketplace,,0,5.0,
5104545,963727,2024-08-06,Home & Kitchen,Air Fryer,1,36.21,0,36.21,5.99,2.99,45.19,Google Pay,Delivered,Standard,Marketplace,,7,2.0,
3264940,924384,2024-08-06,Clothing,Women's Yoga Pants,1,50.79,15,43.17,5.99,3.56,52.72,PayPal,Delivered,Standard,Website,WELCOME10,7,4.0,
4207034,550369,2024-08-07,Beauty & Personal Care,Vitamin C Serum,3,12.06,25,27.14,27.99,5.43,60.56,Credit Card,Delivered,Next-Day,Marketplace,FLASH30,1,4.0,
4895681,529534,2024-08-07,Home & Kitchen,Ceramic Dinnerware Set,3,37.09,0,111.27,0.0,22.25,133.52,Credit Card,Delivered,Standard,Marketplace,,7,3.0,
7990123,542798,2024-08-07,Toys & Games,Plush Teddy Bear,1,77.67,0,77.67,0.0,15.53,93.2,,Delivered,Standard,Mobile App,,7,4.0,
1977579,384136,2024-08-07,Books,Mystery Novel,1,24.93,0,24.93,27.99,1.56,54.48,Credit Card,Delivered,Next-Day,Mobile App,,1,4.0,
3022214,216367,2024-08-08,Grocery,Sparkling Water Case,4,3.48,0,13.92,5.99,1.81,21.72,Credit Card,Cancelled,Standard,Website,,7,,
9184938,761074,2024-08-08,Beauty & Personal Care,Vitamin C Serum,5,12.39,0,61.95,0.0,5.11,67.06,Credit Card,Delivered,Free Pickup,Marketplace,,0,4.0,
9217717,348817,2024-08-08,Grocery,Organic Coffee Beans,2,19.38,0,38.76,14.99,2.33,56.08,Debit Card,Delivered,Express,Website,,3,5.0,
9952857,581702,2024-08-08,Electronics,4K Smart TV,1,743.41,0,743.41,0.0,74.34,817.75,Debit Card,Delivered,Standard,Mobile App,,7,5.0,
4630061,670693,2024-08-08,Home & Kitchen,Vacuum Cleaner,1,192.52,0,192.52,12.99,15.4,220.91,Debit Card,Cancelled,Express,Website,,3,,
4241857,702215,2024-08-08,Office Supplies,Ergonomic Office Chair,1,64.15,5,60.94,5.99,3.66,70.59,Debit Card,Delivered,Standard,Mobile App,HOLIDAY25,7,2.0,
4642031,670928,2024-08-09,Sports & Outdoors,Fishing Rod,1,51.21,0,51.21,5.99,3.2,60.4,Credit Card,Shipped,Standard,Marketplace,,7,,
2307942,226126,2024-08-09,Electronics,Mechanical Keyboard,1,63.65,0,63.65,0.0,6.36,70.01,Credit Card,Delivered,Free Pickup,Website,,0,,
9085383,696461,2024-08-09,Books,Fantasy Trilogy Box Set,1,27.33,15,23.23,5.99,2.32,31.54,Credit Card,Returned,Standard,Website,SAVE20,7,,Better Price Found
8826068,729750,2024-08-10,Beauty & Personal Care,Facial Moisturizer,2,17.49,0,34.98,5.99,3.5,44.47,PayPal,Delivered,Standard,Mobile App,,7,5.0,
1382660,664785,2024-08-10,Clothing,Summer Dress,1,90.31,0,90.31,24.99,5.42,120.72,PayPal,Delivered,Next-Day,Marketplace,,1,5.0,
4995595,796682,2024-08-10,Home & Kitchen,Memory Foam Pillow,3,72.41,0,217.23,0.0,17.92,235.15,PayPal,Delivered,Standard,Marketplace,,7,5.0,
2098275,622527,2024-08-10,Home & Kitchen,Memory Foam Pillow,1,74.69,20,59.75,14.99,3.58,78.32,Credit Card,Delivered,Express,Website,HOLIDAY25,3,2.0,
3958723,433355,2024-08-10,Electronics,4K Smart TV,2,229.95,0,459.9,0.0,91.98,551.88,Debit Card,Returned,Standard,Mobile App,,7,,Wrong Size
6535455,493034,2024-08-10,Home & Kitchen,Non-Stick Frying Pan,2,84.54,10,152.17,0.0,9.51,161.68,Apple Pay,Delivered,Standard,Marketplace,SUMMER10,7,,
2316552,233128,2024-08-11,Electronics,Streaming Media Player,1,223.9,0,223.9,12.99,13.43,250.32,Debit Card,Delivered,Express,Website,,3,,
4197126,756541,2024-08-11,Office Supplies,Desk Organizer,2,147.36,0,294.72,0.0,58.94,353.66,Apple Pay,Delivered,Free Pickup,Marketplace,,0,3.0,
7030479,111069,2024-08-11,Clothing,Women's Yoga Pants,2,80.75,0,161.5,12.99,0.0,174.49,PayPal,Delivered,Express,Marketplace,,3,5.0,
4622789,138111,2024-08-11,Electronics,4K Smart TV,1,347.26,20,277.81,0.0,17.36,295.17,Apple Pay,Delivered,Standard,Mobile App,VIP15,7,4.0,
5370564,642490,2024-08-12,Electronics,Wireless Mouse,1,396.41,25,297.31,0.0,18.58,315.89,Credit Card,Delivered,Standard,Mobile App,SAVE20,7,,
1420273,515463,2024-08-12,Toys & Games,Puzzle 1000pc,3,56.74,0,170.22,0.0,10.64,180.86,Debit Card,Delivered,Standard,Website,,7,,
7225360,356115,2024-08-12,Grocery,Mixed Nuts Pack,3,34.47,10,93.07,0.0,7.45,100.52,Credit Card,Delivered,Free Pickup,Website,SUMMER10,0,,
9431102,940382,2024-08-13,Beauty & Personal Care,Skincare Gift Set,2,38.75,0,77.5,0.0,15.5,93.0,Credit Card,Delivered,Standard,Mobile App,,7,,
2107629,800045,2024-08-13,Clothing,Running Shoes,4,35.73,0,142.92,0.0,8.58,151.5,Debit Card,Delivered,Standard,Mobile App,,7,,
8548387,184960,2024-08-13,Toys & Games,Remote Control Car,1,36.49,20,29.19,14.99,1.75,45.93,Credit Card,Delivered,Express,Marketplace,SAVE20,3,5.0,
1017795,639465,2024-08-13,Beauty & Personal Care,Sunscreen SPF50,3,22.92,0,68.76,27.99,4.13,100.88,PayPal,Delivered,Next-Day,Website,,1,,
5225694,969091,2024-08-13,Sports & Outdoors,Yoga Mat,1,218.27,0,218.27,0.0,21.83,240.1,Credit Card,Delivered,Standard,Mobile App,,7,1.0,
6719866,494711,2024-08-13,Home & Kitchen,Non-Stick Frying Pan,1,100.24,0,100.24,0.0,6.01,106.25,Debit Card,Delivered,Free Pickup,Website,,0,,
3589249,516216,2024-08-14,Electronics,Portable Charger,2,250.91,0,501.82,0.0,41.4,543.22,Apple Pay,Delivered,Standard,Mobile App,,7,5.0,
2181130,924384,2024-08-14,Grocery,Extra Virgin Olive Oil,5,7.56,0,37.8,14.99,7.56,60.35,PayPal,Delivered,Express,Website,,3,5.0,
2964014,856360,2024-08-14,Sports & Outdoors,Insulated Water Bottle,3,106.33,0,318.99,0.0,19.14,338.13,Apple Pay,Delivered,Standard,Mobile App,,7,,
7029053,598994,2024-08-15,Sports & Outdoors,Hiking Backpack,2,236.88,0,473.76,0.0,28.43,502.19,PayPal,Delivered,Standard,Marketplace,,7,4.0,
9723606,496735,2024-08-15,Sports & Outdoors,Hiking Backpack,1,70.05,0,70.05,14.99,4.2,89.24,Debit Card,Delivered,Express,Website,,3,5.0,
2980777,370685,2024-08-15,Sports & Outdoors,Insulated Water Bottle,3,16.9,20,40.56,5.99,2.43,48.98,Credit Card,Delivered,Standard,Website,VIP15,7,5.0,
7628851,320359,2024-08-15,Beauty & Personal Care,Sunscreen SPF50,1,21.79,0,21.79,14.99,1.8,38.58,PayPal,Delivered,Express,Mobile App,,3,,
7991582,540156,2024-08-15,Sports & Outdoors,Fishing Rod,3,37.22,0,111.66,0.0,8.93,120.59,Credit Card,Delivered,Free Pickup,Mobile App,,0,,
3297097,687100,2024-08-15,Home & Kitchen,Cotton Bed Sheets,1,177.01,0,177.01,0.0,11.06,188.07,Apple Pay,Delivered,Standard,Website,,7,,
8664111,312071,2024-08-15,Clothing,Summer Dress,3,19.76,15,50.39,5.99,4.16,60.54,Google Pay,Returned,Standard,Website,VIP15,7,,Arrived Late
1637316,415774,2024-08-15,Home & Kitchen,Cotton Bed Sheets,1,96.89,5,92.05,0.0,5.75,97.8,PayPal,Delivered,Standard,Mobile App,FLASH30,7,5.0,
6749889,339071,2024-08-16,Books,Graphic Novel,3,11.76,0,35.28,5.99,7.06,48.33,PayPal,Delivered,Standard,Website,,7,5.0,
2335809,348817,2024-08-16,Electronics,Noise-Cancelling Headphones,2,402.44,0,804.88,0.0,0.0,804.88,Credit Card,Delivered,Standard,Mobile App,,7,5.0,
3414830,631391,2024-08-16,Books,Self-Help Guide,2,23.39,30,32.75,5.99,6.55,45.29,Debit Card,Delivered,Standard,Website,VIP15,7,,
7503617,205361,2024-08-16,Toys & Games,Building Block Set,6,22.66,0,135.96,0.0,11.22,147.18,PayPal,Delivered,Standard,Website,,7,5.0,
9587707,111069,2024-08-16,Clothing,Women's Yoga Pants,2,87.73,0,175.46,12.99,10.97,199.42,Google Pay,Shipped,Express,Marketplace,,3,,
1815177,664785,2024-08-17,Books,Science Fiction Epic,3,21.79,0,65.37,5.99,3.92,75.28,Credit Card,Delivered,Standard,Website,,7,5.0,
7034184,566643,2024-08-17,Home & Kitchen,Ceramic Dinnerware Set,1,55.81,0,55.81,0.0,4.6,60.41,Credit Card,Delivered,Free Pickup,Website,,0,4.0,
6454838,526724,2024-08-17,Sports & Outdoors,Camping Tent,1,67.31,0,67.31,14.99,4.04,86.34,Credit Card,Delivered,Express,Website,,3,,
9018620,600859,2024-08-18,Electronics,Wireless Mouse,1,330.5,0,330.5,0.0,19.83,350.33,PayPal,Delivered,Standard,Website,,7,4.0,
2129139,195250,2024-08-18,Sports & Outdoors,Hiking Backpack,3,210.9,0,632.7,24.99,39.54,697.23,Credit Card,Delivered,Next-Day,Website,,1,4.0,
5916681,678032,2024-08-18,Pet Supplies,Pet Grooming Brush,4,12.94,0,51.76,5.99,3.24,60.99,Credit Card,Delivered,Standard,Marketplace,,7,,
7653861,807606,2024-08-18,Beauty & Personal Care,Electric Razor,2,18.85,0,37.7,27.99,3.11,68.8,Credit Card,Delivered,Next-Day,Marketplace,,1,,
1297727,531320,2024-08-18,Clothing,Wool Sweater,1,50.72,25,38.04,0.0,3.14,41.18,Debit Card,Delivered,Free Pickup,Website,VIP15,0,4.0,
1931458,282050,2024-08-18,Books,Cookbook: Weeknight Dinners,5,12.82,0,64.1,5.99,5.13,75.22,Credit Card,Cancelled,Standard,Marketplace,,7,,
7076907,211308,2024-08-19,Electronics,Wireless Mouse,1,533.48,0,533.48,0.0,42.68,576.16,Credit Card,Delivered,Standard,Website,,7,,
2211618,275250,2024-08-19,Books,Fantasy Trilogy Box Set,2,22.86,0,45.72,27.99,5.94,79.65,Apple Pay,Delivered,Next-Day,Mobile App,,1,4.0,
3524032,436093,2024-08-19,Home & Kitchen,Vacuum Cleaner,1,90.01,0,90.01,24.99,7.43,122.43,Credit Card,Delivered,Next-Day,Website,,1,3.0,
2668886,198172,2024-08-19,Toys & Games,Action Figure,1,82.39,0,82.39,0.0,6.8,89.19,PayPal,Delivered,Standard,Website,,7,1.0,
8298664,550528,2024-08-19,Electronics,Streaming Media Player,1,613.41,0,613.41,12.99,36.8,663.2,Credit Card,Delivered,Express,Mobile App,,3,4.0,
8547772,121565,2024-08-20,Clothing,Cotton T-Shirt,3,66.18,0,198.54,0.0,16.38,214.92,Credit Card,Delivered,Standard,Marketplace,,7,,
5346411,784274,2024-08-20,Toys & Games,Card Game Deck,2,70.88,0,141.76,0.0,11.7,153.46,PayPal,Delivered,Free Pickup,Marketplace,,0,5.0,
8850121,642033,2024-08-20,Books,Self-Help Guide,1,8.83,0,8.83,5.99,1.77,16.59,Debit Card,Delivered,Standard,Website,,7,4.0,
7615121,206944,2024-08-20,Office Supplies,Sticky Notes Pack,5,46.65,0,233.25,0.0,19.24,252.49,Credit Card,Returned,Standard,Mobile App,,7,,Changed Mind
7964067,684370,2024-08-21,Beauty & Personal Care,Facial Moisturizer,1,22.54,0,22.54,27.99,1.35,51.88,Gift Card,Returned,Next-Day,Mobile App,,1,,Defective Item
6073111,645986,2024-08-21,Beauty & Personal Care,Hair Dryer,1,15.33,0,15.33,14.99,1.26,31.58,Credit Card,Delivered,Express,Mobile App,,3,1.0,
6643320,490071,2024-08-21,Electronics,Portable Charger,1,247.71,0,247.71,0.0,15.48,263.19,Apple Pay,Delivered,Standard,Mobile App,,7,5.0,
2260702,926740,2024-08-21,Toys & Games,Board Game Classic,1,53.87,0,53.87,0.0,10.77,64.64,Google Pay,Delivered,Free Pickup,Mobile App,,0,3.0,
6313358,496735,2024-08-22,Sports & Outdoors,Yoga Mat,1,158.32,10,142.49,0.0,11.76,154.25,Credit Card,Delivered,Standard,Website,SUMMER10,7,,
3372574,316724,2024-08-22,Clothing,Slim Fit Jeans,1,92.36,0,92.36,0.0,5.54,97.9,Debit Card,Delivered,Standard,Website,,7,4.0,
8432421,826264,2024-08-23,Beauty & Personal Care,Facial Moisturizer,1,20.96,5,19.91,5.99,1.99,27.89,Credit Card,Delivered,Standard,Website,FREESHIP,7,,
9681122,577420,2024-08-23,Home & Kitchen,Memory Foam Pillow,2,31.45,0,62.9,5.99,5.19,74.08,PayPal,Delivered,Standard,Website,,7,,
2211873,729750,2024-08-23,Grocery,Honey Jar,4,9.88,30,27.66,5.99,0.0,33.65,Debit Card,Returned,Standard,Website,WELCOME10,7,,Wrong Size
2193421,545658,2024-08-24,Beauty & Personal Care,Hair Dryer,3,35.08,0,105.24,12.99,8.68,126.91,Credit Card,Delivered,Express,Website,,3,3.0,
3688745,315385,2024-08-24,Sports & Outdoors,Yoga Mat,1,160.15,0,160.15,12.99,20.82,193.96,Apple Pay,Processing,Express,Mobile App,,3,,
1284587,698930,2024-08-25,Clothing,Men's Denim Jacket,1,19.93,25,14.95,14.99,1.23,31.17,Credit Card,Delivered,Express,Mobile App,SUMMER10,3,5.0,
7355873,265163,2024-08-25,Clothing,Summer Dress,4,151.88,0,607.52,24.99,121.5,754.01,PayPal,Delivered,Next-Day,Website,,1,,
3130154,355903,2024-08-25,Clothing,Men's Denim Jacket,2,146.47,20,234.35,0.0,14.06,248.41,PayPal,Delivered,Standard,Marketplace,SAVE20,7,5.0,
6434742,542798,2024-08-25,Beauty & Personal Care,Electric Toothbrush,1,19.82,0,19.82,5.99,1.19,27.0,Debit Card,Returned,Standard,Website,,7,,Better Price Found
4570924,533723,2024-08-26,Clothing,Rain Jacket,3,54.53,30,114.51,24.99,6.87,146.37,PayPal,Cancelled,Next-Day,Mobile App,FLASH30,1,,
4141054,976980,2024-08-26,Beauty & Personal Care,Facial Moisturizer,2,65.09,0,130.18,0.0,10.74,140.92,PayPal,Delivered,Standard,Marketplace,,7,4.0,
6012199,385326,2024-08-26,Clothing,Cotton T-Shirt,1,45.93,0,45.93,0.0,3.79,49.72,PayPal,Delivered,Free Pickup,Mobile App,,0,4.0,
8460758,999753,2024-08-26,Clothing,Slim Fit Jeans,3,94.14,0,282.42,0.0,17.65,300.07,Gift Card,Delivered,Standard,Website,,7,4.0,
1613515,670537,2024-08-26,Clothing,Summer Dress,1,55.51,0,55.51,5.99,3.33,64.83,Credit Card,Delivered,Standard,Marketplace,,7,5.0,
3652687,863406,2024-08-26,Electronics,Portable Charger,1,489.32,0,489.32,0.0,97.86,587.18,Credit Card,Delivered,Standard,Marketplace,,7,4.0,
5006400,997140,2024-08-27,Clothing,Men's Denim Jacket,2,53.1,0,106.2,12.99,6.64,125.83,Google Pay,Delivered,Express,Website,,3,,
9135813,379104,2024-08-27,Toys & Games,Action Figure,1,71.09,0,71.09,5.99,4.27,81.35,Debit Card,Delivered,Standard,Mobile App,,7,,
3966026,149044,2024-08-27,Beauty & Personal Care,Facial Moisturizer,3,72.79,0,218.37,0.0,17.47,235.84,Debit Card,Delivered,Standard,Website,,7,2.0,
3778031,860304,2024-08-27,Beauty & Personal Care,Perfume,3,63.86,10,172.42,12.99,14.22,199.63,Debit Card,Delivered,Express,Website,VIP15,3,4.0,
8111712,953016,2024-08-28,Sports & Outdoors,Fitness Tracker Watch,1,101.94,20,81.55,0.0,10.6,92.15,PayPal,Delivered,Standard,Website,SUMMER10,7,,
4063389,711151,2024-08-28,Sports & Outdoors,Hiking Backpack,1,74.49,0,74.49,5.99,4.66,85.14,Credit Card,Delivered,Standard,Website,,7,,
1951154,343810,2024-08-28,Toys & Games,Puzzle 1000pc,1,91.14,0,91.14,0.0,5.47,96.61,Debit Card,Delivered,Standard,Mobile App,,7,,
3270040,750176,2024-08-28,Home & Kitchen,Cutlery Set,4,122.03,0,488.12,0.0,40.27,528.39,Credit Card,Delivered,Standard,Website,,7,5.0,
3325639,850003,2024-08-29,Toys & Games,Remote Control Car,1,56.39,5,53.57,5.99,3.35,62.91,Google Pay,Delivered,Standard,Website,FREESHIP,7,,
4524537,185555,2024-08-29,Beauty & Personal Care,Sunscreen SPF50,2,62.06,0,124.12,12.99,9.93,147.04,Credit Card,Delivered,Express,Website,,3,5.0,
3041266,133646,2024-08-29,Clothing,Men's Denim Jacket,2,46.32,0,92.64,12.99,7.64,113.27,Apple Pay,Returned,,Mobile App,,3,,Wrong Size
4020249,848646,2024-08-29,Books,Self-Help Guide,1,28.37,0,28.37,5.99,2.34,36.7,Credit Card,Delivered,Standard,Website,,7,5.0,
9867304,209703,2024-08-29,Office Supplies,Stapler,1,31.21,0,31.21,5.99,6.24,43.44,Credit Card,Delivered,Standard,Website,,7,4.0,
5536356,977095,2024-08-29,Toys & Games,Remote Control Car,1,62.29,5,59.18,5.99,3.55,68.72,PayPal,Cancelled,Standard,Mobile App,SAVE20,7,,
2538403,182833,2024-08-29,Home & Kitchen,Air Fryer,1,111.83,0,111.83,0.0,22.37,134.2,Gift Card,Delivered,Standard,Website,,7,5.0,
2953992,549826,2024-08-29,Clothing,Running Shoes,4,85.03,0,340.12,0.0,20.41,360.53,Debit Card,Cancelled,Standard,Website,,7,,
8973400,341690,2024-08-30,Office Supplies,Whiteboard,1,68.48,0,68.48,5.99,5.65,80.12,Credit Card,Returned,Standard,Website,,7,,Changed Mind
5512370,370685,2024-08-30,Toys & Games,Card Game Deck,2,37.23,30,52.12,5.99,4.17,62.28,Credit Card,Delivered,Standard,Mobile App,SAVE20,7,,
3178186,942283,2024-08-30,Beauty & Personal Care,Electric Razor,3,28.06,0,84.18,0.0,5.05,89.23,Google Pay,Returned,Free Pickup,Website,,0,,Not as Described
9410958,163173,2024-08-30,Grocery,Honey Jar,2,19.98,0,39.96,27.99,2.6,70.55,Apple Pay,Delivered,Next-Day,Mobile App,,1,5.0,
7850965,214719,2024-08-30,Electronics,Wireless Earbuds,1,182.35,0,182.35,0.0,18.24,200.59,PayPal,Delivered,Standard,Website,,7,,
2002954,856360,2024-08-30,Electronics,Wireless Mouse,1,46.5,0,46.5,14.99,9.3,70.79,Debit Card,Delivered,Express,Website,,3,4.0,
8563232,771645,2024-08-30,Clothing,Baseball Cap,2,25.77,0,51.54,0.0,9.79,61.33,Apple Pay,Delivered,Free Pickup,Mobile App,,0,5.0,
4934998,856360,2024-08-31,Beauty & Personal Care,Shampoo & Conditioner Set,3,24.44,0,73.32,14.99,4.58,92.89,Credit Card,Delivered,Express,Mobile App,,3,4.0,
2424743,856360,2024-08-31,Beauty & Personal Care,Makeup Palette,1,35.17,0,35.17,5.99,2.9,44.06,Credit Card,Delivered,Standard,Website,,7,,
5849458,773540,2024-08-31,Home & Kitchen,Stand Mixer,1,177.87,0,177.87,0.0,23.12,200.99,Credit Card,Delivered,Standard,Website,,7,2.0,
1850545,330200,2024-08-31,Home & Kitchen,Cotton Bed Sheets,2,131.55,0,263.1,0.0,21.71,284.81,Credit Card,Returned,Standard,Mobile App,,7,,Better Price Found
5533632,908295,2024-08-31,Books,Cookbook: Weeknight Dinners,2,8.21,0,16.42,5.99,0.99,23.4,Credit Card,Cancelled,Standard,Website,,7,,
4807194,937852,2024-09-01,Home & Kitchen,Coffee Maker,3,153.46,0,460.38,0.0,27.62,488.0,Credit Card,Delivered,Free Pickup,Mobile App,,0,4.0,
8713601,939225,2024-09-01,Electronics,Portable Charger,1,228.65,15,194.35,0.0,12.15,206.5,Credit Card,Delivered,Standard,Website,FREESHIP,7,5.0,
7003881,996684,2024-09-01,Electronics,Mechanical Keyboard,1,415.0,0,415.0,0.0,34.24,449.24,PayPal,Delivered,Free Pickup,Website,,0,4.0,
1269225,145116,2024-09-01,Books,Science Fiction Epic,1,30.96,30,21.67,5.99,2.17,29.83,Credit Card,Delivered,Standard,Website,VIP15,7,,
9674320,865292,2024-09-02,Grocery,Extra Virgin Olive Oil,3,11.99,0,35.97,14.99,7.19,58.15,Debit Card,Returned,Express,Website,,3,,Not as Described
5867310,771645,2024-09-02,Electronics,Mechanical Keyboard,1,108.97,10,98.07,0.0,8.09,106.16,Apple Pay,Delivered,Standard,Website,SAVE20,7,5.0,
9815673,650758,2024-09-02,Books,Mystery Novel,4,27.01,0,108.04,0.0,0.0,108.04,Credit Card,Cancelled,Standard,Website,,7,,
8180884,279737,2024-09-02,Electronics,Noise-Cancelling Headphones,3,495.74,0,1487.22,0.0,89.23,1576.45,Debit Card,Delivered,Standard,Website,,7,4.0,
8368661,974275,2024-09-02,Home & Kitchen,Cotton Bed Sheets,1,128.52,0,128.52,0.0,8.03,136.55,Credit Card,Delivered,Free Pickup,Mobile App,,0,,
9641374,352288,2024-09-02,Home & Kitchen,Coffee Maker,1,97.55,0,97.55,12.99,8.05,118.59,Credit Card,Delivered,Express,Mobile App,,3,5.0,
3096665,726518,2024-09-03,Clothing,Wool Sweater,3,29.85,0,89.55,0.0,5.6,95.15,Credit Card,Shipped,Standard,Marketplace,,7,,
9055524,847491,2024-09-03,Books,Poetry Collection,2,29.58,0,59.16,5.99,3.7,68.85,Google Pay,Delivered,Standard,Website,,7,,
4416035,539241,2024-09-04,Beauty & Personal Care,Vitamin C Serum,1,18.62,0,18.62,5.99,3.72,28.33,Credit Card,Delivered,Standard,Website,,7,,
4005970,591756,2024-09-04,Office Supplies,Desk Organizer,4,65.57,0,262.28,12.99,21.64,296.91,Credit Card,Delivered,Express,Website,,3,5.0,
2848442,520397,2024-09-04,Beauty & Personal Care,Skincare Gift Set,1,18.59,0,18.59,5.99,1.53,26.11,Debit Card,Delivered,Standard,Marketplace,,7,4.0,
2742515,411928,2024-09-04,Home & Kitchen,Ceramic Dinnerware Set,1,123.38,10,111.04,24.99,7.22,143.25,Apple Pay,Delivered,Next-Day,Mobile App,SAVE20,1,,
8887094,926740,2024-09-04,Electronics,Portable Charger,1,201.31,0,201.31,0.0,16.61,217.92,Credit Card,Delivered,Standard,Website,,7,5.0,
9761015,557252,2024-09-05,Electronics,Noise-Cancelling Headphones,1,481.09,0,481.09,0.0,96.22,577.31,Credit Card,Returned,Standard,Website,,7,,Defective Item
8341444,717340,2024-09-05,Books,Self-Help Guide,1,31.83,0,31.83,14.99,5.09,51.91,Apple Pay,Delivered,Express,Website,,3,,
8246944,773540,2024-09-05,Electronics,Streaming Media Player,1,271.08,20,216.86,24.99,13.01,254.86,Debit Card,Delivered,Next-Day,Website,VIP15,1,,
4757125,586006,2024-09-06,Grocery,Mixed Nuts Pack,5,20.26,0,101.3,0.0,8.36,109.66,PayPal,Delivered,Standard,Website,,7,4.0,
6979123,856360,2024-09-06,Electronics,Streaming Media Player,1,461.78,30,323.25,0.0,26.67,349.92,Debit Card,Delivered,Standard,Marketplace,VIP15,7,3.0,
9095639,744635,2024-09-06,Home & Kitchen,Vacuum Cleaner,1,102.41,0,102.41,0.0,6.14,108.55,Debit Card,Delivered,Standard,Website,,7,5.0,
9626322,638422,2024-09-06,Books,Science Fiction Epic,5,21.04,0,105.2,24.99,8.42,138.61,Credit Card,Delivered,Next-Day,Website,,1,,
4279268,645241,2024-09-06,Toys & Games,Doll House,1,19.9,20,15.92,5.99,3.18,25.09,Credit Card,Delivered,Standard,Marketplace,VIP15,7,3.0,
9423187,400186,2024-09-07,Books,Self-Help Guide,1,14.13,0,14.13,5.99,0.85,20.97,Debit Card,Delivered,Standard,Mobile App,,7,3.0,
7724608,530251,2024-09-07,Home & Kitchen,Ceramic Dinnerware Set,1,246.24,0,246.24,12.99,32.01,291.24,Credit Card,Delivered,Express,Website,,3,2.0,
8048831,316724,2024-09-08,Beauty & Personal Care,Shampoo & Conditioner Set,3,25.09,0,75.27,12.99,6.21,94.47,PayPal,Delivered,Express,Mobile App,,3,4.0,
4105678,373292,2024-09-08,Beauty & Personal Care,Electric Razor,1,36.77,0,36.77,5.99,3.68,46.44,PayPal,Delivered,Standard,Mobile App,,7,5.0,
6537414,384588,2024-09-08,Books,Graphic Novel,3,16.55,0,49.65,0.0,6.45,56.1,PayPal,Delivered,Free Pickup,Website,,0,3.0,
2430853,530251,2024-09-08,Home & Kitchen,Stand Mixer,1,83.19,0,83.19,0.0,6.66,89.85,Debit Card,Delivered,Standard,Website,,7,,
3076980,321653,2024-09-08,Books,Fantasy Trilogy Box Set,2,22.49,10,40.48,14.99,2.53,58.0,Credit Card,Delivered,Express,Website,VIP15,3,,
5864943,803895,2024-09-09,Electronics,Wireless Mouse,2,457.95,0,915.9,24.99,91.59,1032.48,Credit Card,Delivered,Next-Day,Mobile App,,1,1.0,
4844444,856758,2024-09-09,Electronics,Smartphone Case,1,282.15,0,282.15,12.99,23.28,318.42,Credit Card,Delivered,Express,Mobile App,,3,,
4367990,181380,2024-09-09,Beauty & Personal Care,Perfume,6,40.16,0,240.96,0.0,48.19,289.15,Debit Card,Delivered,Standard,Mobile App,,7,5.0,
6917727,629305,2024-09-10,Clothing,Cotton T-Shirt,1,31.31,20,25.05,0.0,1.5,26.55,Debit Card,Delivered,Free Pickup,Mobile App,SUMMER10,0,4.0,
3180854,470367,2024-09-10,Books,Self-Help Guide,2,16.69,25,25.04,5.99,2.07,33.1,Debit Card,Cancelled,Standard,Website,FREESHIP,7,,
9414250,433068,2024-09-10,Books,Graphic Novel,2,35.04,0,70.08,5.99,4.2,80.27,Credit Card,Delivered,Standard,Website,,7,4.0,
5343047,493034,2024-09-10,Electronics,Bluetooth Speaker,1,386.33,0,386.33,0.0,24.15,410.48,Debit Card,Returned,Standard,Mobile App,,7,,Better Price Found
8315877,729178,2024-09-11,Grocery,Mixed Nuts Pack,1,19.73,0,19.73,5.99,1.18,26.9,Debit Card,Delivered,Standard,Mobile App,,7,,
7351778,229964,2024-09-11,Electronics,Smartphone Case,2,213.37,10,384.07,24.99,24.96,434.02,Credit Card,Delivered,Next-Day,Website,SUMMER10,1,,
9036572,186089,2024-09-12,Sports & Outdoors,Insulated Water Bottle,1,122.48,0,122.48,24.99,7.66,155.13,Debit Card,Delivered,Next-Day,Website,,1,,
7170213,996684,2024-09-12,Sports & Outdoors,Fishing Rod,2,230.74,0,461.48,0.0,27.69,489.17,PayPal,Delivered,Standard,Website,,7,4.0,
3360402,360723,2024-09-13,Office Supplies,Stapler,3,15.89,0,47.67,5.99,2.98,56.64,Credit Card,Delivered,Standard,Mobile App,,7,,
7031255,476547,2024-09-13,Office Supplies,Ballpoint Pen Pack,2,220.0,0,440.0,12.99,26.4,479.39,Credit Card,Delivered,Express,Mobile App,,3,,
9449046,620849,2024-09-13,Clothing,Winter Parka,1,167.17,0,167.17,0.0,10.45,177.62,Credit Card,Returned,Standard,Website,,7,,Changed Mind
7901514,638422,2024-09-15,Clothing,Summer Dress,1,40.9,0,40.9,5.99,2.45,49.34,Credit Card,Delivered,Standard,Website,,7,5.0,
2718532,565788,2024-09-15,Clothing,Rain Jacket,2,28.69,0,57.38,5.99,7.46,70.83,Credit Card,Delivered,Standard,Website,,7,,
4551919,494006,2024-09-15,Sports & Outdoors,Yoga Mat,1,134.17,0,134.17,0.0,25.49,159.66,Credit Card,Cancelled,Standard,Marketplace,,7,,
4131975,341690,2024-09-15,Sports & Outdoors,Hiking Backpack,2,113.81,0,227.62,0.0,13.66,241.28,Apple Pay,Delivered,Standard,Mobile App,,7,,
3190293,446431,2024-09-15,Toys & Games,Remote Control Car,1,19.01,0,19.01,14.99,1.19,35.19,Credit Card,Delivered,Express,Mobile App,,3,,
9784074,670928,2024-09-16,Clothing,Summer Dress,1,34.87,0,34.87,5.99,6.97,47.83,Credit Card,Returned,Standard,Website,,7,,Better Price Found
8163022,206604,2024-09-16,Office Supplies,Notebook Set,4,13.67,0,54.68,14.99,3.42,73.09,PayPal,Delivered,Express,Website,,3,4.0,
7791934,398177,2024-09-16,Home & Kitchen,Ceramic Dinnerware Set,1,100.81,0,100.81,0.0,20.16,120.97,Google Pay,Delivered,Standard,Website,,7,,
6538407,846055,2024-09-16,Books,Poetry Collection,1,24.35,0,24.35,14.99,1.46,40.8,Credit Card,Delivered,Express,Website,,3,,
6437597,157373,2024-09-16,Books,Cookbook: Weeknight Dinners,1,18.5,0,18.5,5.99,1.11,25.6,PayPal,Cancelled,Standard,Website,,7,,
3147572,848713,2024-09-16,Home & Kitchen,Non-Stick Frying Pan,1,52.53,0,52.53,14.99,4.33,71.85,Debit Card,Delivered,Express,Mobile App,,3,,
8395125,265163,2024-09-16,Sports & Outdoors,Yoga Mat,1,198.36,0,198.36,0.0,19.84,218.2,Gift Card,Delivered,Standard,Marketplace,,7,5.0,
7213357,233128,2024-09-16,Beauty & Personal Care,Vitamin C Serum,3,70.46,0,211.38,0.0,42.28,253.66,Credit Card,Delivered,Standard,Website,,7,,
7257680,665395,2024-09-17,Electronics,4K Smart TV,1,646.53,0,646.53,0.0,84.05,730.58,PayPal,Cancelled,Standard,Mobile App,,7,,
8662003,205361,2024-09-17,Clothing,Cotton T-Shirt,3,29.27,0,87.81,0.0,7.24,95.05,Credit Card,Delivered,Standard,Marketplace,,7,5.0,
3544380,678850,2024-09-17,Clothing,Baseball Cap,2,24.4,0,48.8,0.0,2.93,51.73,Google Pay,Delivered,Free Pickup,Mobile App,,0,5.0,
5992749,177611,2024-09-17,Grocery,Sparkling Water Case,2,15.3,0,30.6,5.99,1.91,38.5,Credit Card,Cancelled,Standard,Website,,7,,
2213495,433068,2024-09-17,Home & Kitchen,Cotton Bed Sheets,1,70.16,0,70.16,5.99,5.79,81.94,Google Pay,Shipped,Standard,Website,,7,,
9277575,177411,2024-09-17,Clothing,Women's Yoga Pants,4,27.51,0,110.04,0.0,6.6,116.64,Debit Card,Delivered,Free Pickup,Website,,0,,
1343974,587093,2024-09-17,Grocery,Honey Jar,10,44.56,0,445.6,0.0,89.12,534.72,Debit Card,Delivered,Standard,Website,,7,,
7375916,314695,2024-09-17,Books,Personal Finance 101,1,21.48,0,21.48,14.99,1.29,37.76,PayPal,Returned,Express,Website,,3,,Better Price Found
2280704,116154,2024-09-18,Beauty & Personal Care,Perfume,1,31.15,0,31.15,5.99,1.87,39.01,Credit Card,Delivered,Standard,Marketplace,,7,4.0,
8806657,757288,2024-09-18,Home & Kitchen,Ceramic Dinnerware Set,4,138.34,0,553.36,24.99,34.58,612.93,Credit Card,Cancelled,Next-Day,Website,,1,,
7134598,264557,2024-09-18,Sports & Outdoors,Adjustable Dumbbell Set,3,54.08,10,146.02,24.99,9.13,180.14,Debit Card,Returned,Next-Day,Marketplace,FLASH30,1,,Changed Mind
8529006,654364,2024-09-18,Sports & Outdoors,Mountain Bike Helmet,2,86.66,5,164.65,0.0,32.93,197.58,PayPal,Delivered,Standard,Mobile App,FLASH30,7,5.0,
5876724,717194,2024-09-18,Toys & Games,Outdoor Water Blaster,1,11.64,0,11.64,5.99,0.73,18.36,Apple Pay,Returned,Standard,Website,,7,,Not as Described
2485060,181067,2024-09-18,Grocery,Sparkling Water Case,4,55.0,0,220.0,0.0,22.0,242.0,PayPal,Delivered,Standard,Marketplace,,7,,
5851391,622527,2024-09-18,Home & Kitchen,Cutlery Set,2,56.18,5,106.74,0.0,13.88,120.62,Google Pay,Delivered,Standard,Mobile App,VIP15,7,,
4572761,757288,2024-09-18,Sports & Outdoors,Fishing Rod,1,40.85,0,40.85,14.99,0.0,55.84,PayPal,Returned,Express,Marketplace,,3,,Not as Described
2733542,312071,2024-09-18,Beauty & Personal Care,Hair Dryer,2,24.1,0,48.2,5.99,3.98,58.17,Credit Card,Delivered,Standard,Website,,7,3.0,
1151480,576694,2024-09-18,Beauty & Personal Care,Skincare Gift Set,3,32.47,0,97.41,0.0,5.84,103.25,Gift Card,Delivered,Standard,Website,,7,,
8686193,703517,2024-09-18,Grocery,Organic Coffee Beans,2,43.54,0,87.08,0.0,17.42,104.5,Credit Card,Delivered,Free Pickup,Website,,0,5.0,
5822545,804118,2024-09-18,Toys & Games,Card Game Deck,1,35.47,15,30.15,5.99,1.88,38.02,Apple Pay,Delivered,Standard,Mobile App,SUMMER10,7,5.0,
1211698,999753,2024-09-19,Beauty & Personal Care,Skincare Gift Set,1,16.16,5,15.35,14.99,0.96,31.3,Credit Card,Delivered,Express,Website,SAVE20,3,5.0,
7299573,939425,2024-09-19,Home & Kitchen,Cotton Bed Sheets,2,62.03,0,124.06,0.0,24.81,148.87,PayPal,Delivered,Standard,Website,,7,5.0,
1125851,619405,2024-09-19,Toys & Games,Puzzle 1000pc,4,84.24,0,336.96,0.0,0.0,336.96,PayPal,Cancelled,Standard,Mobile App,,7,,
7407432,972701,2024-09-19,Toys & Games,Educational STEM Kit,3,44.03,30,92.46,12.99,7.4,112.85,Credit Card,Cancelled,Express,Mobile App,FREESHIP,3,,
2144235,529908,2024-09-19,Electronics,Smartphone Case,1,719.0,0,719.0,0.0,43.14,762.14,Credit Card,Delivered,Free Pickup,Website,,0,,
1054312,494006,2024-09-19,Home & Kitchen,Non-Stick Frying Pan,1,45.93,0,45.93,14.99,3.79,64.71,Credit Card,Cancelled,Express,Mobile App,,3,,
3825195,743457,2024-09-19,Grocery,Protein Bar Box,5,18.77,0,93.85,12.99,5.63,112.47,Credit Card,Delivered,Express,Website,,3,4.0,
5775244,941827,2024-09-19,Grocery,Mixed Nuts Pack,2,24.68,30,34.55,27.99,6.91,69.45,Credit Card,Delivered,Next-Day,Mobile App,WELCOME10,1,,
7489228,181431,2024-09-20,Electronics,Bluetooth Speaker,1,623.92,0,623.92,0.0,38.99,662.91,Apple Pay,Delivered,Standard,Website,,7,5.0,
1132859,119023,2024-09-20,Sports & Outdoors,Resistance Bands Set,1,72.89,0,72.89,27.99,7.29,108.17,Credit Card,Delivered,Next-Day,Mobile App,,1,5.0,
2769470,239673,2024-09-20,Grocery,Protein Bar Box,4,7.41,0,29.64,5.99,1.85,37.48,PayPal,Delivered,Standard,Mobile App,,7,,
6771986,815371,2024-09-20,Beauty & Personal Care,Electric Toothbrush,3,10.76,0,32.28,0.0,1.94,34.22,Google Pay,Delivered,Free Pickup,Mobile App,,0,,
6984277,764258,2024-09-20,Home & Kitchen,Air Fryer,3,146.42,0,439.26,0.0,36.24,475.5,Credit Card,Delivered,Standard,Mobile App,,7,5.0,
4363426,600859,2024-09-20,Electronics,Mechanical Keyboard,4,719.41,0,2877.64,12.99,172.66,3063.29,Debit Card,Delivered,Express,Mobile App,,3,,
4075914,712536,2024-09-20,Clothing,Running Shoes,5,113.63,0,568.15,0.0,35.51,603.66,Gift Card,Delivered,Standard,Marketplace,,7,5.0,
9614909,880310,2024-09-21,Grocery,Pasta Variety Pack,2,9.37,0,18.74,14.99,1.12,34.85,Credit Card,Delivered,Express,Website,,3,3.0,
6483835,388496,2024-09-21,Home & Kitchen,Stand Mixer,3,248.15,0,744.45,24.99,0.0,769.44,Apple Pay,Delivered,Next-Day,Mobile App,,1,5.0,
2861786,265163,2024-09-21,Clothing,Wool Sweater,1,59.78,0,59.78,14.99,4.93,79.7,Credit Card,Delivered,Express,Website,,3,,
7235531,415774,2024-09-21,Electronics,Streaming Media Player,1,144.28,0,144.28,12.99,14.43,171.7,Credit Card,Delivered,Express,Website,,3,,
3772523,863406,2024-09-21,Home & Kitchen,Coffee Maker,1,69.77,0,69.77,5.99,4.36,80.12,Gift Card,Delivered,Standard,Marketplace,,7,5.0,
2371134,697324,2024-09-21,Electronics,Mechanical Keyboard,2,666.06,0,1332.12,24.99,106.57,1463.68,Credit Card,Delivered,Next-Day,Mobile App,,1,3.0,
6818441,549826,2024-09-21,Grocery,Organic Coffee Beans,2,11.0,0,22.0,5.99,1.38,29.37,PayPal,Delivered,Standard,Mobile App,,7,4.0,
9333275,665395,2024-09-21,Beauty & Personal Care,Electric Razor,3,47.36,0,142.08,0.0,8.88,150.96,Credit Card,Cancelled,Standard,Mobile App,,7,,
5833064,631391,2024-09-22,Electronics,Wireless Earbuds,1,469.0,0,469.0,0.0,29.31,498.31,Gift Card,Delivered,Standard,Website,,7,5.0,
2859201,757288,2024-09-22,Books,Self-Help Guide,5,28.14,0,140.7,12.99,8.44,162.13,Credit Card,Delivered,Express,Mobile App,,3,3.0,
6063685,672388,2024-09-22,Clothing,Running Shoes,6,59.62,0,357.72,0.0,29.51,387.23,Gift Card,Delivered,Standard,Website,,7,5.0,
3213061,542798,2024-09-22,Clothing,Winter Parka,1,47.97,0,47.97,5.99,3.96,57.92,Apple Pay,Cancelled,Standard,Website,,7,,
2403461,434006,2024-09-22,Grocery,Mixed Nuts Pack,3,29.26,25,65.84,5.99,5.43,77.26,Credit Card,Delivered,Standard,Website,HOLIDAY25,7,5.0,
2419772,926740,2024-09-22,Clothing,Winter Parka,1,100.19,0,100.19,12.99,6.26,119.44,Credit Card,Delivered,Express,Website,,3,5.0,
7655505,684997,2024-09-23,Toys & Games,Board Game Classic,3,46.21,0,138.63,0.0,11.44,150.07,PayPal,Delivered,Standard,Marketplace,,7,4.0,
7347627,850003,2024-09-23,Grocery,Granola Cereal,4,35.34,15,120.16,12.99,9.91,143.06,Credit Card,Delivered,Express,Mobile App,SAVE20,3,,
9134165,773540,2024-09-23,Books,Mystery Novel,4,21.05,0,84.2,24.99,6.74,115.93,Debit Card,Returned,Next-Day,Website,,1,,Defective Item
5270232,355903,2024-09-23,Grocery,Honey Jar,7,43.32,0,303.24,0.0,18.19,321.43,Debit Card,Delivered,Standard,Marketplace,,7,5.0,
5352102,304008,2024-09-23,Pet Supplies,Pet Grooming Brush,1,72.61,0,72.61,5.99,14.52,93.12,Debit Card,Delivered,Standard,Website,,7,5.0,
8202981,411928,2024-09-23,Toys & Games,Puzzle 1000pc,1,41.16,0,41.16,5.99,2.47,49.62,PayPal,Delivered,Standard,Mobile App,,7,4.0,
9443533,842889,2024-09-23,Clothing,Rain Jacket,3,87.44,0,262.32,0.0,15.74,278.06,Credit Card,Delivered,Standard,Mobile App,,7,4.0,
3851758,265163,2024-09-23,Clothing,Women's Yoga Pants,2,68.58,0,137.16,0.0,11.32,148.48,PayPal,Delivered,Standard,Website,,7,5.0,
7653299,911637,2024-09-23,Electronics,Laptop Stand,2,494.22,0,988.44,0.0,197.69,1186.13,Google Pay,Shipped,Standard,Website,,7,,
9617928,672511,2024-09-24,Electronics,Noise-Cancelling Headphones,2,401.62,0,803.24,12.99,50.2,866.43,Debit Card,Delivered,Express,Website,,3,5.0,
7870695,384588,2024-09-24,Beauty & Personal Care,Skincare Gift Set,2,44.5,10,80.1,0.0,6.61,86.71,PayPal,Delivered,Standard,Marketplace,SAVE20,7,,
2799437,424619,2024-09-24,Electronics,Wireless Mouse,2,256.58,0,513.16,12.99,66.71,592.86,Credit Card,Cancelled,Express,Website,,3,,
7220015,209578,2024-09-24,Sports & Outdoors,Fishing Rod,1,198.14,0,198.14,0.0,0.0,198.14,PayPal,Delivered,Standard,Marketplace,,7,,
2528219,820543,2024-09-24,Sports & Outdoors,Yoga Mat,1,19.48,0,19.48,27.99,1.61,49.08,Debit Card,Delivered,Next-Day,Marketplace,,1,5.0,
6950987,762495,2024-09-25,Grocery,Granola Cereal,3,8.74,30,18.35,14.99,1.19,34.53,PayPal,Delivered,Express,Website,HOLIDAY25,3,4.0,
8619769,578841,2024-09-25,Books,Historical Biography,1,13.16,0,13.16,27.99,0.82,41.97,Debit Card,Delivered,Next-Day,Website,,1,4.0,
8406104,582626,2024-09-25,Grocery,Mixed Nuts Pack,4,23.46,0,93.84,0.0,7.74,101.58,Debit Card,Delivered,Free Pickup,Website,,0,5.0,
1552106,698930,2024-09-25,Electronics,Wireless Earbuds,1,636.53,0,636.53,0.0,38.19,674.72,Apple Pay,Returned,Standard,Marketplace,,7,,Defective Item
9259804,686576,2024-09-25,Office Supplies,Sticky Notes Pack,5,220.0,0,1100.0,0.0,176.0,1276.0,PayPal,Delivered,Standard,Mobile App,,7,5.0,
5006591,899817,2024-09-25,Grocery,Sparkling Water Case,3,15.25,0,45.75,27.99,3.77,77.51,Credit Card,Delivered,Next-Day,Mobile App,,1,5.0,
6020032,798962,2024-09-25,Electronics,Smartphone Case,2,350.97,0,701.94,0.0,57.91,759.85,Gift Card,Delivered,Standard,Website,,7,5.0,
9975453,229964,2024-09-25,Grocery,Mixed Nuts Pack,7,26.18,0,183.26,12.99,36.65,232.9,Debit Card,Cancelled,Express,Marketplace,,3,,
9246921,664785,2024-09-26,Books,Science Fiction Epic,1,16.88,0,16.88,5.99,1.01,23.88,Credit Card,Delivered,Standard,Website,,7,4.0,
4437523,757288,2024-09-26,Sports & Outdoors,Resistance Bands Set,1,19.11,0,19.11,27.99,1.15,48.25,Google Pay,Delivered,Next-Day,Mobile App,,1,,
1879777,516216,2024-09-26,Clothing,Wool Sweater,4,64.07,0,256.28,0.0,16.02,272.3,Credit Card,Delivered,Standard,Website,,7,5.0,
5136826,378752,2024-09-26,Clothing,Men's Denim Jacket,2,78.32,0,156.64,24.99,12.92,194.55,Apple Pay,Delivered,Next-Day,Website,,1,4.0,
6039481,216808,2024-09-27,Sports & Outdoors,Camping Tent,1,61.71,0,61.71,5.99,5.09,72.79,Gift Card,Returned,Standard,Mobile App,,7,,Wrong Size
8314378,339071,2024-09-27,Electronics,Noise-Cancelling Headphones,1,251.27,10,226.14,24.99,45.23,296.36,Debit Card,Returned,Next-Day,Mobile App,HOLIDAY25,1,,Not as Described
2629145,404777,2024-09-28,Sports & Outdoors,Fitness Tracker Watch,1,70.12,0,70.12,5.99,0.0,76.11,Debit Card,Delivered,Standard,Website,,7,5.0,
5056740,940382,2024-09-28,Grocery,Dark Chocolate Bar,6,9.15,0,54.9,5.99,0.0,60.89,Debit Card,Delivered,,Mobile App,,7,,
8631881,488273,2024-09-28,Clothing,Baseball Cap,3,42.53,0,127.59,0.0,10.53,138.12,Debit Card,Delivered,Standard,Mobile App,,7,4.0,
8065358,750843,2024-09-28,Clothing,Summer Dress,3,38.6,0,115.8,0.0,15.05,130.85,Apple Pay,Delivered,Standard,Mobile App,,7,5.0,
4998734,831938,2024-09-29,Clothing,Wool Sweater,5,31.14,0,155.7,0.0,12.85,168.55,Credit Card,Delivered,Free Pickup,Website,,0,4.0,
8210464,843085,2024-09-29,Electronics,Wireless Earbuds,1,427.98,0,427.98,0.0,35.31,463.29,Debit Card,Delivered,Standard,Website,,7,,
6635348,752908,2024-09-29,Electronics,Noise-Cancelling Headphones,3,649.25,30,1363.42,0.0,259.05,1622.47,Credit Card,Delivered,Standard,Mobile App,FREESHIP,7,4.0,
7388078,365062,2024-09-29,Pet Supplies,Dog Bed,3,28.69,0,86.07,24.99,7.1,118.16,Credit Card,Cancelled,Next-Day,Website,,1,,
1480347,359971,2024-09-30,Toys & Games,Remote Control Car,2,12.54,5,23.83,5.99,1.49,31.31,Debit Card,Delivered,Standard,Website,FREESHIP,7,5.0,
7467339,761154,2024-09-30,Electronics,Wireless Mouse,2,526.72,0,1053.44,0.0,86.91,1140.35,Debit Card,Delivered,Standard,Mobile App,,7,2.0,
2554051,509880,2024-09-30,Electronics,Streaming Media Player,2,104.07,0,208.14,0.0,17.17,225.31,Credit Card,Cancelled,Free Pickup,Mobile App,,0,,
4533966,914136,2024-09-30,Books,Poetry Collection,1,10.17,15,8.64,5.99,0.56,15.19,Credit Card,Delivered,Standard,Website,FREESHIP,7,,
8367391,195758,2024-09-30,Home & Kitchen,Cotton Bed Sheets,1,240.78,0,240.78,0.0,19.86,260.64,PayPal,Delivered,Standard,Marketplace,,7,,
3797052,427055,2024-09-30,Sports & Outdoors,Fitness Tracker Watch,2,35.32,0,70.64,5.99,14.13,90.76,Debit Card,Delivered,Standard,Website,,7,5.0,
6716942,743457,2024-09-30,Clothing,Rain Jacket,2,37.82,10,68.08,14.99,5.62,88.69,Gift Card,Delivered,Express,Marketplace,WELCOME10,3,,
7236224,687100,2024-09-30,Electronics,Wireless Earbuds,2,221.6,20,354.56,0.0,21.27,375.83,PayPal,Delivered,Standard,Mobile App,WELCOME10,7,,
8085740,249284,2024-09-30,Clothing,Slim Fit Jeans,2,89.04,0,178.08,0.0,14.25,192.33,PayPal,Cancelled,Standard,Mobile App,,7,,
7869462,467325,2024-10-01,Electronics,Smartphone Case,1,133.23,0,133.23,0.0,7.99,141.22,Debit Card,Returned,Free Pickup,Website,,0,,Wrong Size
5137248,408428,2024-10-01,Clothing,Running Shoes,2,61.9,0,123.8,24.99,7.74,156.53,Credit Card,Delivered,Next-Day,Website,,1,4.0,
7811386,715917,2024-10-02,Books,Historical Biography,1,25.47,0,25.47,5.99,1.53,32.99,PayPal,Delivered,Standard,Mobile App,,7,5.0,
6703703,151500,2024-10-02,Electronics,Bluetooth Speaker,1,131.85,15,112.07,0.0,22.41,134.48,PayPal,Delivered,Standard,Website,WELCOME10,7,5.0,
4041023,367081,2024-10-02,Electronics,Wireless Mouse,1,565.53,15,480.7,12.99,30.04,523.73,PayPal,Delivered,Express,Mobile App,FLASH30,3,,
2983508,684997,2024-10-02,Beauty & Personal Care,Hair Dryer,3,79.69,0,239.07,24.99,14.34,278.4,Debit Card,Delivered,Next-Day,Mobile App,,1,2.0,
3423583,713629,2024-10-02,Electronics,Portable Charger,2,444.53,0,889.06,24.99,53.34,967.39,Credit Card,Delivered,Next-Day,Website,,1,,
6241975,598248,2024-10-03,Beauty & Personal Care,Electric Toothbrush,1,18.77,0,18.77,5.99,1.22,25.98,Credit Card,Returned,Standard,Mobile App,,7,,Wrong Size
8151661,384588,2024-10-03,Electronics,Smartphone Case,1,237.13,0,237.13,0.0,37.94,275.07,Apple Pay,Cancelled,Free Pickup,Website,,0,,
4985780,856071,2024-10-03,Pet Supplies,Dog Bed,1,9.65,15,8.2,5.99,0.49,14.68,Credit Card,Delivered,Standard,Mobile App,VIP15,7,,
5773054,726938,2024-10-03,Clothing,Cotton T-Shirt,3,67.02,0,201.06,12.99,12.57,226.62,Apple Pay,Delivered,Express,Mobile App,,3,5.0,
7454211,729750,2024-10-04,Sports & Outdoors,Fitness Tracker Watch,1,37.74,0,37.74,5.99,2.26,45.99,Credit Card,Delivered,Standard,Website,,7,,
1276797,813547,2024-10-04,Toys & Games,Building Block Set,1,16.89,0,16.89,14.99,3.38,35.26,Credit Card,Delivered,Express,Mobile App,,3,4.0,
6483987,542798,2024-10-04,Home & Kitchen,Memory Foam Pillow,1,115.03,0,115.03,0.0,9.49,124.52,Credit Card,Delivered,Standard,Marketplace,,7,5.0,
3378082,923790,2024-10-04,Grocery,Honey Jar,3,13.72,0,41.16,27.99,3.4,72.55,Credit Card,Cancelled,Next-Day,Mobile App,,1,,
5133744,385214,2024-10-04,Clothing,Rain Jacket,3,76.67,20,184.01,0.0,11.5,195.51,PayPal,Delivered,Standard,Website,SAVE20,7,5.0,
8896576,729750,2024-10-04,Electronics,Bluetooth Speaker,2,221.21,10,398.18,0.0,23.89,422.07,Credit Card,Delivered,Standard,Website,HOLIDAY25,7,3.0,
8004585,315385,2024-10-04,Toys & Games,Educational STEM Kit,3,68.34,0,205.02,0.0,13.33,218.35,Credit Card,Delivered,Standard,Website,,7,5.0,
8218129,114172,2024-10-05,Books,Fantasy Trilogy Box Set,1,17.18,0,17.18,5.99,1.03,24.2,Gift Card,Delivered,Standard,Website,,7,3.0,
3076103,570217,2024-10-05,Clothing,Running Shoes,1,178.85,0,178.85,0.0,35.77,214.62,Gift Card,Delivered,Free Pickup,Mobile App,,0,,
5389411,230606,2024-10-05,Electronics,Smartphone Case,2,279.72,0,559.44,0.0,46.15,605.59,Google Pay,Cancelled,Standard,Website,,7,,
1216006,488643,2024-10-05,Electronics,Smartphone Case,1,274.08,0,274.08,0.0,22.61,296.69,Debit Card,Returned,Standard,Website,,7,,Defective Item
7149086,111069,2024-10-06,Grocery,Mixed Nuts Pack,1,54.17,0,54.17,5.99,3.52,63.68,Credit Card,Delivered,Standard,Website,,7,1.0,
6965255,709428,2024-10-06,Electronics,Portable Charger,4,211.03,10,759.71,0.0,45.58,805.29,Debit Card,Delivered,Standard,Mobile App,FREESHIP,7,3.0,
5542154,104886,2024-10-06,Electronics,Laptop Stand,2,567.99,20,908.78,0.0,72.7,981.48,Credit Card,Delivered,Free Pickup,Marketplace,HOLIDAY25,0,,
4926980,992497,2024-10-06,Home & Kitchen,Cutlery Set,1,300.92,5,285.87,0.0,22.87,308.74,Debit Card,Delivered,Free Pickup,Website,FREESHIP,0,4.0,
2752950,550369,2024-10-06,Toys & Games,Educational STEM Kit,1,96.6,0,96.6,0.0,9.66,106.26,Debit Card,Delivered,Standard,Marketplace,,7,,
6127720,446431,2024-10-06,Electronics,Streaming Media Player,3,300.0,0,900.0,0.0,0.0,900.0,Credit Card,Delivered,Standard,Marketplace,,7,5.0,
5395387,214719,2024-10-06,Home & Kitchen,LED Desk Lamp,3,72.98,0,218.94,24.99,0.0,243.93,PayPal,Delivered,Next-Day,Mobile App,,1,,
8328061,512617,2024-10-06,Home & Kitchen,Vacuum Cleaner,3,203.73,0,611.19,24.99,0.0,636.18,Apple Pay,Delivered,,Mobile App,,1,,
5094314,899817,2024-10-06,Home & Kitchen,Vacuum Cleaner,1,151.68,0,151.68,0.0,12.51,164.19,Apple Pay,Returned,Free Pickup,Website,,0,,Not as Described
5523726,937852,2024-10-07,Sports & Outdoors,Basketball,2,139.53,30,195.34,0.0,16.12,211.46,Credit Card,Delivered,Standard,Website,HOLIDAY25,7,4.0,
1723736,773540,2024-10-07,Sports & Outdoors,Hiking Backpack,1,300.0,0,300.0,0.0,18.0,318.0,Apple Pay,Delivered,Standard,Mobile App,,7,5.0,
4315082,733081,2024-10-07,Books,Mystery Novel,1,26.96,20,21.57,14.99,1.35,37.91,Credit Card,Shipped,Express,Mobile App,FREESHIP,3,,
9937928,598248,2024-10-08,Home & Kitchen,Vacuum Cleaner,4,39.98,0,159.92,12.99,9.6,182.51,Credit Card,Delivered,Express,Website,,3,,
3425798,148019,2024-10-08,Home & Kitchen,Vacuum Cleaner,1,80.74,0,80.74,0.0,5.05,85.79,Debit Card,Delivered,Standard,Marketplace,,7,,
9874509,530251,2024-10-09,Sports & Outdoors,Camping Tent,1,173.69,0,173.69,12.99,0.0,186.68,Credit Card,Delivered,Express,Website,,3,4.0,
1230396,916996,2024-10-09,Home & Kitchen,Memory Foam Pillow,1,37.75,0,37.75,27.99,2.26,68.0,Credit Card,Delivered,Next-Day,Mobile App,,1,,
4976058,842688,2024-10-09,Clothing,Running Shoes,2,28.65,5,54.43,5.99,5.44,65.86,PayPal,Delivered,Standard,Website,VIP15,7,,
9817400,768338,2024-10-09,Clothing,Baseball Cap,5,101.44,0,507.2,24.99,41.84,574.03,Credit Card,Delivered,Next-Day,Website,,1,,
2681023,552806,2024-10-09,Sports & Outdoors,Mountain Bike Helmet,1,191.9,0,191.9,0.0,12.47,204.37,Credit Card,Cancelled,Standard,Website,,7,,
4752394,542798,2024-10-09,Books,Graphic Novel,3,14.22,0,42.66,5.99,2.67,51.32,Google Pay,Delivered,Standard,Mobile App,,7,,
1521880,520397,2024-10-09,Toys & Games,Outdoor Water Blaster,2,37.89,20,60.62,14.99,3.79,79.4,Debit Card,Returned,Express,Marketplace,SAVE20,3,,Wrong Size
9130224,210439,2024-10-09,Office Supplies,Desk Organizer,2,83.2,0,166.4,12.99,10.4,189.79,Debit Card,Delivered,Express,Website,,3,,
7982576,929407,2024-10-09,Home & Kitchen,Cutlery Set,1,128.18,0,128.18,0.0,8.01,136.19,Apple Pay,Delivered,Free Pickup,Mobile App,,0,5.0,
5483195,868770,2024-10-09,Books,Poetry Collection,5,13.86,15,58.9,5.99,3.53,68.42,Credit Card,Delivered,Standard,Website,SAVE20,7,4.0,
4582411,127709,2024-10-09,Home & Kitchen,LED Desk Lamp,1,107.12,0,107.12,0.0,6.43,113.55,Credit Card,Delivered,Standard,Website,,7,3.0,
2429412,954194,2024-10-09,Sports & Outdoors,Camping Tent,1,133.55,15,113.52,0.0,9.08,122.6,Google Pay,Shipped,Standard,Mobile App,HOLIDAY25,7,,
8549481,697324,2024-10-10,Electronics,Streaming Media Player,2,267.59,0,535.18,0.0,32.11,567.29,Credit Card,Delivered,Standard,Website,,7,5.0,
9574689,446431,2024-10-10,Clothing,Baseball Cap,2,35.53,0,71.06,5.99,4.26,81.31,Debit Card,Delivered,Standard,Website,,7,4.0,
7230449,348817,2024-10-11,Electronics,Smartphone Case,1,259.55,5,246.57,12.99,16.03,275.59,Debit Card,Delivered,Express,Mobile App,FLASH30,3,5.0,
1883083,516216,2024-10-11,Home & Kitchen,Air Fryer,1,85.34,0,85.34,12.99,5.12,103.45,Debit Card,Delivered,Express,Website,,3,5.0,
7919069,880310,2024-10-11,Beauty & Personal Care,Facial Moisturizer,2,20.62,0,41.24,27.99,8.25,77.48,Credit Card,Returned,Next-Day,Website,,1,,Wrong Size
3875716,429344,2024-10-11,Electronics,Wireless Earbuds,1,626.91,0,626.91,12.99,37.61,677.51,Credit Card,Delivered,Express,Website,,3,,
8856742,520397,2024-10-11,Sports & Outdoors,Resistance Bands Set,2,107.67,30,150.74,12.99,12.06,175.79,Debit Card,Delivered,Express,Website,VIP15,3,,
3082660,642033,2024-10-12,Beauty & Personal Care,Makeup Palette,1,42.91,25,32.18,27.99,2.01,62.18,Credit Card,Delivered,Next-Day,Mobile App,WELCOME10,1,3.0,
5455485,615019,2024-10-12,Clothing,Women's Yoga Pants,1,48.06,0,48.06,0.0,2.88,50.94,Credit Card,Delivered,Free Pickup,Marketplace,,0,3.0,
3499325,807606,2024-10-12,Office Supplies,Label Maker,2,56.57,0,113.14,24.99,7.07,145.2,PayPal,Delivered,Next-Day,Website,,1,5.0,
5723702,249457,2024-10-12,Clothing,Cotton T-Shirt,1,85.06,0,85.06,12.99,6.8,104.85,PayPal,Returned,Express,Marketplace,,3,,Changed Mind
4274850,821498,2024-10-12,Grocery,Honey Jar,2,18.46,0,36.92,5.99,7.38,50.29,Credit Card,Delivered,Standard,Mobile App,,7,5.0,
2458139,714776,2024-10-12,Home & Kitchen,Non-Stick Frying Pan,3,251.9,0,755.7,0.0,45.34,801.04,Apple Pay,Delivered,Standard,Website,,7,5.0,
5111459,160837,2024-10-12,Home & Kitchen,Stand Mixer,1,49.6,15,42.16,14.99,2.53,59.68,PayPal,Delivered,Express,Mobile App,FLASH30,3,4.0,
3175165,867333,2024-10-13,Beauty & Personal Care,Facial Moisturizer,2,20.29,0,40.58,5.99,6.49,53.06,Debit Card,Delivered,Standard,Marketplace,,7,,
2257739,587634,2024-10-13,Home & Kitchen,LED Desk Lamp,4,65.26,15,221.88,12.99,13.87,248.74,Credit Card,Delivered,Express,Marketplace,FLASH30,3,4.0,
5893996,216808,2024-10-13,Beauty & Personal Care,Skincare Gift Set,2,34.07,25,51.1,27.99,3.19,82.28,Credit Card,Delivered,Next-Day,Mobile App,FLASH30,1,4.0,
4276437,566643,2024-10-13,Beauty & Personal Care,Electric Razor,2,28.66,0,57.32,14.99,4.59,76.9,Credit Card,Returned,Express,Website,,3,,Defective Item
7807696,457597,2024-10-13,Home & Kitchen,LED Desk Lamp,1,48.32,0,48.32,0.0,6.28,54.6,PayPal,Delivered,Free Pickup,Marketplace,,0,3.0,
3277465,539241,2024-10-13,Sports & Outdoors,Mountain Bike Helmet,1,92.76,0,92.76,12.99,5.8,111.55,Credit Card,Delivered,Express,Marketplace,,3,3.0,
3874676,539453,2024-10-13,Sports & Outdoors,Fitness Tracker Watch,2,109.71,0,219.42,12.99,43.88,276.29,PayPal,Delivered,Express,Marketplace,,3,4.0,
3704180,398177,2024-10-13,Books,Cookbook: Weeknight Dinners,2,13.97,0,27.94,14.99,1.68,44.61,PayPal,Delivered,Express,Marketplace,,3,,
7283946,813035,2024-10-14,Clothing,Running Shoes,1,23.72,0,23.72,27.99,1.9,53.61,Credit Card,Delivered,Next-Day,Mobile App,,1,4.0,
1907682,864201,2024-10-14,Beauty & Personal Care,Electric Toothbrush,3,64.27,10,173.53,12.99,10.41,196.93,PayPal,Delivered,Express,Website,FLASH30,3,4.0,
8900079,720159,2024-10-14,Electronics,Bluetooth Speaker,1,350.15,0,350.15,24.99,28.01,403.15,Credit Card,Delivered,Next-Day,Website,,1,,
7227185,815497,2024-10-14,Beauty & Personal Care,Perfume,1,20.91,0,20.91,5.99,4.18,31.08,Credit Card,Processing,Standard,Mobile App,,7,,
3961429,511311,2024-10-14,Books,Personal Finance 101,1,16.23,0,16.23,14.99,1.3,32.52,Credit Card,Delivered,Express,Website,,3,2.0,
9238650,543108,2024-10-15,Clothing,Winter Parka,1,19.39,0,19.39,27.99,1.21,48.59,,Cancelled,Next-Day,Mobile App,,1,,
1034388,205361,2024-10-15,Sports & Outdoors,Adjustable Dumbbell Set,1,36.74,0,36.74,27.99,2.3,67.03,Debit Card,Returned,Next-Day,Website,,1,,Arrived Late
8763954,794324,2024-10-15,Home & Kitchen,Ceramic Dinnerware Set,3,163.81,0,491.43,12.99,29.49,533.91,Google Pay,Delivered,Express,Website,,3,2.0,
4995938,441755,2024-10-15,Home & Kitchen,Cotton Bed Sheets,2,91.01,0,182.02,12.99,18.2,213.21,Debit Card,Returned,Express,Website,,3,,Changed Mind
6269193,488554,2024-10-15,Sports & Outdoors,Insulated Water Bottle,1,126.69,0,126.69,24.99,16.47,168.15,Debit Card,Returned,Next-Day,Website,,1,,Not as Described
5659385,327967,2024-10-15,Electronics,Streaming Media Player,2,319.11,15,542.49,0.0,43.4,585.89,Credit Card,Delivered,Standard,Marketplace,SUMMER10,7,,
2772842,654409,2024-10-15,Electronics,Bluetooth Speaker,1,224.68,0,224.68,24.99,18.54,268.21,PayPal,Returned,Next-Day,Marketplace,,1,,Defective Item
1000424,119888,2024-10-15,Office Supplies,Stapler,5,170.43,15,724.33,0.0,57.95,782.28,Debit Card,Returned,Standard,Website,WELCOME10,7,,Not as Described
6016161,748894,2024-10-16,Sports & Outdoors,Camping Tent,3,42.98,0,128.94,12.99,8.38,150.31,PayPal,Delivered,Express,Website,,3,,
7715072,827168,2024-10-16,Home & Kitchen,Cutlery Set,1,191.9,0,191.9,12.99,11.51,216.4,Google Pay,Delivered,Express,Website,,3,,
1954092,598590,2024-10-16,Home & Kitchen,Memory Foam Pillow,1,276.8,15,235.28,12.99,19.41,267.68,PayPal,Delivered,Express,Marketplace,SAVE20,3,5.0,
7151458,226229,2024-10-16,Toys & Games,Card Game Deck,2,42.43,0,84.86,0.0,5.09,89.95,Credit Card,Returned,Standard,Website,,7,,Better Price Found
9811365,750599,2024-10-17,Clothing,Baseball Cap,1,32.23,20,25.78,5.99,1.55,33.32,Credit Card,Delivered,Standard,Marketplace,SUMMER10,7,,
8597424,965592,2024-10-17,Home & Kitchen,LED Desk Lamp,2,149.83,0,299.66,0.0,19.48,319.14,PayPal,Delivered,Standard,Website,,7,,
9460288,972701,2024-10-17,Toys & Games,Puzzle 1000pc,1,40.18,0,40.18,5.99,5.22,51.39,Apple Pay,Returned,Standard,Website,,7,,Changed Mind
7779828,865916,2024-10-17,Office Supplies,Stapler,2,115.14,0,230.28,0.0,19.0,249.28,Credit Card,Delivered,Standard,Mobile App,,7,4.0,
3707763,784274,2024-10-17,Electronics,Wireless Mouse,2,568.3,0,1136.6,0.0,93.77,1230.37,Credit Card,Delivered,Standard,Website,,7,,
9263485,375123,2024-10-18,Beauty & Personal Care,Hair Dryer,2,10.19,0,20.38,5.99,1.68,28.05,PayPal,Delivered,Standard,Mobile App,,7,1.0,
8697090,726518,2024-10-18,Home & Kitchen,Coffee Maker,1,121.54,0,121.54,12.99,7.29,141.82,Debit Card,Delivered,Express,Website,,3,4.0,
2759804,424619,2024-10-18,Clothing,Slim Fit Jeans,1,40.09,0,40.09,5.99,2.41,48.49,PayPal,Delivered,Standard,Website,,7,,
1522527,583754,2024-10-18,Beauty & Personal Care,Makeup Palette,2,27.47,0,54.94,5.99,3.3,64.23,Google Pay,Delivered,Standard,Mobile App,,7,4.0,
1761410,684370,2024-10-18,Home & Kitchen,Cutlery Set,1,63.09,0,63.09,14.99,3.79,81.87,Credit Card,Delivered,Express,Website,,3,3.0,
4710321,926740,2024-10-18,Sports & Outdoors,Camping Tent,4,54.64,0,218.56,0.0,13.11,231.67,Credit Card,Cancelled,Standard,Mobile App,,7,,
2498519,744635,2024-10-19,Electronics,Bluetooth Speaker,1,124.4,0,124.4,0.0,10.26,134.66,Credit Card,Delivered,Standard,Marketplace,,7,,
1046609,321653,2024-10-19,Home & Kitchen,Vacuum Cleaner,1,243.69,0,243.69,0.0,14.62,258.31,Google Pay,Delivered,Standard,Website,,7,,
2626595,594225,2024-10-19,Home & Kitchen,Memory Foam Pillow,1,98.8,0,98.8,0.0,8.15,106.95,PayPal,Delivered,Standard,Mobile App,,7,5.0,
1010255,549826,2024-10-19,Clothing,Slim Fit Jeans,3,32.22,0,96.66,0.0,6.04,102.7,Credit Card,Processing,Standard,Mobile App,,7,,
4901697,549826,2024-10-19,Clothing,Summer Dress,2,34.22,0,68.44,27.99,4.11,100.54,PayPal,Delivered,Next-Day,Mobile App,,1,3.0,
5683649,121565,2024-10-19,Sports & Outdoors,Hiking Backpack,1,24.83,0,24.83,5.99,1.49,32.31,Debit Card,Delivered,Standard,Website,,7,5.0,
5551298,700975,2024-10-19,Books,Historical Biography,2,15.95,5,30.3,5.99,0.0,36.29,Debit Card,Delivered,Standard,Website,FREESHIP,7,5.0,
9261651,619405,2024-10-20,Home & Kitchen,Cutlery Set,3,34.5,0,103.5,0.0,6.47,109.97,Credit Card,Delivered,Standard,Marketplace,,7,,
1412831,771645,2024-10-20,Electronics,Laptop Stand,1,766.21,10,689.59,24.99,0.0,714.58,Credit Card,Delivered,Next-Day,Website,WELCOME10,1,,
5701160,254111,2024-10-20,Office Supplies,Stapler,1,113.0,25,84.75,0.0,6.99,91.74,Credit Card,Delivered,Standard,Marketplace,VIP15,7,5.0,
3299258,312967,2024-10-20,Home & Kitchen,Air Fryer,2,272.96,0,545.92,0.0,70.97,616.89,Credit Card,Delivered,Standard,Website,,7,1.0,
2409841,111069,2024-10-20,Sports & Outdoors,Resistance Bands Set,1,243.23,0,243.23,0.0,15.2,258.43,PayPal,Delivered,Standard,Website,,7,,
7342514,304294,2024-10-20,Books,Poetry Collection,3,33.13,0,99.39,12.99,7.95,120.33,,Delivered,Express,Website,,3,,
5911454,816723,2024-10-21,Sports & Outdoors,Hiking Backpack,1,51.31,0,51.31,5.99,4.23,61.53,Gift Card,Delivered,Standard,Website,,7,5.0,
5234732,773540,2024-10-21,Electronics,Mechanical Keyboard,1,124.78,0,124.78,12.99,7.8,145.57,PayPal,Delivered,Express,Mobile App,,3,5.0,
5833748,281969,2024-10-21,Books,Science Fiction Epic,2,7.32,0,14.64,14.99,1.21,30.84,Credit Card,Returned,Express,Marketplace,,3,,Arrived Late
2358918,916996,2024-10-22,Home & Kitchen,Air Fryer,1,293.61,0,293.61,0.0,24.22,317.83,Apple Pay,Delivered,Free Pickup,Marketplace,,0,5.0,
4151998,545164,2024-10-22,Office Supplies,File Folders Pack,2,57.58,0,115.16,12.99,11.52,139.67,Credit Card,Delivered,Express,Website,,3,5.0,
4809246,816444,2024-10-22,Sports & Outdoors,Camping Tent,3,27.17,0,81.51,0.0,4.89,86.4,Google Pay,Returned,Standard,Website,,7,,Defective Item
5655589,690537,2024-10-22,Beauty & Personal Care,Sunscreen SPF50,2,30.69,0,61.38,0.0,3.99,65.37,Debit Card,Delivered,Free Pickup,Mobile App,,0,3.0,
2605376,865643,2024-10-22,Sports & Outdoors,Mountain Bike Helmet,2,170.34,15,289.58,0.0,18.1,307.68,Credit Card,Cancelled,Standard,Mobile App,SUMMER10,7,,
6259219,639465,2024-10-22,Sports & Outdoors,Mountain Bike Helmet,2,231.12,0,462.24,12.99,30.05,505.28,Debit Card,Delivered,Express,Mobile App,,3,2.0,
8229796,104925,2024-10-23,Clothing,Wool Sweater,3,80.06,0,240.18,0.0,14.41,254.59,Gift Card,Delivered,Free Pickup,Mobile App,,0,5.0,
9035730,274990,2024-10-23,Beauty & Personal Care,Vitamin C Serum,3,84.31,0,252.93,12.99,15.18,281.1,,Delivered,Express,Marketplace,,3,5.0,
3218192,316724,2024-10-23,Books,Self-Help Guide,7,19.04,0,133.28,12.99,10.66,156.93,Credit Card,Delivered,Express,Mobile App,,3,,
6767816,206905,2024-10-23,Beauty & Personal Care,Skincare Gift Set,1,52.03,0,52.03,5.99,3.25,61.27,Apple Pay,Delivered,Standard,Website,,7,4.0,
7066241,127709,2024-10-23,Electronics,Smartphone Case,2,335.82,0,671.64,24.99,40.3,736.93,PayPal,Delivered,Next-Day,Marketplace,,1,4.0,
6798177,490206,2024-10-23,Sports & Outdoors,Fishing Rod,1,48.4,30,33.88,14.99,2.8,51.67,Debit Card,Delivered,Express,Website,HOLIDAY25,3,4.0,
1687499,787311,2024-10-24,Electronics,Streaming Media Player,1,543.93,0,543.93,24.99,32.64,601.56,Credit Card,Delivered,Next-Day,Mobile App,,1,5.0,
7938235,823673,2024-10-24,Electronics,Laptop Stand,1,180.07,0,180.07,0.0,11.25,191.32,Gift Card,Returned,Free Pickup,Mobile App,,0,,Wrong Size
2866176,997140,2024-10-24,Books,Historical Biography,1,16.97,0,16.97,5.99,1.1,24.06,Credit Card,Delivered,Standard,Website,,7,5.0,
4344699,516216,2024-10-24,Office Supplies,Printer Paper Ream,2,67.34,0,134.68,0.0,8.75,143.43,Gift Card,Delivered,Standard,Website,,7,,
8948551,304294,2024-10-24,Clothing,Slim Fit Jeans,2,51.62,5,98.08,12.99,19.62,130.69,Credit Card,Delivered,Express,Website,FREESHIP,3,5.0,
2081484,103940,2024-10-24,Books,Mystery Novel,3,19.91,0,59.73,0.0,3.58,63.31,Debit Card,Delivered,Free Pickup,Website,,0,5.0,
8668087,972701,2024-10-24,Beauty & Personal Care,Sunscreen SPF50,2,16.53,30,23.14,0.0,1.91,25.05,Credit Card,Delivered,Free Pickup,Website,VIP15,0,4.0,
7873474,709496,2024-10-24,Home & Kitchen,Memory Foam Pillow,1,146.54,0,146.54,12.99,12.09,171.62,Credit Card,Cancelled,Express,Mobile App,,3,,
3163874,957720,2024-10-24,Home & Kitchen,Stand Mixer,1,156.41,0,156.41,0.0,9.38,165.79,PayPal,Delivered,Standard,Website,,7,4.0,
8725521,172737,2024-10-24,Home & Kitchen,Cutlery Set,1,102.36,0,102.36,0.0,6.14,108.5,Credit Card,Delivered,Standard,Website,,7,4.0,
1741563,907174,2024-10-25,Clothing,Men's Denim Jacket,3,35.4,0,106.2,0.0,6.9,113.1,PayPal,Delivered,Standard,Mobile App,,7,5.0,
9711969,793758,2024-10-25,Home & Kitchen,Air Fryer,1,31.1,0,31.1,0.0,1.94,33.04,PayPal,Delivered,Free Pickup,Mobile App,,0,2.0,
2027045,578841,2024-10-25,Beauty & Personal Care,Electric Toothbrush,3,17.44,15,44.47,27.99,2.67,75.13,Debit Card,Delivered,Next-Day,Website,SAVE20,1,,
9016870,467924,2024-10-25,Home & Kitchen,Vacuum Cleaner,1,128.11,0,128.11,0.0,10.57,138.68,Debit Card,Returned,Standard,Marketplace,,7,,Defective Item
6528486,476547,2024-10-25,Home & Kitchen,Memory Foam Pillow,2,98.06,0,196.12,24.99,11.77,232.88,PayPal,Delivered,Next-Day,Website,,1,4.0,
4456241,181431,2024-10-25,Books,Poetry Collection,1,12.34,10,11.11,5.99,0.92,18.02,Gift Card,Delivered,Standard,Website,FREESHIP,7,5.0,
9469331,522163,2024-10-25,Electronics,Bluetooth Speaker,1,359.78,0,359.78,24.99,29.68,414.45,Credit Card,Delivered,Next-Day,Website,,1,,
7662889,709428,2024-10-25,Clothing,Cotton T-Shirt,4,42.49,0,169.96,0.0,10.2,180.16,Credit Card,Shipped,Standard,Marketplace,,7,,
7131394,282330,2024-10-26,Books,Personal Finance 101,2,16.09,0,32.18,5.99,1.93,40.1,Debit Card,Delivered,Standard,Website,,7,4.0,
5304325,549826,2024-10-26,Clothing,Winter Parka,2,133.61,0,267.22,0.0,21.38,288.6,Credit Card,Delivered,Standard,Website,,7,5.0,
8093930,665395,2024-10-26,Sports & Outdoors,Fitness Tracker Watch,1,159.41,0,159.41,0.0,9.96,169.37,Credit Card,Returned,Standard,Website,,7,,Arrived Late
4726591,525803,2024-10-26,Pet Supplies,Pet Grooming Brush,3,62.3,0,186.9,12.99,14.95,214.84,PayPal,Delivered,Express,Mobile App,,3,4.0,
8103834,501851,2024-10-27,Home & Kitchen,Ceramic Dinnerware Set,4,158.13,0,632.52,0.0,37.95,670.47,Credit Card,Shipped,Standard,Website,,7,,
9889338,427679,2024-10-27,Pet Supplies,Dog Chew Toy,1,40.23,0,40.23,14.99,2.41,57.63,Credit Card,Delivered,Express,Marketplace,,3,3.0,
5167834,198172,2024-10-27,Beauty & Personal Care,Perfume,2,38.82,0,77.64,0.0,4.66,82.3,Credit Card,Delivered,Standard,Mobile App,,7,5.0,
1976755,941827,2024-10-27,Clothing,Baseball Cap,2,116.63,0,233.26,12.99,0.0,246.25,Debit Card,Delivered,Express,Website,,3,3.0,
6269454,619405,2024-10-27,Electronics,Noise-Cancelling Headphones,1,51.06,0,51.06,27.99,3.19,82.24,Debit Card,Returned,Next-Day,Website,,1,,Better Price Found
8607501,226229,2024-10-27,Home & Kitchen,Memory Foam Pillow,1,146.25,25,109.69,24.99,6.58,141.26,Credit Card,Delivered,Next-Day,Mobile App,SAVE20,1,2.0,
3376701,564162,2024-10-27,Sports & Outdoors,Hiking Backpack,1,87.54,0,87.54,12.99,7.22,107.75,Debit Card,Delivered,Express,Marketplace,,3,4.0,
4793553,937852,2024-10-28,Grocery,Green Tea Bags,7,10.59,0,74.13,5.99,14.83,94.95,Debit Card,Delivered,Standard,Marketplace,,7,1.0,
1914361,613863,2024-10-28,Home & Kitchen,Cutlery Set,1,94.23,0,94.23,0.0,7.77,102.0,Credit Card,Delivered,Free Pickup,Website,,0,4.0,
3710055,549078,2024-10-28,Clothing,Rain Jacket,1,33.04,10,29.74,27.99,2.45,60.18,Debit Card,Delivered,Next-Day,Website,VIP15,1,,
7505104,236238,2024-10-28,Toys & Games,Remote Control Car,2,67.68,0,135.36,0.0,27.07,162.43,Debit Card,Delivered,Free Pickup,Website,,0,3.0,
1292210,144307,2024-10-28,Toys & Games,Action Figure,2,81.36,25,122.04,24.99,7.32,154.35,Debit Card,Delivered,Next-Day,Marketplace,HOLIDAY25,1,,
7183267,384588,2024-10-29,Electronics,Bluetooth Speaker,3,68.43,0,205.29,12.99,12.32,230.6,Google Pay,Delivered,Express,Marketplace,,3,4.0,
5336785,570217,2024-10-29,Electronics,Laptop Stand,2,255.0,0,510.0,12.99,30.6,553.59,Debit Card,Delivered,Express,Website,,3,5.0,
4362428,223623,2024-10-29,Sports & Outdoors,Mountain Bike Helmet,3,63.27,0,189.81,24.99,15.66,230.46,Debit Card,Cancelled,Next-Day,Marketplace,,1,,
4853830,672388,2024-10-29,Office Supplies,Printer Paper Ream,2,39.03,0,78.06,0.0,15.61,93.67,Gift Card,Delivered,Standard,Marketplace,,7,3.0,
6308972,974063,2024-10-29,Electronics,Portable Charger,1,325.53,0,325.53,24.99,19.53,370.05,Debit Card,Delivered,Next-Day,Mobile App,,1,,
5946274,933183,2024-10-30,Clothing,Wool Sweater,2,45.78,0,91.56,0.0,5.49,97.05,Debit Card,Delivered,Standard,Website,,7,,
3158340,378752,2024-10-30,Electronics,Mechanical Keyboard,1,454.04,0,454.04,0.0,28.38,482.42,PayPal,Delivered,Standard,Mobile App,,7,,
1709931,202299,2024-10-30,Toys & Games,Remote Control Car,3,37.04,0,111.12,0.0,6.94,118.06,Credit Card,Delivered,Standard,Marketplace,,7,5.0,
3080985,411928,2024-10-30,Toys & Games,Building Block Set,1,22.48,25,16.86,0.0,1.35,18.21,Credit Card,Returned,Free Pickup,Mobile App,VIP15,0,,Better Price Found
2835416,801962,2024-10-30,Sports & Outdoors,Hiking Backpack,1,63.33,0,63.33,14.99,5.22,83.54,Credit Card,Cancelled,Express,Website,,3,,
2846221,404777,2024-10-30,Clothing,Summer Dress,1,150.22,0,150.22,0.0,9.01,159.23,PayPal,Delivered,Standard,Marketplace,,7,,
7140012,353006,2024-10-31,Electronics,Smartphone Case,4,691.91,5,2629.26,0.0,216.91,2846.17,Credit Card,Delivered,Standard,Marketplace,SUMMER10,7,,
5787862,434006,2024-10-31,Electronics,4K Smart TV,2,198.15,0,396.3,12.99,25.76,435.05,Credit Card,Delivered,Express,Website,,3,5.0,
4231079,700975,2024-10-31,Grocery,Extra Virgin Olive Oil,3,27.81,30,58.4,14.99,4.82,78.21,Debit Card,Delivered,Express,Website,FLASH30,3,5.0,
4084575,275250,2024-10-31,Grocery,Green Tea Bags,2,6.92,0,13.84,14.99,0.86,29.69,Apple Pay,Delivered,Express,Mobile App,,3,5.0,
6473823,400584,2024-11-01,Electronics,Smartphone Case,3,1033.35,15,2635.04,12.99,342.56,2990.59,Gift Card,Delivered,Express,Website,HOLIDAY25,3,,
9946679,934214,2024-11-01,Sports & Outdoors,Hiking Backpack,2,48.54,30,67.96,5.99,5.61,79.56,Debit Card,Delivered,Standard,Website,WELCOME10,7,,
6784745,803895,2024-11-01,Home & Kitchen,Cutlery Set,3,129.06,15,329.1,12.99,26.33,368.42,Google Pay,Returned,Express,Mobile App,FLASH30,3,,Not as Described
7591908,807527,2024-11-01,Home & Kitchen,Stand Mixer,3,49.84,25,112.14,12.99,7.01,132.14,Apple Pay,Delivered,Express,Website,FLASH30,3,3.0,
5298690,804118,2024-11-01,Sports & Outdoors,Mountain Bike Helmet,1,240.44,25,180.33,0.0,10.82,191.15,Gift Card,Delivered,Standard,Mobile App,HOLIDAY25,7,3.0,
6364057,165195,2024-11-02,Electronics,Portable Charger,4,284.92,0,1139.68,0.0,94.02,1233.7,PayPal,Delivered,Standard,Website,,7,3.0,
6277812,385326,2024-11-02,Toys & Games,Educational STEM Kit,2,73.29,10,131.92,12.99,8.24,153.15,Credit Card,Returned,Express,Website,HOLIDAY25,3,,Defective Item
5033866,210439,2024-11-02,Books,Fantasy Trilogy Box Set,1,24.77,30,17.34,5.99,1.08,24.41,Debit Card,Returned,Standard,Website,SUMMER10,7,,Defective Item
5560597,148019,2024-11-02,Home & Kitchen,Stand Mixer,2,91.51,5,173.87,0.0,13.91,187.78,Credit Card,Delivered,Standard,Website,HOLIDAY25,7,3.0,
5379502,549078,2024-11-03,Clothing,Cotton T-Shirt,4,129.19,5,490.92,0.0,39.27,530.19,Debit Card,Delivered,Standard,Mobile App,SAVE20,7,4.0,
6645653,208190,2024-11-03,Beauty & Personal Care,Electric Toothbrush,1,24.11,15,20.49,14.99,1.28,36.76,Credit Card,Delivered,Express,Website,VIP15,3,4.0,
2521792,501971,2024-11-03,Clothing,Baseball Cap,2,82.46,0,164.92,0.0,21.44,186.36,Credit Card,Delivered,Standard,Website,,7,,
7145567,158414,2024-11-03,Beauty & Personal Care,Vitamin C Serum,1,95.0,0,95.0,0.0,5.7,100.7,PayPal,Returned,Standard,Website,,7,,Changed Mind
1316651,226095,2024-11-03,Home & Kitchen,Stand Mixer,1,184.04,30,128.83,12.99,7.73,149.55,Credit Card,Delivered,,Website,FLASH30,3,,
8057124,932843,2024-11-03,Beauty & Personal Care,Hair Dryer,2,60.11,30,84.15,0.0,5.05,89.2,Credit Card,Shipped,Standard,Mobile App,SUMMER10,7,,
4667175,236956,2024-11-03,Clothing,Summer Dress,2,107.86,15,183.36,0.0,15.13,198.49,Credit Card,Delivered,Standard,Website,SAVE20,7,4.0,
5857286,476634,2024-11-03,Home & Kitchen,Air Fryer,2,193.19,0,386.38,24.99,23.18,434.55,Credit Card,Delivered,Next-Day,Mobile App,,1,5.0,
1045721,752908,2024-11-03,Toys & Games,Board Game Classic,2,20.24,0,40.48,14.99,3.24,58.71,Gift Card,Delivered,Express,Mobile App,,3,,
5926259,565788,2024-11-03,Electronics,4K Smart TV,2,79.46,0,158.92,0.0,9.54,168.46,Credit Card,Delivered,Standard,Website,,7,4.0,
5139533,964105,2024-11-04,Sports & Outdoors,Fitness Tracker Watch,1,236.8,0,236.8,0.0,30.78,267.58,Debit Card,Delivered,Standard,Website,,7,,
3172552,248546,2024-11-04,Clothing,Women's Yoga Pants,1,15.49,0,15.49,14.99,1.28,31.76,PayPal,Delivered,Express,Marketplace,,3,5.0,
4439688,415774,2024-11-04,Clothing,Wool Sweater,2,27.99,0,55.98,5.99,4.48,66.45,Credit Card,Returned,Standard,Website,,7,,Not as Described
9237155,249284,2024-11-04,Beauty & Personal Care,Makeup Palette,1,28.67,15,24.37,5.99,1.52,31.88,Apple Pay,Delivered,Standard,Mobile App,HOLIDAY25,7,,
9342384,263224,2024-11-04,Clothing,Summer Dress,1,136.97,20,109.58,0.0,6.57,116.15,Debit Card,Delivered,Standard,Website,FREESHIP,7,,
6614578,513724,2024-11-04,Clothing,Baseball Cap,2,124.07,20,198.51,0.0,11.91,210.42,Credit Card,Cancelled,Standard,Mobile App,SUMMER10,7,,
4812102,557252,2024-11-04,Electronics,Noise-Cancelling Headphones,1,362.68,0,362.68,24.99,22.67,410.34,Gift Card,Delivered,Next-Day,Mobile App,,1,4.0,
8590613,131620,2024-11-05,Clothing,Baseball Cap,3,85.85,15,218.92,0.0,17.51,236.43,Debit Card,Delivered,Free Pickup,Mobile App,VIP15,0,4.0,
3429108,415774,2024-11-05,Grocery,Honey Jar,6,20.98,0,125.88,24.99,10.39,161.26,Credit Card,Delivered,Next-Day,Website,,1,,
4554118,129133,2024-11-06,Office Supplies,Whiteboard,1,17.6,15,14.96,5.99,1.23,22.18,Apple Pay,Cancelled,Standard,Website,HOLIDAY25,7,,
7270819,757288,2024-11-06,Clothing,Wool Sweater,2,131.82,30,184.55,0.0,15.23,199.78,Google Pay,Delivered,Standard,Marketplace,WELCOME10,7,4.0,
6033263,488082,2024-11-06,Beauty & Personal Care,Skincare Gift Set,1,31.7,10,28.53,5.99,1.85,36.37,Debit Card,Shipped,Standard,Website,WELCOME10,7,,
3138853,481328,2024-11-06,Books,Mystery Novel,4,20.13,5,76.49,12.99,0.0,89.48,Credit Card,Delivered,Express,Mobile App,SAVE20,3,5.0,
3243743,798962,2024-11-06,Sports & Outdoors,Insulated Water Bottle,1,96.54,0,96.54,12.99,7.96,117.49,PayPal,Delivered,Express,Website,,3,2.0,
5589256,654615,2024-11-06,Toys & Games,Plush Teddy Bear,1,71.38,0,71.38,5.99,4.28,81.65,Google Pay,Delivered,Standard,Mobile App,,7,5.0,
4358891,813547,2024-11-06,Beauty & Personal Care,Makeup Palette,1,16.52,0,16.52,5.99,0.99,23.5,Apple Pay,Delivered,Standard,Website,,7,,
5250588,588166,2024-11-06,Grocery,Mixed Nuts Pack,5,23.33,0,116.65,0.0,23.33,139.98,Credit Card,Delivered,Standard,Mobile App,,7,,
8477325,566643,2024-11-07,Grocery,Sparkling Water Case,2,11.0,0,22.0,5.99,1.43,29.42,Credit Card,Delivered,Standard,Website,,7,4.0,
8741264,690537,2024-11-07,Electronics,Noise-Cancelling Headphones,2,511.25,0,1022.5,12.99,84.36,1119.85,Google Pay,Returned,Express,Website,,3,,Changed Mind
7170409,474457,2024-11-07,Toys & Games,Board Game Classic,2,32.7,0,65.4,5.99,3.92,75.31,Debit Card,Delivered,Standard,Marketplace,,7,5.0,
8849968,807143,2024-11-07,Clothing,Winter Parka,5,132.62,0,663.1,12.99,39.79,715.88,PayPal,Delivered,Express,Website,,3,,
7568809,230606,2024-11-07,Sports & Outdoors,Mountain Bike Helmet,3,235.5,25,529.88,0.0,43.72,573.6,Credit Card,Delivered,Standard,Website,VIP15,7,,
4576930,252402,2024-11-07,Electronics,Wireless Mouse,1,122.95,30,86.06,12.99,5.16,104.21,PayPal,Delivered,Express,Mobile App,SUMMER10,3,4.0,
1450045,544221,2024-11-07,Beauty & Personal Care,Facial Moisturizer,1,28.25,0,28.25,27.99,2.33,58.57,Credit Card,Returned,Next-Day,Website,,1,,Not as Described
5509575,642033,2024-11-07,Beauty & Personal Care,Shampoo & Conditioner Set,1,40.25,0,40.25,5.99,3.32,49.56,Credit Card,Delivered,Standard,Website,,7,4.0,
8569136,515463,2024-11-08,Sports & Outdoors,Camping Tent,1,111.37,30,77.96,0.0,4.87,82.83,Gift Card,Processing,Standard,Website,SUMMER10,7,,
4788659,236238,2024-11-08,Electronics,Laptop Stand,1,315.68,15,268.33,0.0,16.77,285.1,Credit Card,Delivered,Standard,Website,SAVE20,7,5.0,
2563668,368795,2024-11-08,Toys & Games,Outdoor Water Blaster,4,15.22,15,51.75,27.99,5.18,84.92,PayPal,Delivered,Next-Day,Mobile App,HOLIDAY25,1,,
6246433,902174,2024-11-08,Office Supplies,Desk Organizer,6,158.22,25,711.99,0.0,42.72,754.71,Credit Card,Cancelled,Standard,Mobile App,FREESHIP,7,,
5986165,746966,2024-11-08,Home & Kitchen,Stand Mixer,1,189.1,0,189.1,24.99,11.82,225.91,Debit Card,Cancelled,Next-Day,Mobile App,,1,,
8947659,806986,2024-11-08,Electronics,Laptop Stand,1,234.66,0,234.66,0.0,14.08,248.74,Credit Card,Shipped,Standard,Mobile App,,7,,
8268563,581702,2024-11-08,Electronics,Mechanical Keyboard,1,228.65,5,217.22,0.0,43.44,260.66,Credit Card,Delivered,Free Pickup,Website,FLASH30,0,,
3141699,205361,2024-11-08,Electronics,Laptop Stand,1,219.03,20,175.22,12.99,28.04,216.25,Credit Card,Delivered,Express,Website,SUMMER10,3,,
1576458,429634,2024-11-08,Electronics,Noise-Cancelling Headphones,2,109.99,20,175.98,0.0,14.52,190.5,Debit Card,Delivered,Standard,Website,VIP15,7,4.0,
8229508,111069,2024-11-09,Books,Fantasy Trilogy Box Set,2,19.42,25,29.13,5.99,5.83,40.95,Credit Card,Delivered,Standard,Mobile App,VIP15,7,4.0,
5829610,494711,2024-11-09,Electronics,Noise-Cancelling Headphones,1,747.54,0,747.54,0.0,46.72,794.26,Credit Card,Delivered,Standard,Website,,7,5.0,
4265785,666934,2024-11-09,Grocery,Protein Bar Box,3,8.7,0,26.1,27.99,2.15,56.24,Debit Card,Returned,Next-Day,Mobile App,,1,,Better Price Found
4573746,954194,2024-11-09,Books,Poetry Collection,2,9.77,0,19.54,14.99,3.13,37.66,Credit Card,Delivered,Express,Website,,3,,
4184798,688461,2024-11-09,Office Supplies,File Folders Pack,1,88.43,10,79.59,12.99,5.17,97.75,Debit Card,Delivered,Express,Website,VIP15,3,5.0,
9464156,287382,2024-11-09,Books,Graphic Novel,1,19.1,5,18.14,14.99,1.13,34.26,Apple Pay,Returned,Express,Website,HOLIDAY25,3,,Not as Described
2713851,158414,2024-11-09,Grocery,Granola Cereal,1,12.82,0,12.82,5.99,1.06,19.87,PayPal,Delivered,Standard,Mobile App,,7,5.0,
1658212,976012,2024-11-10,Clothing,Summer Dress,2,42.04,0,84.08,0.0,6.94,91.02,Credit Card,Delivered,Standard,Mobile App,,7,,
8818986,864201,2024-11-10,Clothing,Men's Denim Jacket,3,80.61,0,241.83,0.0,19.35,261.18,PayPal,Cancelled,Standard,Marketplace,,7,,
5602574,240201,2024-11-10,Home & Kitchen,Cotton Bed Sheets,1,350.0,30,245.0,0.0,20.21,265.21,Debit Card,Shipped,Free Pickup,Website,WELCOME10,0,,
7245645,230606,2024-11-10,Toys & Games,Plush Teddy Bear,1,37.93,0,37.93,5.99,2.47,46.39,Credit Card,Delivered,Standard,Marketplace,,7,,
5222510,750599,2024-11-10,Home & Kitchen,Stand Mixer,1,136.21,0,136.21,12.99,8.85,158.05,PayPal,Delivered,Express,Website,,3,5.0,
6226573,104886,2024-11-10,Clothing,Wool Sweater,4,24.35,0,97.4,24.99,12.66,135.05,PayPal,Shipped,Next-Day,Mobile App,,1,,
7655034,343652,2024-11-10,Books,Children's Picture Book,1,43.96,0,43.96,5.99,2.64,52.59,Debit Card,Delivered,Standard,Mobile App,,7,5.0,
8266690,642033,2024-11-10,Sports & Outdoors,Camping Tent,1,85.59,30,59.91,14.99,4.94,79.84,PayPal,Returned,Express,Website,VIP15,3,,Arrived Late
4976394,602801,2024-11-10,Electronics,Smartphone Case,1,64.85,0,64.85,5.99,3.89,74.73,Credit Card,Delivered,Standard,Marketplace,,7,,
4410621,666744,2024-11-10,Electronics,Portable Charger,2,456.09,10,820.96,0.0,51.31,872.27,Credit Card,Cancelled,Standard,Marketplace,FLASH30,7,,
2741996,211308,2024-11-10,Clothing,Wool Sweater,4,33.95,0,135.8,0.0,8.15,143.95,Credit Card,Cancelled,Standard,Marketplace,,7,,
5982708,787311,2024-11-10,Sports & Outdoors,Insulated Water Bottle,2,35.18,10,63.32,14.99,12.03,90.34,Credit Card,Delivered,Express,Website,SUMMER10,3,5.0,
9952642,756541,2024-11-11,Clothing,Rain Jacket,2,33.12,30,46.37,27.99,3.01,77.37,Debit Card,Delivered,Next-Day,Website,FREESHIP,1,5.0,
8249404,914384,2024-11-11,Electronics,Bluetooth Speaker,1,340.62,0,340.62,12.99,0.0,353.61,PayPal,Delivered,Express,Website,,3,5.0,
9767230,348817,2024-11-11,Clothing,Wool Sweater,4,17.15,10,61.74,14.99,3.7,80.43,PayPal,Delivered,Express,Website,WELCOME10,3,5.0,
5846627,221043,2024-11-11,Clothing,Men's Denim Jacket,2,12.74,0,25.48,5.99,5.1,36.57,Apple Pay,Delivered,Standard,Mobile App,,7,4.0,
8959667,257097,2024-11-11,Grocery,Sparkling Water Case,5,28.56,20,114.24,0.0,7.14,121.38,Credit Card,Delivered,Standard,Website,SAVE20,7,5.0,
7653143,359971,2024-11-12,Beauty & Personal Care,Perfume,3,74.23,0,222.69,12.99,18.37,254.05,Apple Pay,Delivered,Express,Website,,3,5.0,
6753181,531320,2024-11-12,Clothing,Men's Denim Jacket,1,73.22,10,65.9,5.99,5.44,77.33,Credit Card,Delivered,Standard,Website,FLASH30,7,5.0,
7435228,202299,2024-11-12,Electronics,Noise-Cancelling Headphones,1,802.08,15,681.77,12.99,40.91,735.67,Debit Card,Delivered,Express,Website,SAVE20,3,,
2560916,578841,2024-11-12,Toys & Games,Outdoor Water Blaster,2,25.86,0,51.72,14.99,3.1,69.81,Credit Card,Delivered,Express,Website,,3,5.0,
6678089,826888,2024-11-12,Clothing,Rain Jacket,2,23.19,15,39.42,14.99,3.25,57.66,Credit Card,Delivered,Express,Marketplace,VIP15,3,5.0,
9945235,366709,2024-11-12,Books,Personal Finance 101,4,11.16,0,44.64,14.99,2.79,62.42,Debit Card,Cancelled,Express,Mobile App,,3,,
7011666,476634,2024-11-13,Home & Kitchen,Vacuum Cleaner,1,287.77,0,287.77,0.0,17.27,305.04,Apple Pay,Delivered,Free Pickup,Website,,0,5.0,
3528538,516528,2024-11-13,Beauty & Personal Care,Makeup Palette,3,10.25,0,30.75,14.99,1.92,47.66,Google Pay,Delivered,Express,Website,,3,,
5157036,411928,2024-11-13,Home & Kitchen,Cutlery Set,2,55.75,0,111.5,0.0,6.69,118.19,Credit Card,Delivered,Standard,Mobile App,,7,,
1999023,625244,2024-11-13,Clothing,Winter Parka,1,38.43,15,32.67,5.99,6.53,45.19,Credit Card,Delivered,Standard,Marketplace,SUMMER10,7,,
5079116,734020,2024-11-13,Office Supplies,File Folders Pack,4,117.52,5,446.58,12.99,35.73,495.3,PayPal,Delivered,Express,Mobile App,WELCOME10,3,,
9074390,856360,2024-11-13,Toys & Games,Plush Teddy Bear,1,33.0,30,23.1,5.99,1.91,31.0,Apple Pay,Delivered,Standard,Mobile App,SAVE20,7,3.0,
2937727,325332,2024-11-14,Books,Fantasy Trilogy Box Set,1,16.69,5,15.86,27.99,0.95,44.8,Google Pay,Delivered,Next-Day,Marketplace,SUMMER10,1,5.0,
9170227,111069,2024-11-14,Grocery,Honey Jar,3,15.38,0,46.14,14.99,3.0,64.13,Credit Card,Delivered,Express,Website,,3,,
2145391,992497,2024-11-14,Home & Kitchen,Coffee Maker,2,40.26,15,68.44,5.99,5.65,80.08,PayPal,Delivered,Standard,Website,SUMMER10,7,,
6509873,182540,2024-11-14,Grocery,Honey Jar,2,12.17,25,18.26,14.99,1.1,34.35,Credit Card,Delivered,Express,Website,WELCOME10,3,,
3074728,957720,2024-11-14,Clothing,Men's Denim Jacket,1,60.19,0,60.19,5.99,12.04,78.22,Credit Card,Cancelled,Standard,Mobile App,,7,,
3345286,865643,2024-11-14,Home & Kitchen,Stand Mixer,3,104.69,0,314.07,24.99,25.91,364.97,PayPal,Delivered,Next-Day,Mobile App,,1,4.0,
5457496,712536,2024-11-14,Home & Kitchen,Cotton Bed Sheets,2,175.2,5,332.88,12.99,27.46,373.33,Google Pay,Delivered,Express,Website,WELCOME10,3,,
4485781,187415,2024-11-15,Clothing,Running Shoes,1,11.76,0,11.76,14.99,0.71,27.46,Debit Card,Returned,Express,Mobile App,,3,,Arrived Late
7458975,868770,2024-11-15,Beauty & Personal Care,Facial Moisturizer,2,12.93,10,23.27,5.99,1.4,30.66,Google Pay,Delivered,Standard,Marketplace,FREESHIP,7,5.0,
7344185,236956,2024-11-15,Home & Kitchen,Stand Mixer,3,50.14,0,150.42,0.0,12.41,162.83,Credit Card,Delivered,Standard,Marketplace,,7,2.0,
6393904,813035,2024-11-15,Home & Kitchen,Cutlery Set,3,112.55,20,270.12,12.99,22.28,305.39,Debit Card,Delivered,Express,Mobile App,SAVE20,3,4.0,
8329502,488643,2024-11-15,Sports & Outdoors,Fishing Rod,3,72.01,20,172.82,0.0,10.37,183.19,Credit Card,Delivered,Standard,Website,VIP15,7,4.0,
7934772,250897,2024-11-15,Electronics,Wireless Earbuds,1,99.01,10,89.11,0.0,14.26,103.37,Credit Card,Delivered,Standard,Mobile App,FREESHIP,7,5.0,
3896339,516339,2024-11-15,Grocery,Organic Coffee Beans,1,9.64,0,9.64,5.99,0.8,16.43,PayPal,Cancelled,Standard,Mobile App,,7,,
6840736,138111,2024-11-15,Books,Self-Help Guide,4,21.45,5,81.51,0.0,4.89,86.4,Google Pay,Delivered,Standard,Marketplace,HOLIDAY25,7,4.0,
4858534,122576,2024-11-16,Beauty & Personal Care,Hair Dryer,1,47.5,0,47.5,14.99,2.97,65.46,Credit Card,Delivered,Express,Marketplace,,3,3.0,
9155752,750843,2024-11-16,Beauty & Personal Care,Makeup Palette,1,30.83,0,30.83,5.99,1.85,38.67,Credit Card,Delivered,Standard,Website,,7,,
3970194,216367,2024-11-16,Clothing,Baseball Cap,1,80.12,5,76.11,12.99,4.57,93.67,Credit Card,Delivered,Express,Mobile App,WELCOME10,3,5.0,
8152950,501971,2024-11-16,Books,Self-Help Guide,1,21.66,0,21.66,14.99,1.79,38.44,PayPal,Delivered,Express,Website,,3,5.0,
6878908,311815,2024-11-16,Grocery,Sparkling Water Case,3,55.0,0,165.0,24.99,9.9,199.89,Debit Card,Delivered,Next-Day,Website,,1,,
3383606,922291,2024-11-16,Home & Kitchen,Memory Foam Pillow,1,82.65,20,66.12,14.99,8.6,89.71,Credit Card,Delivered,Express,Website,SUMMER10,3,,
5696788,809484,2024-11-16,Office Supplies,Label Maker,3,25.4,5,72.39,5.99,4.34,82.72,Apple Pay,Delivered,Standard,Website,SAVE20,7,4.0,
7335094,665395,2024-11-16,Clothing,Summer Dress,4,84.75,0,339.0,0.0,44.07,383.07,PayPal,Delivered,Standard,Website,,7,3.0,
3749805,526706,2024-11-16,Sports & Outdoors,Insulated Water Bottle,1,37.26,20,29.81,5.99,1.79,37.59,Credit Card,Delivered,Standard,Mobile App,HOLIDAY25,7,,
7101889,206944,2024-11-16,Books,Self-Help Guide,1,22.04,25,16.53,14.99,0.99,32.51,PayPal,Delivered,Express,Mobile App,FLASH30,3,5.0,
4205554,526706,2024-11-16,Clothing,Summer Dress,5,47.68,15,202.64,0.0,26.34,228.98,Debit Card,Delivered,Standard,Website,HOLIDAY25,7,4.0,
3123001,104886,2024-11-16,Toys & Games,Card Game Deck,1,25.81,30,18.07,5.99,1.49,25.55,Apple Pay,Delivered,Standard,Mobile App,SAVE20,7,4.0,
7962124,131620,2024-11-17,Sports & Outdoors,Mountain Bike Helmet,3,59.68,20,143.23,0.0,8.95,152.18,PayPal,Delivered,Standard,Mobile App,SAVE20,7,5.0,
5969113,813189,2024-11-17,Home & Kitchen,Non-Stick Frying Pan,2,254.84,20,407.74,12.99,33.64,454.37,Google Pay,Delivered,Express,Website,VIP15,3,,
9476350,385214,2024-11-17,Books,Personal Finance 101,2,20.66,0,41.32,14.99,3.41,59.72,PayPal,Returned,Express,Marketplace,,3,,Arrived Late
5281845,762085,2024-11-17,Books,Mystery Novel,3,11.14,10,30.08,5.99,1.88,37.95,Apple Pay,Returned,Standard,Website,WELCOME10,7,,Wrong Size
3296047,175936,2024-11-17,Beauty & Personal Care,Vitamin C Serum,1,24.79,0,24.79,5.99,1.49,32.27,Credit Card,Delivered,Standard,Website,,7,5.0,
5641521,981939,2024-11-17,Books,Poetry Collection,2,27.64,0,55.28,14.99,4.42,74.69,PayPal,Delivered,Express,Website,,3,4.0,
4565432,400647,2024-11-17,Home & Kitchen,Air Fryer,1,134.25,0,134.25,0.0,8.39,142.64,Gift Card,Delivered,Standard,Mobile App,,7,5.0,
8942992,149044,2024-11-17,Sports & Outdoors,Camping Tent,3,21.85,10,59.0,5.99,9.44,74.43,PayPal,Delivered,Standard,Mobile App,SUMMER10,7,4.0,
1210778,348817,2024-11-18,Beauty & Personal Care,Shampoo & Conditioner Set,1,32.48,0,32.48,5.99,2.03,40.5,Apple Pay,Delivered,Standard,Website,,7,,
4211992,806683,2024-11-18,Electronics,Portable Charger,1,794.43,5,754.71,24.99,0.0,779.7,Apple Pay,Delivered,Next-Day,Mobile App,WELCOME10,1,2.0,
7780815,424590,2024-11-18,Beauty & Personal Care,Electric Toothbrush,2,43.68,5,82.99,0.0,13.28,96.27,PayPal,Delivered,Standard,Website,VIP15,7,,
7347081,889948,2024-11-19,Sports & Outdoors,Insulated Water Bottle,3,81.78,0,245.34,12.99,20.24,278.57,Credit Card,Cancelled,Express,Mobile App,,3,,
2197533,963727,2024-11-19,Toys & Games,Card Game Deck,2,36.22,30,50.71,5.99,3.17,59.87,Credit Card,Delivered,Standard,Mobile App,SUMMER10,7,4.0,
6961224,425339,2024-11-19,Clothing,Running Shoes,1,27.89,30,19.52,5.99,1.22,26.73,Credit Card,Cancelled,Standard,Mobile App,FLASH30,7,,
6012982,848646,2024-11-19,Clothing,Men's Denim Jacket,3,55.24,0,165.72,0.0,9.94,175.66,Credit Card,Cancelled,Standard,Website,,7,,
7991063,430264,2024-11-19,Grocery,Honey Jar,4,33.56,0,134.24,0.0,8.39,142.63,Credit Card,Delivered,Standard,Website,,7,5.0,
5444056,519251,2024-11-19,Beauty & Personal Care,Electric Toothbrush,2,26.24,30,36.74,14.99,3.03,54.76,Debit Card,Delivered,Express,Website,FREESHIP,3,5.0,
5035019,868822,2024-11-19,Toys & Games,Plush Teddy Bear,3,20.44,0,61.32,5.99,3.68,70.99,Google Pay,Delivered,Standard,Mobile App,,7,2.0,
4625692,468940,2024-11-19,Clothing,Wool Sweater,1,53.64,10,48.28,5.99,2.9,57.17,Credit Card,Returned,Standard,Website,FREESHIP,7,,Wrong Size
3886916,463607,2024-11-20,Clothing,Slim Fit Jeans,3,66.35,15,169.19,24.99,10.57,204.75,Credit Card,Delivered,Next-Day,Website,FLASH30,1,,
3331054,273715,2024-11-20,Clothing,Women's Yoga Pants,1,97.16,0,97.16,0.0,6.07,103.23,Debit Card,Delivered,Standard,Website,,7,,
9357194,790359,2024-11-20,Books,Science Fiction Epic,4,36.73,5,139.57,12.99,11.51,164.07,Credit Card,Delivered,Express,Mobile App,SUMMER10,3,4.0,
4050052,501851,2024-11-20,Grocery,Mixed Nuts Pack,5,22.64,0,113.2,12.99,0.0,126.19,PayPal,Delivered,Express,Mobile App,,3,,
5464079,470367,2024-11-20,Electronics,Portable Charger,1,607.88,10,547.09,12.99,32.83,592.91,Debit Card,Delivered,Express,Marketplace,SUMMER10,3,,
1461331,545164,2024-11-20,Office Supplies,Ergonomic Office Chair,4,17.29,15,58.79,5.99,11.76,76.54,PayPal,Delivered,Standard,Mobile App,FREESHIP,7,,
9022818,787199,2024-11-20,Beauty & Personal Care,Sunscreen SPF50,3,33.1,30,69.51,5.99,9.04,84.54,PayPal,Returned,Standard,Website,SUMMER10,7,,Changed Mind
2802350,316704,2024-11-20,Books,Graphic Novel,1,20.18,10,18.16,5.99,1.5,25.65,PayPal,Delivered,Standard,Website,FREESHIP,7,2.0,
8237929,874360,2024-11-20,Beauty & Personal Care,Hair Dryer,3,17.77,0,53.31,5.99,5.33,64.63,PayPal,Delivered,Standard,Mobile App,,7,5.0,
8007470,750599,2024-11-21,Beauty & Personal Care,Skincare Gift Set,1,50.06,0,50.06,14.99,3.13,68.18,Debit Card,Delivered,Express,Website,,3,,
2080146,827168,2024-11-21,Office Supplies,Label Maker,2,48.5,25,72.75,5.99,7.28,86.02,PayPal,Delivered,Standard,Website,SAVE20,7,5.0,
8751817,225182,2024-11-21,Clothing,Cotton T-Shirt,2,52.17,0,104.34,0.0,6.52,110.86,Google Pay,Cancelled,Standard,Marketplace,,7,,
5760689,709428,2024-11-21,Clothing,Baseball Cap,2,32.86,0,65.72,0.0,4.11,69.83,Debit Card,Delivered,Free Pickup,Mobile App,,0,,
1964250,690537,2024-11-21,Sports & Outdoors,Basketball,1,46.85,15,39.82,27.99,2.59,70.4,Credit Card,Returned,Next-Day,Mobile App,HOLIDAY25,1,,Better Price Found
9357024,931926,2024-11-21,Books,Graphic Novel,1,20.27,0,20.27,5.99,1.62,27.88,Credit Card,Cancelled,Standard,Website,,7,,
5621939,791259,2024-11-21,Beauty & Personal Care,Electric Razor,2,14.88,0,29.76,14.99,2.46,47.21,Credit Card,Delivered,Express,Website,,3,5.0,
1325807,214719,2024-11-22,Beauty & Personal Care,Electric Toothbrush,1,50.63,0,50.63,14.99,4.18,69.8,Credit Card,Delivered,Express,Mobile App,,3,5.0,
4912941,805875,2024-11-22,Clothing,Slim Fit Jeans,3,70.81,0,212.43,0.0,13.28,225.71,Credit Card,Delivered,Standard,Website,,7,5.0,
2362024,696858,2024-11-22,Books,Mystery Novel,2,6.94,10,12.49,14.99,1.03,28.51,Credit Card,Delivered,Express,Website,FLASH30,3,4.0,
7143190,848646,2024-11-22,Beauty & Personal Care,Skincare Gift Set,2,12.04,5,22.88,14.99,1.37,39.24,Debit Card,Delivered,Express,Website,FLASH30,3,4.0,
7459990,926740,2024-11-22,Electronics,Smartphone Case,3,333.29,25,749.9,0.0,149.98,899.88,Debit Card,Delivered,Standard,Website,SUMMER10,7,5.0,
2973444,340088,2024-11-22,Electronics,Smartphone Case,1,475.19,10,427.67,0.0,35.28,462.95,Credit Card,Delivered,Standard,Mobile App,SAVE20,7,5.0,
3958764,316704,2024-11-22,Toys & Games,Action Figure,1,48.96,25,36.72,5.99,2.2,44.91,Credit Card,Delivered,Standard,Marketplace,WELCOME10,7,5.0,
7727084,837858,2024-11-22,Beauty & Personal Care,Makeup Palette,2,16.42,5,31.2,14.99,2.57,48.76,PayPal,Delivered,Express,Website,FLASH30,3,5.0,
2127553,590119,2024-11-22,Sports & Outdoors,Basketball,1,91.72,5,87.13,0.0,7.19,94.32,Credit Card,Delivered,Standard,Mobile App,SAVE20,7,5.0,
4684434,385214,2024-11-22,Office Supplies,Ballpoint Pen Pack,4,44.22,10,159.19,0.0,13.13,172.32,Credit Card,Delivered,Standard,Mobile App,WELCOME10,7,,
5779290,757288,2024-11-22,Grocery,Green Tea Bags,4,7.98,0,31.92,14.99,1.92,48.83,PayPal,Delivered,Express,Website,,3,,
5965916,697324,2024-11-23,Clothing,Wool Sweater,2,93.63,0,187.26,12.99,15.45,215.7,PayPal,Delivered,Express,Mobile App,,3,5.0,
4240511,801630,2024-11-23,Home & Kitchen,Ceramic Dinnerware Set,3,130.01,5,370.53,0.0,0.0,370.53,PayPal,Delivered,Standard,Website,SUMMER10,7,,
3595980,353006,2024-11-23,Home & Kitchen,LED Desk Lamp,1,102.8,10,92.52,0.0,5.55,98.07,PayPal,Delivered,Standard,Marketplace,WELCOME10,7,4.0,
7391641,547190,2024-11-23,Electronics,Wireless Mouse,1,458.76,5,435.82,0.0,56.66,492.48,Credit Card,Cancelled,Standard,Website,SUMMER10,7,,
1820834,504905,2024-11-23,Books,Cookbook: Weeknight Dinners,2,16.99,0,33.98,0.0,2.21,36.19,Credit Card,Delivered,Free Pickup,Website,,0,4.0,
1001473,375123,2024-11-23,Home & Kitchen,Stand Mixer,1,168.22,10,151.4,0.0,12.49,163.89,Credit Card,Delivered,Standard,Website,FLASH30,7,,
7598880,531320,2024-11-23,Home & Kitchen,Vacuum Cleaner,1,85.23,0,85.23,0.0,7.03,92.26,Debit Card,Delivered,Standard,Marketplace,,7,,
9320510,373292,2024-11-23,Home & Kitchen,Memory Foam Pillow,1,151.5,5,143.92,0.0,8.99,152.91,Credit Card,Cancelled,Standard,Marketplace,WELCOME10,7,,
1906414,956945,2024-11-23,Beauty & Personal Care,Electric Razor,5,45.09,0,225.45,12.99,18.6,257.04,Credit Card,Delivered,Express,Website,,3,5.0,
3429543,530251,2024-11-23,Beauty & Personal Care,Skincare Gift Set,2,48.54,0,97.08,12.99,18.45,128.52,Debit Card,Delivered,Express,Mobile App,,3,,
8921292,712536,2024-11-23,Books,Children's Picture Book,3,10.17,30,21.36,5.99,1.76,29.11,Google Pay,Delivered,Standard,Website,SAVE20,7,1.0,
6649518,415774,2024-11-24,Beauty & Personal Care,Electric Toothbrush,1,36.57,0,36.57,0.0,2.19,38.76,Apple Pay,Delivered,Free Pickup,Mobile App,,0,4.0,
1579022,914136,2024-11-24,Home & Kitchen,Ceramic Dinnerware Set,1,133.91,0,133.91,24.99,26.78,185.68,Credit Card,Delivered,Next-Day,Website,,1,,
9466306,369772,2024-11-24,Electronics,Wireless Earbuds,1,606.9,20,485.52,12.99,40.06,538.57,PayPal,Delivered,Express,Website,FREESHIP,3,2.0,
6046996,415774,2024-11-24,Beauty & Personal Care,Vitamin C Serum,1,28.12,0,28.12,27.99,2.25,58.36,Google Pay,Delivered,Next-Day,Website,,1,,
2790857,622527,2024-11-24,Sports & Outdoors,Camping Tent,1,113.95,20,91.16,24.99,7.52,123.67,Credit Card,Delivered,Next-Day,Mobile App,WELCOME10,1,5.0,
9445447,581702,2024-11-24,Sports & Outdoors,Fitness Tracker Watch,3,171.54,15,437.43,12.99,0.0,450.42,Debit Card,Delivered,Express,Website,HOLIDAY25,3,,
1206089,573736,2024-11-24,Electronics,Portable Charger,2,421.61,25,632.42,12.99,37.95,683.36,Credit Card,Cancelled,Express,Mobile App,FLASH30,3,,
4972606,927842,2024-11-24,Clothing,Winter Parka,3,34.44,0,103.32,0.0,6.2,109.52,Debit Card,Delivered,Standard,Website,,7,4.0,
8596139,132540,2024-11-25,Clothing,Wool Sweater,5,91.75,5,435.81,0.0,28.33,464.14,PayPal,Delivered,Standard,Website,FLASH30,7,1.0,
5695449,185515,2024-11-25,Books,Self-Help Guide,1,13.06,20,10.45,5.99,0.86,17.3,Credit Card,Delivered,Standard,Website,FLASH30,7,5.0,
6914422,209703,2024-11-25,Clothing,Rain Jacket,1,39.13,30,27.39,5.99,1.71,35.09,Google Pay,Delivered,Standard,Website,SAVE20,7,4.0,
1689225,582249,2024-11-25,Electronics,Laptop Stand,1,436.34,0,436.34,12.99,87.27,536.6,Debit Card,Delivered,Express,Website,,3,4.0,
5233744,359971,2024-11-25,Beauty & Personal Care,Electric Toothbrush,1,53.14,10,47.83,5.99,3.95,57.77,PayPal,Returned,Standard,Mobile App,SAVE20,7,,Better Price Found
1242903,411928,2024-11-25,Clothing,Rain Jacket,1,30.89,25,23.17,5.99,1.45,30.61,Credit Card,Delivered,Standard,Mobile App,FREESHIP,7,,
6548955,827382,2024-11-25,Home & Kitchen,LED Desk Lamp,3,186.2,0,558.6,0.0,33.52,592.12,Gift Card,Delivered,Standard,Mobile App,,7,,
8046474,198172,2024-11-25,Home & Kitchen,Cotton Bed Sheets,1,24.44,0,24.44,0.0,2.44,26.88,PayPal,Delivered,Free Pickup,Mobile App,,0,2.0,
3102722,516216,2024-11-25,Toys & Games,Board Game Classic,1,23.37,5,22.2,5.99,1.33,29.52,PayPal,Delivered,Standard,Website,VIP15,7,3.0,
5722370,672715,2024-11-25,Sports & Outdoors,Resistance Bands Set,1,199.14,30,139.4,12.99,22.3,174.69,Credit Card,Returned,Express,Website,WELCOME10,3,,Arrived Late
1192404,121565,2024-11-25,Books,Fantasy Trilogy Box Set,1,29.69,20,23.75,5.99,0.0,29.74,Apple Pay,Delivered,Standard,Marketplace,FLASH30,7,1.0,
5982578,199508,2024-11-25,Sports & Outdoors,Adjustable Dumbbell Set,1,30.77,30,21.54,5.99,2.15,29.68,Debit Card,Delivered,Standard,Website,SAVE20,7,,
1631341,210439,2024-11-26,Grocery,Extra Virgin Olive Oil,2,5.16,0,10.32,5.99,0.64,16.95,Debit Card,Delivered,Standard,Marketplace,,7,,
1894354,516216,2024-11-26,Clothing,Winter Parka,4,83.96,5,319.05,0.0,31.9,350.95,Debit Card,Delivered,Standard,Mobile App,SAVE20,7,,
8766515,185715,2024-11-26,Pet Supplies,Aquarium Filter,1,58.04,15,49.33,27.99,2.96,80.28,Debit Card,Delivered,Next-Day,Mobile App,WELCOME10,1,5.0,
1816293,315385,2024-11-26,Beauty & Personal Care,Hair Dryer,2,9.49,20,15.18,14.99,0.95,31.12,Apple Pay,Delivered,Express,Mobile App,WELCOME10,3,4.0,
9963612,508791,2024-11-26,Sports & Outdoors,Mountain Bike Helmet,1,133.59,0,133.59,0.0,8.02,141.61,Credit Card,Delivered,Standard,Mobile App,,7,4.0,
7689284,809484,2024-11-26,Beauty & Personal Care,Makeup Palette,1,52.56,15,44.68,5.99,2.79,53.46,Google Pay,Delivered,Standard,Mobile App,WELCOME10,7,5.0,
3383829,408056,2024-11-26,Electronics,Smartphone Case,1,787.26,30,551.08,24.99,0.0,576.07,Debit Card,Delivered,Next-Day,Mobile App,SUMMER10,1,5.0,
4056884,985541,2024-11-26,Home & Kitchen,Cotton Bed Sheets,3,112.07,10,302.59,0.0,18.91,321.5,Credit Card,Delivered,Standard,Mobile App,VIP15,7,4.0,
5031563,598994,2024-11-27,Beauty & Personal Care,Electric Toothbrush,1,15.26,25,11.44,5.99,0.69,18.12,Gift Card,Delivered,Standard,Mobile App,SAVE20,7,,
6612666,411928,2024-11-27,Electronics,Smartphone Case,3,533.29,0,1599.87,24.99,131.99,1756.85,PayPal,Delivered,Next-Day,Website,,1,,
1657337,307037,2024-11-27,Clothing,Cotton T-Shirt,2,63.43,5,120.52,12.99,9.94,143.45,PayPal,Delivered,Express,Website,VIP15,3,4.0,
7823391,315385,2024-11-27,Electronics,Streaming Media Player,1,499.67,5,474.69,12.99,94.94,582.62,Credit Card,Delivered,Express,Mobile App,WELCOME10,3,5.0,
3355568,184960,2024-11-27,Electronics,Wireless Earbuds,1,1148.66,15,976.36,0.0,58.58,1034.94,Google Pay,Delivered,Standard,Website,HOLIDAY25,7,,
7687295,212415,2024-11-27,Toys & Games,Card Game Deck,1,110.0,0,110.0,0.0,6.6,116.6,Credit Card,Delivered,Free Pickup,Website,,0,4.0,
2840960,941827,2024-11-27,Electronics,Portable Charger,2,371.42,30,519.99,0.0,41.6,561.59,Credit Card,Delivered,Free Pickup,Website,HOLIDAY25,0,,
2715372,581702,2024-11-27,Books,Self-Help Guide,1,16.19,0,16.19,14.99,1.34,32.52,PayPal,Returned,Express,Marketplace,,3,,Arrived Late
4494659,476035,2024-11-27,Office Supplies,Whiteboard,6,82.48,0,494.88,0.0,39.59,534.47,Credit Card,Delivered,Standard,Website,,7,4.0,
1736152,789391,2024-11-27,Beauty & Personal Care,Perfume,1,35.8,15,30.43,5.99,2.51,38.93,PayPal,Delivered,Standard,Marketplace,HOLIDAY25,7,,
6792916,756541,2024-11-27,Electronics,Noise-Cancelling Headphones,1,294.02,30,205.81,0.0,16.98,222.79,Credit Card,Returned,Standard,Mobile App,SUMMER10,7,,Changed Mind
6444487,582626,2024-11-27,Sports & Outdoors,Camping Tent,1,39.06,0,39.06,5.99,5.08,50.13,Credit Card,Delivered,Standard,Website,,7,,
6286509,773267,2024-11-27,Home & Kitchen,Non-Stick Frying Pan,1,93.69,0,93.69,12.99,0.0,106.68,Credit Card,Delivered,Express,Website,,3,5.0,
2324337,491298,2024-11-27,Home & Kitchen,Air Fryer,1,51.1,5,48.54,5.99,3.03,57.56,Debit Card,Delivered,Standard,Website,SUMMER10,7,,
2939960,549078,2024-11-27,Toys & Games,Educational STEM Kit,1,43.62,0,43.62,5.99,8.72,58.33,PayPal,Cancelled,Standard,Marketplace,,7,,
1406644,695078,2024-11-27,Clothing,Rain Jacket,1,102.73,5,97.59,0.0,8.05,105.64,Credit Card,Delivered,Standard,Website,HOLIDAY25,7,5.0,
3124915,519251,2024-11-27,Home & Kitchen,Cutlery Set,1,163.15,0,163.15,24.99,9.79,197.93,Debit Card,Delivered,Next-Day,Marketplace,,1,5.0,
9971905,729750,2024-11-28,Grocery,Dark Chocolate Bar,4,29.06,0,116.24,0.0,7.26,123.5,Apple Pay,Returned,Standard,Website,,7,,Better Price Found
4743216,956979,2024-11-28,Beauty & Personal Care,Shampoo & Conditioner Set,1,43.54,25,32.66,14.99,4.25,51.9,Credit Card,Returned,Express,Website,WELCOME10,3,,Better Price Found
4146208,777635,2024-11-28,Grocery,Protein Bar Box,2,43.81,0,87.62,0.0,5.48,93.1,PayPal,Delivered,Standard,Website,,7,5.0,
8922541,837709,2024-11-28,Electronics,Portable Charger,1,316.84,0,316.84,0.0,63.37,380.21,Debit Card,Delivered,Standard,Website,,7,3.0,
4579053,502006,2024-11-28,Home & Kitchen,Cotton Bed Sheets,1,288.33,0,288.33,12.99,17.3,318.62,PayPal,Delivered,Express,Marketplace,,3,4.0,
6007879,695078,2024-11-28,Home & Kitchen,Ceramic Dinnerware Set,2,61.84,0,123.68,12.99,9.89,146.56,Credit Card,Delivered,Express,Marketplace,,3,4.0,
6322898,395408,2024-11-28,Clothing,Baseball Cap,2,108.74,0,217.48,12.99,13.05,243.52,Credit Card,Delivered,Express,Website,,3,,
6131152,850003,2024-11-28,Toys & Games,Educational STEM Kit,2,21.04,0,42.08,14.99,2.52,59.59,Google Pay,Returned,Express,Mobile App,,3,,Not as Described
1396001,476634,2024-11-28,Home & Kitchen,Stand Mixer,2,123.59,25,185.38,0.0,11.12,196.5,Credit Card,Delivered,Standard,Mobile App,VIP15,7,,
2189484,787199,2024-11-28,Home & Kitchen,Coffee Maker,1,47.36,0,47.36,5.99,9.47,62.82,Google Pay,Delivered,Standard,Mobile App,,7,5.0,
7014574,254111,2024-11-28,Toys & Games,Card Game Deck,1,9.93,0,9.93,14.99,0.6,25.52,Gift Card,Delivered,Express,Marketplace,,3,4.0,
5446545,702215,2024-11-28,Books,Children's Picture Book,2,9.2,10,16.56,27.99,1.37,45.92,Apple Pay,Delivered,Next-Day,Mobile App,SUMMER10,1,5.0,
6763577,236956,2024-11-28,Sports & Outdoors,Basketball,3,31.76,10,85.75,0.0,6.86,92.61,Credit Card,Delivered,Standard,Website,SAVE20,7,5.0,
5455710,764258,2024-11-28,Pet Supplies,Dog Leash,1,48.6,20,38.88,5.99,2.43,47.3,Debit Card,Delivered,Standard,Website,HOLIDAY25,7,,
4703709,554597,2024-11-28,Sports & Outdoors,Hiking Backpack,1,70.69,15,60.09,14.99,3.61,78.69,Debit Card,Delivered,Express,Website,SUMMER10,3,2.0,
6998151,821498,2024-11-28,Clothing,Men's Denim Jacket,1,54.13,25,40.6,0.0,3.35,43.95,Credit Card,Delivered,Free Pickup,Mobile App,VIP15,0,4.0,
6489948,339071,2024-11-28,Home & Kitchen,Ceramic Dinnerware Set,1,54.84,20,43.87,5.99,3.62,53.48,Credit Card,Delivered,Standard,Website,FLASH30,7,4.0,
2832260,964105,2024-11-29,Books,Cookbook: Weeknight Dinners,4,10.29,20,32.93,14.99,4.28,52.2,Debit Card,Delivered,Express,Website,SAVE20,3,4.0,
4881903,207727,2024-11-29,Electronics,Bluetooth Speaker,4,113.97,0,455.88,0.0,27.35,483.23,Google Pay,Delivered,Standard,Website,,7,,
2104255,703930,2024-11-29,Beauty & Personal Care,Makeup Palette,3,24.25,30,50.92,5.99,6.62,63.53,Credit Card,Cancelled,Standard,Mobile App,VIP15,7,,
2840908,854948,2024-11-29,Grocery,Extra Virgin Olive Oil,3,7.45,20,17.88,5.99,1.12,24.99,Credit Card,Delivered,Standard,Website,WELCOME10,7,,
4652835,236956,2024-11-29,Sports & Outdoors,Insulated Water Bottle,2,135.43,20,216.69,12.99,13.0,242.68,Google Pay,Delivered,Express,Marketplace,VIP15,3,5.0,
4982455,192985,2024-11-29,Sports & Outdoors,Mountain Bike Helmet,1,47.43,10,42.69,27.99,3.52,74.2,Credit Card,Delivered,Next-Day,Marketplace,FREESHIP,1,4.0,
3769277,989986,2024-11-29,Toys & Games,Card Game Deck,1,62.3,25,46.72,5.99,3.74,56.45,Apple Pay,Delivered,Standard,Website,FLASH30,7,2.0,
6201917,703930,2024-11-29,Sports & Outdoors,Resistance Bands Set,1,86.42,30,60.49,5.99,4.99,71.47,Google Pay,Returned,Standard,Marketplace,VIP15,7,,Defective Item
7965085,734020,2024-11-29,Home & Kitchen,Cutlery Set,1,103.0,5,97.85,12.99,6.12,116.96,PayPal,Delivered,Express,Website,SAVE20,3,,
9691273,265163,2024-11-29,Clothing,Running Shoes,1,104.5,15,88.82,0.0,0.0,88.82,PayPal,Delivered,Standard,Mobile App,HOLIDAY25,7,3.0,
8887832,216367,2024-11-30,Sports & Outdoors,Resistance Bands Set,2,83.82,30,117.35,0.0,7.33,124.68,Credit Card,Delivered,Standard,Mobile App,WELCOME10,7,1.0,
1223580,468940,2024-11-30,Books,Fantasy Trilogy Box Set,1,14.66,0,14.66,0.0,2.35,17.01,Credit Card,Delivered,Free Pickup,Website,,0,5.0,
4589736,205361,2024-11-30,Clothing,Summer Dress,2,74.63,25,111.94,0.0,9.24,121.18,Credit Card,Delivered,Standard,Website,WELCOME10,7,4.0,
4914454,724434,2024-11-30,Books,Cookbook: Weeknight Dinners,2,8.96,5,17.02,5.99,1.4,24.41,Credit Card,Delivered,Standard,Website,FLASH30,7,,
3462991,205361,2024-11-30,Clothing,Rain Jacket,2,38.59,10,69.46,27.99,13.2,110.65,Gift Card,Delivered,Next-Day,Marketplace,SUMMER10,1,4.0,
3101131,800045,2024-11-30,Electronics,Portable Charger,1,764.12,0,764.12,0.0,45.85,809.97,Debit Card,Delivered,Standard,Website,,7,4.0,
5098064,547541,2024-11-30,Toys & Games,Remote Control Car,1,103.08,0,103.08,0.0,6.18,109.26,PayPal,Cancelled,Standard,Website,,7,,
8601125,467325,2024-11-30,Clothing,Men's Denim Jacket,1,98.59,0,98.59,0.0,5.92,104.51,Debit Card,Delivered,Standard,Website,,7,5.0,
4890401,964927,2024-11-30,Electronics,Laptop Stand,3,212.72,0,638.16,0.0,52.65,690.81,Credit Card,Shipped,Standard,Marketplace,,7,,
3456799,341690,2024-11-30,Home & Kitchen,Memory Foam Pillow,2,115.92,25,173.88,12.99,10.87,197.74,Debit Card,Delivered,Express,Mobile App,SUMMER10,3,,
9238053,638422,2024-11-30,Electronics,Bluetooth Speaker,1,534.75,30,374.32,24.99,22.46,421.77,PayPal,Delivered,Next-Day,Mobile App,VIP15,1,5.0,
8425868,565788,2024-11-30,Beauty & Personal Care,Makeup Palette,2,40.91,15,69.55,5.99,9.04,84.58,PayPal,Delivered,Standard,Mobile App,FREESHIP,7,,
4928242,504905,2024-11-30,Home & Kitchen,Non-Stick Frying Pan,2,54.27,10,97.69,0.0,6.11,103.8,Credit Card,Delivered,Standard,Website,HOLIDAY25,7,5.0,
6374627,773540,2024-12-01,Clothing,Rain Jacket,1,40.09,10,36.08,14.99,2.98,54.05,Credit Card,Delivered,Express,Marketplace,SAVE20,3,4.0,
7935083,433581,2024-12-01,Clothing,Summer Dress,2,66.64,0,133.28,0.0,11.0,144.28,Credit Card,Delivered,Free Pickup,Website,,0,,
5569816,748905,2024-12-01,Grocery,Organic Coffee Beans,2,25.35,0,50.7,5.99,3.04,59.73,Google Pay,Shipped,Standard,Website,,7,,
3915963,457597,2024-12-01,Home & Kitchen,Vacuum Cleaner,3,135.43,15,345.35,12.99,20.72,379.06,PayPal,Delivered,Express,Website,SUMMER10,3,5.0,
1629673,660873,2024-12-01,Home & Kitchen,LED Desk Lamp,1,83.82,30,58.67,5.99,7.63,72.29,PayPal,Delivered,Standard,Marketplace,SAVE20,7,5.0,
2504332,205361,2024-12-01,Sports & Outdoors,Mountain Bike Helmet,3,91.84,30,192.86,0.0,38.57,231.43,PayPal,Cancelled,Standard,Website,SAVE20,7,,
4149057,781551,2024-12-01,Sports & Outdoors,Yoga Mat,1,168.23,0,168.23,0.0,13.88,182.11,Gift Card,Delivered,Standard,Website,,7,4.0,
3472542,303027,2024-12-01,Clothing,Men's Denim Jacket,4,79.46,25,238.38,0.0,14.3,252.68,PayPal,Delivered,Free Pickup,Website,SUMMER10,0,4.0,
8698873,579266,2024-12-01,Home & Kitchen,Cotton Bed Sheets,2,90.92,30,127.29,0.0,16.55,143.84,Credit Card,Returned,Standard,Mobile App,HOLIDAY25,7,,Not as Described
1834080,933183,2024-12-01,Clothing,Baseball Cap,1,91.16,5,86.6,12.99,5.2,104.79,Debit Card,Delivered,Express,Website,WELCOME10,3,,
2784161,801962,2024-12-01,Beauty & Personal Care,Perfume,2,77.85,0,155.7,12.99,9.73,178.42,Debit Card,Cancelled,Express,Website,,3,,
7605215,622527,2024-12-01,Home & Kitchen,Cutlery Set,1,59.86,10,53.87,14.99,4.44,73.3,Google Pay,Delivered,Express,Mobile App,HOLIDAY25,3,3.0,
7997889,501851,2024-12-01,Beauty & Personal Care,Electric Razor,2,52.28,0,104.56,12.99,6.27,123.82,Debit Card,Delivered,Express,Website,,3,4.0,
6036247,312879,2024-12-01,Electronics,Portable Charger,1,472.84,20,378.27,0.0,22.7,400.97,Credit Card,Delivered,Standard,Mobile App,VIP15,7,4.0,
2732845,314662,2024-12-01,Sports & Outdoors,Mountain Bike Helmet,1,71.93,15,61.14,5.99,3.67,70.8,Credit Card,Cancelled,Standard,Website,WELCOME10,7,,
5124602,837858,2024-12-01,Home & Kitchen,Memory Foam Pillow,1,289.36,0,289.36,0.0,37.62,326.98,Credit Card,Returned,Standard,Mobile App,,7,,Arrived Late
5608252,181067,2024-12-02,Clothing,Rain Jacket,5,61.5,0,307.5,0.0,19.22,326.72,Google Pay,Delivered,Standard,Mobile App,,7,5.0,
3316549,415774,2024-12-02,Clothing,Summer Dress,3,23.23,0,69.69,5.99,4.36,80.04,Google Pay,Delivered,Standard,Website,,7,5.0,
3752293,748905,2024-12-02,Sports & Outdoors,Adjustable Dumbbell Set,1,128.78,20,103.02,0.0,6.44,109.46,Debit Card,Delivered,Free Pickup,Website,WELCOME10,0,4.0,
9133785,996684,2024-12-02,Clothing,Slim Fit Jeans,1,173.04,10,155.74,24.99,20.25,200.98,Credit Card,Delivered,Next-Day,Website,FREESHIP,1,4.0,
2163234,549826,2024-12-02,Clothing,Wool Sweater,1,67.11,20,53.69,5.99,3.22,62.9,PayPal,Delivered,Standard,Mobile App,WELCOME10,7,3.0,
7145899,971241,2024-12-02,Beauty & Personal Care,Shampoo & Conditioner Set,4,33.1,25,99.3,24.99,8.19,132.48,Credit Card,Delivered,Next-Day,Website,FREESHIP,1,5.0,
7915657,370685,2024-12-02,Toys & Games,Doll House,1,52.85,5,50.21,27.99,3.01,81.21,Credit Card,Delivered,Next-Day,Website,WELCOME10,1,5.0,
4214736,966251,2024-12-02,Electronics,Smartphone Case,2,425.92,20,681.47,0.0,40.89,722.36,Debit Card,Delivered,Standard,Marketplace,WELCOME10,7,,
1511285,962688,2024-12-02,Grocery,Sparkling Water Case,3,22.22,20,53.33,14.99,10.67,78.99,Credit Card,Delivered,Express,Website,FREESHIP,3,,
8841604,185715,2024-12-02,Sports & Outdoors,Adjustable Dumbbell Set,2,83.26,20,133.22,0.0,17.32,150.54,Debit Card,Delivered,Standard,Website,SAVE20,7,4.0,
1977144,937852,2024-12-02,Grocery,Organic Coffee Beans,3,11.26,10,30.4,5.99,2.51,38.9,PayPal,Returned,Standard,Marketplace,SUMMER10,7,,Arrived Late
7412582,181777,2024-12-02,Grocery,Mixed Nuts Pack,2,11.63,10,20.93,5.99,1.31,28.23,Debit Card,Delivered,Standard,Website,SUMMER10,7,,
2719913,756541,2024-12-02,Beauty & Personal Care,Shampoo & Conditioner Set,1,22.88,5,21.74,0.0,1.79,23.53,Debit Card,Delivered,Free Pickup,Mobile App,SAVE20,0,,
6975365,856071,2024-12-03,Grocery,Organic Coffee Beans,1,25.51,0,25.51,14.99,2.1,42.6,Google Pay,Delivered,Express,Website,,3,4.0,
4029457,693028,2024-12-03,Home & Kitchen,LED Desk Lamp,1,169.94,25,127.46,24.99,12.75,165.2,Debit Card,Delivered,Next-Day,Website,SUMMER10,1,2.0,
2103316,316724,2024-12-03,Clothing,Rain Jacket,3,56.29,0,168.87,12.99,13.93,195.79,PayPal,Cancelled,Express,Marketplace,,3,,
6766999,678850,2024-12-03,Sports & Outdoors,Camping Tent,2,74.49,0,148.98,0.0,12.29,161.27,Credit Card,Delivered,Standard,Website,,7,4.0,
3964135,953016,2024-12-03,Clothing,Winter Parka,1,65.32,20,52.26,14.99,3.27,70.52,Credit Card,Delivered,Express,Marketplace,FLASH30,3,3.0,
1576764,996684,2024-12-03,Beauty & Personal Care,Skincare Gift Set,1,15.62,0,15.62,14.99,0.98,31.59,Debit Card,Delivered,Express,Website,,3,,
7255230,221043,2024-12-03,Grocery,Organic Coffee Beans,2,31.68,0,63.36,0.0,5.23,68.59,Credit Card,Delivered,Free Pickup,Website,,0,2.0,
6464059,962762,2024-12-03,Electronics,Noise-Cancelling Headphones,1,539.91,0,539.91,0.0,32.39,572.3,Apple Pay,Delivered,Standard,Website,,7,,
9127982,597561,2024-12-03,Clothing,Baseball Cap,2,33.91,0,67.82,27.99,5.43,101.24,Credit Card,Delivered,Next-Day,Website,,1,5.0,
7185244,709428,2024-12-03,Grocery,Sparkling Water Case,3,13.13,0,39.39,5.99,2.46,47.84,Debit Card,Delivered,Standard,Website,,7,3.0,
8478633,889948,2024-12-03,Electronics,Bluetooth Speaker,1,254.99,0,254.99,0.0,51.0,305.99,Credit Card,Delivered,Standard,Marketplace,,7,4.0,
4117286,461780,2024-12-04,Electronics,Mechanical Keyboard,2,246.0,0,492.0,12.99,39.36,544.35,Google Pay,Returned,Express,Website,,3,,Changed Mind
6878400,965874,2024-12-04,Books,Personal Finance 101,2,32.14,20,51.42,14.99,3.21,69.62,Credit Card,Returned,Express,Website,FLASH30,3,,Changed Mind
9962210,821498,2024-12-04,Home & Kitchen,Ceramic Dinnerware Set,1,118.72,10,106.85,0.0,8.55,115.4,PayPal,Delivered,Standard,Marketplace,FLASH30,7,4.0,
7129663,245011,2024-12-04,Electronics,Portable Charger,1,313.27,0,313.27,24.99,62.65,400.91,Credit Card,Delivered,Next-Day,Website,,1,,
2803742,762648,2024-12-04,Home & Kitchen,Memory Foam Pillow,1,61.31,0,61.31,5.99,4.9,72.2,PayPal,Delivered,Standard,Mobile App,,7,5.0,
3702051,787831,2024-12-04,Clothing,Winter Parka,3,61.65,0,184.95,0.0,14.8,199.75,Apple Pay,Delivered,Standard,Website,,7,3.0,
8933568,850003,2024-12-04,Sports & Outdoors,Insulated Water Bottle,1,74.96,20,59.97,5.99,11.99,77.95,PayPal,Delivered,Standard,Marketplace,FLASH30,7,,
3821263,974275,2024-12-04,Electronics,Bluetooth Speaker,1,648.68,10,583.81,0.0,36.49,620.3,Credit Card,Delivered,Free Pickup,Marketplace,WELCOME10,0,5.0,
9212721,698997,2024-12-04,Clothing,Baseball Cap,1,85.43,0,85.43,0.0,5.55,90.98,Credit Card,Delivered,Free Pickup,Website,,0,,
4913083,181380,2024-12-04,Grocery,Extra Virgin Olive Oil,1,13.22,30,9.25,5.99,0.58,15.82,Debit Card,Delivered,Standard,Website,SUMMER10,7,3.0,
8569932,672715,2024-12-04,Electronics,Wireless Mouse,1,300.63,0,300.63,0.0,18.04,318.67,Debit Card,Delivered,Free Pickup,Mobile App,,0,,
4491119,868465,2024-12-05,Books,Mystery Novel,1,16.31,20,13.05,27.99,0.78,41.82,Credit Card,Cancelled,Next-Day,Website,FLASH30,1,,
1796909,764101,2024-12-05,Electronics,Laptop Stand,1,251.94,25,188.96,12.99,11.34,213.29,PayPal,Delivered,Express,Website,WELCOME10,3,4.0,
5728276,573736,2024-12-05,Grocery,Green Tea Bags,4,20.45,20,65.44,27.99,4.09,97.52,PayPal,Delivered,Next-Day,Mobile App,VIP15,1,5.0,
9114476,787311,2024-12-05,Clothing,Running Shoes,1,27.97,0,27.97,5.99,2.31,36.27,Credit Card,Returned,Standard,Marketplace,,7,,Arrived Late
8473124,320716,2024-12-05,Beauty & Personal Care,Electric Razor,3,66.35,30,139.33,0.0,11.49,150.82,Credit Card,Delivered,Standard,Mobile App,VIP15,7,5.0,
3420399,807606,2024-12-05,Beauty & Personal Care,Sunscreen SPF50,3,17.62,15,44.93,5.99,4.49,55.41,Credit Card,Delivered,Standard,Website,WELCOME10,7,4.0,
1265443,684997,2024-12-06,Beauty & Personal Care,Vitamin C Serum,1,47.38,10,42.64,27.99,2.66,73.29,Credit Card,Cancelled,Next-Day,Website,FREESHIP,1,,
6031459,939225,2024-12-06,Books,Fantasy Trilogy Box Set,1,28.68,0,28.68,5.99,1.72,36.39,Apple Pay,Delivered,Standard,Website,,7,3.0,
3363971,972701,2024-12-06,Sports & Outdoors,Insulated Water Bottle,2,105.8,0,211.6,0.0,13.22,224.82,Debit Card,Delivered,Standard,Mobile App,,7,5.0,
6612754,771609,2024-12-06,Sports & Outdoors,Insulated Water Bottle,1,168.09,30,117.66,12.99,7.06,137.71,Credit Card,Delivered,Express,Mobile App,WELCOME10,3,5.0,
7743579,503849,2024-12-06,Grocery,Organic Coffee Beans,6,3.21,30,13.48,14.99,0.81,29.28,Credit Card,Delivered,Express,Website,FREESHIP,3,,
7554091,488273,2024-12-06,Sports & Outdoors,Fitness Tracker Watch,1,124.02,20,99.22,12.99,8.19,120.4,PayPal,Delivered,Express,Marketplace,FLASH30,3,5.0,
2667904,530251,2024-12-06,Electronics,Portable Charger,3,466.24,15,1188.91,0.0,74.31,1263.22,PayPal,Delivered,Standard,Website,SUMMER10,7,4.0,
9622840,992497,2024-12-07,Beauty & Personal Care,Vitamin C Serum,1,52.9,15,44.96,5.99,3.71,54.66,Debit Card,Delivered,Standard,Mobile App,VIP15,7,,
4156856,790359,2024-12-07,Home & Kitchen,Cutlery Set,3,54.42,0,163.26,0.0,9.8,173.06,PayPal,Delivered,Standard,Website,,7,1.0,
4615439,600859,2024-12-07,Grocery,Green Tea Bags,5,8.69,0,43.45,5.99,3.58,53.02,Google Pay,Delivered,Standard,Website,,7,5.0,
9563642,684997,2024-12-07,Sports & Outdoors,Adjustable Dumbbell Set,1,31.31,0,31.31,5.99,6.26,43.56,Credit Card,Delivered,Standard,Marketplace,,7,,
2681655,226126,2024-12-07,Electronics,Smartphone Case,1,253.77,0,253.77,12.99,20.3,287.06,Credit Card,Delivered,Express,Website,,3,,
6820089,217877,2024-12-07,Office Supplies,Printer Paper Ream,1,88.55,0,88.55,0.0,7.31,95.86,Credit Card,Delivered,Standard,Marketplace,,7,4.0,
1531864,258357,2024-12-07,Clothing,Summer Dress,1,65.22,0,65.22,5.99,5.38,76.59,Credit Card,Returned,Standard,Mobile App,,7,,Not as Described
3759038,501851,2024-12-07,Clothing,Women's Yoga Pants,2,44.65,0,89.3,12.99,7.14,109.43,Credit Card,Delivered,Express,Website,,3,,
3597994,619405,2024-12-07,Electronics,Smartphone Case,2,785.02,0,1570.04,0.0,94.2,1664.24,Debit Card,Processing,Standard,Website,,7,,
2784139,207727,2024-12-07,Clothing,Baseball Cap,1,21.8,30,15.26,0.0,0.92,16.18,Debit Card,Cancelled,Free Pickup,Website,WELCOME10,0,,
1381655,895645,2024-12-07,Clothing,Winter Parka,1,144.41,25,108.31,0.0,21.66,129.97,Credit Card,Delivered,Standard,Website,VIP15,7,5.0,
2754653,684370,2024-12-07,Home & Kitchen,Stand Mixer,2,227.96,30,319.14,24.99,26.33,370.46,PayPal,Delivered,Next-Day,Marketplace,FREESHIP,1,,
6440296,924384,2024-12-07,Home & Kitchen,Non-Stick Frying Pan,3,173.59,5,494.73,0.0,98.95,593.68,Debit Card,Delivered,Standard,Website,FLASH30,7,5.0,
9414537,436093,2024-12-07,Home & Kitchen,LED Desk Lamp,3,124.28,0,372.84,12.99,30.76,416.59,Google Pay,Delivered,Express,Mobile App,,3,,
2959313,239673,2024-12-07,Clothing,Rain Jacket,3,52.4,15,133.62,0.0,8.35,141.97,Credit Card,Returned,Standard,Website,WELCOME10,7,,Arrived Late
8381814,379104,2024-12-07,Sports & Outdoors,Adjustable Dumbbell Set,1,24.64,25,18.48,14.99,1.16,34.63,PayPal,Delivered,Express,Website,FLASH30,3,5.0,
2218265,545164,2024-12-07,Office Supplies,Desk Organizer,3,68.22,10,184.19,0.0,15.2,199.39,PayPal,Delivered,Standard,Mobile App,SUMMER10,7,5.0,
6416838,175901,2024-12-08,Clothing,Winter Parka,1,60.16,0,60.16,5.99,4.96,71.11,Google Pay,Delivered,Standard,Website,,7,3.0,
8045112,504905,2024-12-08,Home & Kitchen,Cotton Bed Sheets,1,125.17,0,125.17,0.0,10.33,135.5,Credit Card,Shipped,Standard,Marketplace,,7,,
6895453,239673,2024-12-08,Books,Poetry Collection,4,17.64,25,52.92,5.99,3.31,62.22,Credit Card,Delivered,Standard,Website,SAVE20,7,4.0,
1485561,206110,2024-12-08,Books,Graphic Novel,1,25.83,0,25.83,27.99,1.55,55.37,Apple Pay,Delivered,Next-Day,Website,,1,,
5357143,258986,2024-12-08,Grocery,Extra Virgin Olive Oil,5,43.35,20,173.4,12.99,22.54,208.93,PayPal,Delivered,Express,Mobile App,SUMMER10,3,4.0,
1068082,385214,2024-12-08,Electronics,Bluetooth Speaker,1,385.36,0,385.36,0.0,23.12,408.48,PayPal,Delivered,Free Pickup,Website,,0,3.0,
8676717,738836,2024-12-08,Grocery,Extra Virgin Olive Oil,2,17.9,0,35.8,14.99,2.15,52.94,Gift Card,Delivered,Express,Website,,3,4.0,
7420661,561464,2024-12-08,Clothing,Slim Fit Jeans,1,40.41,0,40.41,5.99,4.04,50.44,Credit Card,Delivered,Standard,Website,,7,5.0,
5810997,622669,2024-12-08,Beauty & Personal Care,Facial Moisturizer,2,14.26,0,28.52,0.0,2.35,30.87,Credit Card,Delivered,Free Pickup,Mobile App,,0,4.0,
5164125,753798,2024-12-08,Electronics,Mechanical Keyboard,2,142.86,15,242.86,12.99,20.04,275.89,Credit Card,Delivered,Express,Website,FLASH30,3,4.0,
8910750,515308,2024-12-08,Books,Children's Picture Book,2,14.4,0,28.8,5.99,1.73,36.52,Apple Pay,Delivered,Standard,Marketplace,,7,4.0,
1466032,225651,2024-12-09,Electronics,Wireless Earbuds,1,62.65,15,53.25,5.99,3.33,62.57,Credit Card,Delivered,Standard,Website,SUMMER10,7,,
8152819,550369,2024-12-09,Electronics,Wireless Earbuds,1,112.99,0,112.99,0.0,21.47,134.46,Google Pay,Delivered,Standard,Website,,7,4.0,
7665212,865916,2024-12-09,Clothing,Baseball Cap,3,54.88,0,164.64,24.99,13.58,203.21,Debit Card,Delivered,Next-Day,Website,,1,2.0,
2802684,355903,2024-12-09,Home & Kitchen,Air Fryer,1,39.13,0,39.13,5.99,2.45,47.57,Credit Card,Delivered,Standard,Website,,7,4.0,
3951993,529534,2024-12-09,Books,Historical Biography,2,22.65,0,45.3,14.99,3.74,64.03,PayPal,Cancelled,Express,Mobile App,,3,,
6556951,104925,2024-12-09,Electronics,Noise-Cancelling Headphones,1,80.07,20,64.06,14.99,3.84,82.89,Apple Pay,Delivered,Express,Website,SUMMER10,3,,
1473569,944244,2024-12-09,Clothing,Cotton T-Shirt,4,27.78,10,100.01,0.0,6.0,106.01,Debit Card,Cancelled,Standard,Mobile App,FLASH30,7,,
4516464,761074,2024-12-09,Home & Kitchen,Stand Mixer,2,154.61,25,231.92,12.99,13.92,258.83,Debit Card,Delivered,Express,Mobile App,HOLIDAY25,3,,
9619692,165195,2024-12-09,Clothing,Winter Parka,3,43.92,15,112.0,0.0,6.72,118.72,Credit Card,Delivered,Free Pickup,Marketplace,FREESHIP,0,5.0,
5432790,941827,2024-12-09,Beauty & Personal Care,Shampoo & Conditioner Set,2,33.56,25,50.34,0.0,3.15,53.49,Google Pay,Delivered,Free Pickup,Mobile App,FREESHIP,0,4.0,
7623341,206604,2024-12-10,Beauty & Personal Care,Electric Toothbrush,1,45.56,0,45.56,14.99,2.73,63.28,Credit Card,Delivered,Express,Website,,3,3.0,
8235301,684370,2024-12-10,Grocery,Dark Chocolate Bar,5,44.47,0,222.35,0.0,13.9,236.25,Google Pay,Delivered,Standard,Website,,7,,
5837424,889948,2024-12-10,Sports & Outdoors,Hiking Backpack,1,141.8,5,134.71,12.99,8.42,156.12,Credit Card,Shipped,Express,Mobile App,WELCOME10,3,,
5531272,320716,2024-12-10,Books,Graphic Novel,3,20.93,0,62.79,5.99,3.77,72.55,PayPal,Returned,,Website,,7,,Better Price Found
8307697,206905,2024-12-10,Electronics,Wireless Earbuds,3,271.6,0,814.8,24.99,48.89,888.68,Credit Card,Delivered,Next-Day,Website,,1,4.0,
4602877,523989,2024-12-10,Home & Kitchen,Air Fryer,1,164.41,25,123.31,0.0,7.4,130.71,Credit Card,Delivered,Standard,Mobile App,FREESHIP,7,,
9078019,446431,2024-12-10,Beauty & Personal Care,Shampoo & Conditioner Set,3,54.56,30,114.58,0.0,14.9,129.48,PayPal,Delivered,Standard,Website,SAVE20,7,5.0,
7417259,379104,2024-12-10,Electronics,Mechanical Keyboard,1,748.83,0,748.83,12.99,44.93,806.75,Credit Card,Delivered,Express,Website,,3,,
2349343,801630,2024-12-10,Books,Self-Help Guide,1,30.47,30,21.33,5.99,1.39,28.71,Credit Card,Cancelled,Standard,Marketplace,VIP15,7,,
6114060,867333,2024-12-10,Clothing,Baseball Cap,2,30.47,30,42.66,14.99,2.67,60.32,Gift Card,Delivered,Express,Mobile App,VIP15,3,5.0,
4745447,800045,2024-12-10,Books,Mystery Novel,1,32.28,30,22.6,5.99,1.41,30.0,Debit Card,Delivered,Standard,Website,HOLIDAY25,7,4.0,
2062217,793158,2024-12-10,Home & Kitchen,Cutlery Set,2,27.61,30,38.65,5.99,2.32,46.96,Google Pay,Delivered,Standard,Website,SAVE20,7,4.0,
4577036,163173,2024-12-10,Grocery,Organic Coffee Beans,2,14.57,0,29.14,5.99,2.4,37.53,PayPal,Delivered,Standard,Website,,7,3.0,
7589341,874360,2024-12-10,Home & Kitchen,Memory Foam Pillow,2,115.35,30,161.49,12.99,13.32,187.8,Google Pay,Cancelled,Express,Mobile App,FREESHIP,3,,
2067246,684997,2024-12-11,Toys & Games,Remote Control Car,1,23.02,5,21.87,5.99,1.37,29.23,PayPal,Delivered,Standard,Marketplace,VIP15,7,2.0,
5090534,610234,2024-12-11,Home & Kitchen,Air Fryer,4,61.11,0,244.44,0.0,20.17,264.61,Debit Card,Delivered,Standard,Mobile App,,7,,
6281765,771645,2024-12-11,Electronics,Mechanical Keyboard,1,1065.46,0,1065.46,0.0,106.55,1172.01,PayPal,Delivered,Standard,Website,,7,,
4705361,157373,2024-12-11,Home & Kitchen,Vacuum Cleaner,2,39.31,15,66.83,27.99,5.51,100.33,PayPal,Delivered,Next-Day,Website,HOLIDAY25,1,5.0,
3039004,981214,2024-12-11,Clothing,Summer Dress,1,38.67,25,29.0,5.99,2.39,37.38,Credit Card,Delivered,Standard,Website,VIP15,7,3.0,
5225606,743457,2024-12-11,Toys & Games,Plush Teddy Bear,1,37.39,15,31.78,5.99,2.62,40.39,Credit Card,Delivered,Standard,Mobile App,HOLIDAY25,7,2.0,
2328592,549826,2024-12-11,Clothing,Slim Fit Jeans,2,93.45,0,186.9,0.0,24.3,211.2,Credit Card,Delivered,Standard,Website,,7,4.0,
2415989,939425,2024-12-11,Toys & Games,Board Game Classic,2,61.7,25,92.55,0.0,7.64,100.19,Credit Card,Delivered,Standard,Website,FREESHIP,7,,
4360909,971490,2024-12-12,Books,Cookbook: Weeknight Dinners,2,40.06,0,80.12,0.0,4.81,84.93,Credit Card,Delivered,Standard,Mobile App,,7,,
4480791,702215,2024-12-12,Sports & Outdoors,Hiking Backpack,2,111.24,5,211.36,12.99,17.44,241.79,PayPal,Delivered,Express,Mobile App,FLASH30,3,3.0,
2489704,677977,2024-12-12,Sports & Outdoors,Hiking Backpack,1,123.72,0,123.72,0.0,10.21,133.93,Credit Card,Delivered,Standard,Mobile App,,7,4.0,
7696337,203887,2024-12-12,Home & Kitchen,Non-Stick Frying Pan,2,53.64,20,85.82,0.0,5.15,90.97,Credit Card,Returned,Standard,Marketplace,SAVE20,7,,Not as Described
2116843,348817,2024-12-12,Office Supplies,Notebook Set,4,74.19,25,222.57,0.0,18.36,240.93,Debit Card,Delivered,Standard,Website,VIP15,7,4.0,
3788137,784274,2024-12-12,Electronics,Noise-Cancelling Headphones,1,128.62,30,90.03,0.0,5.4,95.43,PayPal,Delivered,Standard,Website,SAVE20,7,,
3800892,931819,2024-12-12,Home & Kitchen,Non-Stick Frying Pan,1,83.74,0,83.74,0.0,5.23,88.97,Apple Pay,Delivered,Standard,Mobile App,,7,5.0,
6015795,578841,2024-12-12,Home & Kitchen,Cutlery Set,1,176.19,0,176.19,0.0,14.54,190.73,Debit Card,Cancelled,Free Pickup,Mobile App,,0,,
6525301,378752,2024-12-12,Electronics,Wireless Earbuds,1,189.58,30,132.71,0.0,7.96,140.67,Credit Card,Delivered,Standard,Mobile App,SAVE20,7,,
5095735,962762,2024-12-12,Electronics,Laptop Stand,1,665.5,0,665.5,0.0,39.93,705.43,PayPal,Delivered,Standard,Marketplace,,7,5.0,
8594395,189971,2024-12-12,Clothing,Rain Jacket,3,34.01,15,86.73,0.0,17.35,104.08,Credit Card,Delivered,Standard,Website,SUMMER10,7,,
7762206,171266,2024-12-12,Grocery,Extra Virgin Olive Oil,4,10.68,0,42.72,14.99,2.56,60.27,Credit Card,Delivered,Express,Marketplace,,3,,
1854741,846055,2024-12-12,Beauty & Personal Care,Skincare Gift Set,1,26.01,0,26.01,14.99,1.56,42.56,Google Pay,Delivered,Express,Website,,3,2.0,
3819751,816444,2024-12-12,Home & Kitchen,Cotton Bed Sheets,1,305.27,10,274.74,0.0,16.48,291.22,Debit Card,Delivered,Standard,Website,SUMMER10,7,2.0,
3676458,849763,2024-12-12,Grocery,Green Tea Bags,2,13.29,10,23.92,5.99,1.44,31.35,Credit Card,Delivered,Standard,Website,SAVE20,7,4.0,
7816521,427679,2024-12-12,Office Supplies,Ergonomic Office Chair,3,88.44,20,212.26,0.0,13.27,225.53,Credit Card,Delivered,Standard,Website,SUMMER10,7,,
5627039,684370,2024-12-12,Home & Kitchen,Cutlery Set,3,47.5,30,99.75,0.0,9.98,109.73,Gift Card,Delivered,Standard,Marketplace,FREESHIP,7,,
6574322,714776,2024-12-13,Electronics,Streaming Media Player,2,76.7,0,153.4,24.99,12.66,191.05,Google Pay,Delivered,Next-Day,Mobile App,,1,,
8023566,773540,2024-12-13,Sports & Outdoors,Insulated Water Bottle,1,134.68,15,114.48,0.0,0.0,114.48,Debit Card,Delivered,Standard,Mobile App,VIP15,7,,
9497683,292941,2024-12-13,Beauty & Personal Care,Perfume,3,41.11,30,86.33,12.99,5.18,104.5,Apple Pay,Cancelled,Express,Website,FREESHIP,3,,
9261680,691898,2024-12-13,Office Supplies,Stapler,2,96.09,5,182.57,12.99,15.06,210.62,Credit Card,Returned,Express,Website,HOLIDAY25,3,,Changed Mind
5464107,801630,2024-12-13,Beauty & Personal Care,Shampoo & Conditioner Set,1,27.64,0,27.64,5.99,1.66,35.29,PayPal,Delivered,Standard,Marketplace,,7,4.0,
6474481,663408,2024-12-13,Electronics,Portable Charger,1,98.91,5,93.96,12.99,12.21,119.16,Credit Card,Returned,Express,Marketplace,SAVE20,3,,Better Price Found
5601770,225902,2024-12-13,Electronics,Portable Charger,1,282.28,5,268.17,12.99,21.45,302.61,Debit Card,Processing,Express,Mobile App,SUMMER10,3,,
5392329,501971,2024-12-13,Home & Kitchen,Memory Foam Pillow,2,232.54,30,325.56,0.0,19.53,345.09,Credit Card,Returned,Standard,Mobile App,WELCOME10,7,,Not as Described
6892446,639465,2024-12-13,Home & Kitchen,Coffee Maker,2,132.18,0,264.36,12.99,16.52,293.87,Credit Card,Delivered,Express,Website,,3,5.0,
7377389,257536,2024-12-13,Toys & Games,Card Game Deck,2,39.09,10,70.36,27.99,4.4,102.75,Credit Card,Delivered,Next-Day,Marketplace,FLASH30,1,,
8402197,404286,2024-12-13,Books,Graphic Novel,3,15.25,0,45.75,27.99,4.58,78.32,Credit Card,Cancelled,Next-Day,Website,,1,,
7363267,550528,2024-12-13,Clothing,Rain Jacket,2,60.81,0,121.62,0.0,9.73,131.35,Credit Card,Delivered,Standard,Website,,7,3.0,
1934907,619405,2024-12-13,Beauty & Personal Care,Vitamin C Serum,1,39.04,0,39.04,27.99,2.44,69.47,PayPal,Delivered,Next-Day,Mobile App,,1,5.0,
2653041,527649,2024-12-14,Home & Kitchen,Memory Foam Pillow,1,281.08,0,281.08,12.99,16.86,310.93,Credit Card,Returned,Express,Mobile App,,3,,Changed Mind
6038340,498380,2024-12-14,Grocery,Organic Coffee Beans,2,5.61,20,8.98,5.99,0.54,15.51,PayPal,Shipped,Standard,Mobile App,SAVE20,7,,
9466446,619405,2024-12-14,Pet Supplies,Cat Litter Box,3,54.2,15,138.21,0.0,22.11,160.32,Apple Pay,Delivered,Standard,Marketplace,SUMMER10,7,,
6051002,457597,2024-12-14,Home & Kitchen,Ceramic Dinnerware Set,2,92.11,0,184.22,0.0,11.05,195.27,Credit Card,Cancelled,Standard,Marketplace,,7,,
6558342,368724,2024-12-14,Books,Self-Help Guide,2,7.85,10,14.13,5.99,2.26,22.38,PayPal,Delivered,Standard,Mobile App,SAVE20,7,5.0,
7386507,411928,2024-12-14,Books,Cookbook: Weeknight Dinners,6,39.55,25,177.98,12.99,11.12,202.09,Gift Card,Shipped,Express,Marketplace,SAVE20,3,,
2891817,728214,2024-12-14,Clothing,Rain Jacket,3,27.38,25,61.6,14.99,3.85,80.44,Apple Pay,Shipped,Express,Website,HOLIDAY25,3,,
9188914,757288,2024-12-14,Clothing,Baseball Cap,2,64.4,0,128.8,0.0,0.0,128.8,Credit Card,Delivered,Standard,Mobile App,,7,4.0,
5427769,956979,2024-12-14,Home & Kitchen,Vacuum Cleaner,1,49.9,10,44.91,5.99,2.81,53.71,Debit Card,Delivered,Standard,Website,FREESHIP,7,5.0,
4865515,519251,2024-12-14,Beauty & Personal Care,Sunscreen SPF50,2,29.94,0,59.88,5.99,4.79,70.66,Debit Card,Delivered,Standard,Website,,7,5.0,
3828174,174397,2024-12-14,Clothing,Slim Fit Jeans,1,25.99,0,25.99,5.99,2.08,34.06,Credit Card,Delivered,Standard,Website,,7,,
4035140,712536,2024-12-14,Toys & Games,Doll House,1,53.51,10,48.16,14.99,2.89,66.04,PayPal,Delivered,Express,Marketplace,HOLIDAY25,3,4.0,
8772445,531320,2024-12-14,Electronics,4K Smart TV,1,657.79,10,592.01,24.99,48.84,665.84,Debit Card,Returned,Next-Day,Website,FLASH30,1,,Not as Described
4148200,924384,2024-12-14,Clothing,Summer Dress,1,22.3,0,22.3,5.99,1.34,29.63,Credit Card,Delivered,Standard,Marketplace,,7,,
2509831,276672,2024-12-14,Beauty & Personal Care,Sunscreen SPF50,1,21.16,10,19.04,5.99,1.52,26.55,Apple Pay,Delivered,Standard,Mobile App,FREESHIP,7,,
7377501,181380,2024-12-14,Home & Kitchen,Stand Mixer,1,103.84,15,88.26,0.0,5.52,93.78,Google Pay,Delivered,Free Pickup,Mobile App,FLASH30,0,,
7511132,962688,2024-12-15,Clothing,Winter Parka,1,122.48,25,91.86,12.99,7.58,112.43,Credit Card,Delivered,Express,Mobile App,SAVE20,3,5.0,
2288938,764258,2024-12-15,Electronics,Mechanical Keyboard,2,570.73,30,799.02,12.99,65.92,877.93,Gift Card,Delivered,Express,Mobile App,FLASH30,3,2.0,
9176996,212415,2024-12-15,Electronics,Smartphone Case,1,182.97,0,182.97,0.0,11.44,194.41,Credit Card,Delivered,Standard,Website,,7,,
2223608,996684,2024-12-15,Clothing,Wool Sweater,1,94.94,5,90.19,0.0,5.64,95.83,Credit Card,Delivered,Standard,Mobile App,SAVE20,7,4.0,
2712888,321653,2024-12-15,Electronics,Portable Charger,3,242.52,10,654.8,0.0,40.92,695.72,Apple Pay,Delivered,Standard,Marketplace,VIP15,7,3.0,
8990209,709428,2024-12-15,Clothing,Winter Parka,2,126.59,10,227.86,0.0,18.8,246.66,Credit Card,Delivered,Standard,Marketplace,VIP15,7,2.0,
7829781,516528,2024-12-15,Grocery,Extra Virgin Olive Oil,6,8.67,0,52.02,5.99,4.29,62.3,Gift Card,Delivered,Standard,Mobile App,,7,4.0,
4955864,834514,2024-12-15,Grocery,Sparkling Water Case,3,26.47,10,71.47,14.99,5.9,92.36,Apple Pay,Delivered,Express,Website,HOLIDAY25,3,5.0,
9877133,588665,2024-12-15,Books,Self-Help Guide,1,9.29,30,6.5,14.99,0.39,21.88,Apple Pay,Delivered,Express,Website,FREESHIP,3,5.0,
7437463,315385,2024-12-15,Grocery,Pasta Variety Pack,1,14.54,0,14.54,5.99,0.91,21.44,Debit Card,Delivered,Standard,Website,,7,1.0,
3391095,515463,2024-12-15,Home & Kitchen,Cotton Bed Sheets,2,30.95,0,61.9,14.99,3.87,80.76,Debit Card,Delivered,Express,Website,,3,,
5274732,322933,2024-12-16,Clothing,Wool Sweater,1,42.5,25,31.88,5.99,1.91,39.78,Credit Card,Returned,Standard,Mobile App,WELCOME10,7,,Not as Described
6852662,139108,2024-12-16,Electronics,Mechanical Keyboard,1,212.25,15,180.41,0.0,18.04,198.45,Debit Card,Delivered,Standard,Marketplace,HOLIDAY25,7,,
6021618,868465,2024-12-16,Beauty & Personal Care,Skincare Gift Set,2,14.72,0,29.44,14.99,1.84,46.27,Google Pay,Delivered,Express,Website,,3,5.0,
9033678,295857,2024-12-16,Clothing,Slim Fit Jeans,1,63.6,20,50.88,14.99,4.2,70.07,Debit Card,Delivered,Express,Mobile App,FREESHIP,3,4.0,
1068339,590305,2024-12-16,Office Supplies,Ergonomic Office Chair,3,76.54,25,172.22,12.99,13.78,198.99,Gift Card,Delivered,Express,Website,FREESHIP,3,5.0,
3543299,929407,2024-12-16,Clothing,Baseball Cap,1,85.54,0,85.54,0.0,5.13,90.67,PayPal,Delivered,Standard,Website,,7,,
5008549,802647,2024-12-16,Office Supplies,Whiteboard,2,174.4,15,296.48,0.0,59.3,355.78,Credit Card,Delivered,Standard,Mobile App,VIP15,7,5.0,
5976308,588665,2024-12-16,Clothing,Running Shoes,1,15.92,30,11.14,14.99,0.92,27.05,Apple Pay,Delivered,Express,Mobile App,SUMMER10,3,,
4943264,628425,2024-12-16,Toys & Games,Educational STEM Kit,1,28.72,0,28.72,5.99,1.72,36.43,Debit Card,Returned,Standard,Website,,7,,Better Price Found
6298504,815357,2024-12-16,Grocery,Organic Coffee Beans,2,21.12,0,42.24,5.99,3.48,51.71,Debit Card,Delivered,Standard,Mobile App,,7,3.0,
3587726,502006,2024-12-16,Electronics,Streaming Media Player,1,401.58,25,301.18,0.0,39.15,340.33,Debit Card,Delivered,Standard,Mobile App,HOLIDAY25,7,,
1782057,871479,2024-12-17,Clothing,Baseball Cap,4,50.53,0,202.12,0.0,16.17,218.29,Credit Card,Delivered,Standard,Website,,7,,
5049709,672388,2024-12-17,Books,Science Fiction Epic,1,25.79,20,20.63,5.99,1.29,27.91,Debit Card,Delivered,Standard,Website,SUMMER10,7,,
1244230,804118,2024-12-17,Sports & Outdoors,Yoga Mat,1,76.66,15,65.16,14.99,4.07,84.22,Credit Card,Delivered,Express,Marketplace,SAVE20,3,,
9439675,369772,2024-12-17,Home & Kitchen,Non-Stick Frying Pan,4,138.32,30,387.3,0.0,0.0,387.3,Apple Pay,Delivered,Standard,Website,WELCOME10,7,4.0,
5522118,578841,2024-12-17,Sports & Outdoors,Insulated Water Bottle,1,152.34,5,144.72,0.0,23.16,167.88,Credit Card,Delivered,Standard,Mobile App,SAVE20,7,5.0,
3508716,907465,2024-12-17,Home & Kitchen,Air Fryer,1,111.66,15,94.91,0.0,5.93,100.84,Google Pay,Delivered,Standard,Website,FREESHIP,7,,
7591843,388496,2024-12-17,Clothing,Summer Dress,1,49.3,0,49.3,27.99,3.94,81.23,Credit Card,Delivered,Next-Day,Website,,1,5.0,
7745023,547541,2024-12-17,Clothing,Slim Fit Jeans,1,17.17,20,13.74,5.99,1.13,20.86,Google Pay,Delivered,Standard,Website,WELCOME10,7,,
9532606,404286,2024-12-17,Clothing,Baseball Cap,1,138.76,0,138.76,0.0,11.1,149.86,Google Pay,Shipped,Standard,Mobile App,,7,,
8274473,755732,2024-12-17,Electronics,Streaming Media Player,1,268.69,0,268.69,12.99,16.12,297.8,Debit Card,Delivered,Express,Mobile App,,3,,
6501281,703930,2024-12-17,Home & Kitchen,Coffee Maker,1,75.46,0,75.46,24.99,6.04,106.49,Apple Pay,Delivered,Next-Day,Website,,1,,
5175444,489282,2024-12-17,Toys & Games,Building Block Set,1,13.28,15,11.29,0.0,0.9,12.19,,Delivered,Free Pickup,Website,FREESHIP,0,4.0,
6661262,504905,2024-12-17,Clothing,Cotton T-Shirt,3,26.21,0,78.63,0.0,4.72,83.35,Credit Card,Delivered,Free Pickup,Website,,0,4.0,
7547539,127709,2024-12-17,Sports & Outdoors,Adjustable Dumbbell Set,1,106.06,25,79.54,0.0,6.36,85.9,Credit Card,Delivered,Standard,Mobile App,FLASH30,7,4.0,
6412338,230606,2024-12-18,Home & Kitchen,Coffee Maker,1,324.0,0,324.0,12.99,64.8,401.79,Apple Pay,Delivered,Express,Mobile App,,3,3.0,
8836745,943477,2024-12-18,Toys & Games,Educational STEM Kit,2,71.28,15,121.18,0.0,7.27,128.45,Apple Pay,Returned,Standard,Website,SAVE20,7,,Not as Described
7348996,203887,2024-12-18,Home & Kitchen,Cutlery Set,1,48.38,0,48.38,5.99,2.9,57.27,Google Pay,Returned,Standard,Website,,7,,Better Price Found
9647400,801630,2024-12-18,Office Supplies,Label Maker,2,84.84,0,169.68,12.99,13.57,196.24,Credit Card,Returned,Express,Website,,3,,Not as Described
6199730,436093,2024-12-18,Books,Self-Help Guide,1,19.91,30,13.94,14.99,1.15,30.08,Debit Card,Delivered,Express,Website,FLASH30,3,,
5264410,815371,2024-12-18,Beauty & Personal Care,Skincare Gift Set,3,10.1,0,30.3,5.99,2.5,38.79,Debit Card,Delivered,Standard,Website,,7,,
1208361,131620,2024-12-18,Office Supplies,Desk Organizer,3,80.68,30,169.43,0.0,22.03,191.46,Credit Card,Delivered,Standard,Mobile App,HOLIDAY25,7,5.0,
1288219,527694,2024-12-18,Beauty & Personal Care,Vitamin C Serum,1,36.1,30,25.27,0.0,5.05,30.32,Credit Card,Delivered,Free Pickup,Mobile App,FLASH30,0,4.0,
1631269,821214,2024-12-18,Home & Kitchen,Vacuum Cleaner,4,222.66,30,623.45,12.99,38.97,675.41,Credit Card,Delivered,Express,Mobile App,SAVE20,3,4.0,
3717457,918349,2024-12-18,Beauty & Personal Care,Skincare Gift Set,2,56.08,0,112.16,0.0,6.73,118.89,Google Pay,Delivered,Standard,Website,,7,,
2739115,654364,2024-12-18,Clothing,Cotton T-Shirt,2,172.74,5,328.21,0.0,27.08,355.29,Credit Card,Shipped,Free Pickup,Website,FLASH30,0,,
8787640,999753,2024-12-19,Electronics,Portable Charger,2,476.48,0,952.96,0.0,0.0,952.96,Apple Pay,Delivered,Standard,Mobile App,,7,5.0,
5588395,352288,2024-12-19,Electronics,4K Smart TV,1,675.27,25,506.45,0.0,41.78,548.23,Apple Pay,Cancelled,Free Pickup,Mobile App,HOLIDAY25,0,,
6494935,104925,2024-12-19,Electronics,Streaming Media Player,1,633.17,0,633.17,0.0,52.24,685.41,PayPal,Delivered,Standard,Website,,7,4.0,
4412480,745022,2024-12-19,Sports & Outdoors,Mountain Bike Helmet,1,147.27,5,139.91,0.0,8.39,148.3,PayPal,Shipped,Standard,Marketplace,FREESHIP,7,,
3970696,744635,2024-12-19,Clothing,Cotton T-Shirt,1,29.89,5,28.4,5.99,2.34,36.73,Debit Card,Delivered,Standard,Website,FREESHIP,7,4.0,
4496837,924384,2024-12-19,Beauty & Personal Care,Sunscreen SPF50,4,13.17,15,44.78,5.99,2.69,53.46,PayPal,Returned,Standard,Mobile App,SUMMER10,7,,Not as Described
9843303,924384,2024-12-19,Electronics,Wireless Mouse,2,191.8,25,287.7,0.0,17.98,305.68,Google Pay,Returned,Standard,Website,HOLIDAY25,7,,Defective Item
4497932,999013,2024-12-19,Electronics,Streaming Media Player,1,166.73,15,141.72,0.0,14.17,155.89,Credit Card,Delivered,Standard,Website,HOLIDAY25,7,5.0,
2381841,529534,2024-12-19,Clothing,Men's Denim Jacket,2,40.5,30,56.7,14.99,4.68,76.37,Google Pay,Delivered,Express,Mobile App,VIP15,3,4.0,
5094880,863406,2024-12-19,Home & Kitchen,LED Desk Lamp,1,92.57,0,92.57,12.99,9.26,114.82,Debit Card,Delivered,Express,Website,,3,,
6408885,384136,2024-12-19,Sports & Outdoors,Adjustable Dumbbell Set,1,136.24,0,136.24,0.0,21.8,158.04,PayPal,Delivered,Standard,Website,,7,,
1626058,972701,2024-12-19,Books,Children's Picture Book,1,8.11,15,6.89,14.99,0.43,22.31,Debit Card,Delivered,Express,Mobile App,VIP15,3,,
2157391,608288,2024-12-19,Sports & Outdoors,Insulated Water Bottle,1,143.1,0,143.1,0.0,8.59,151.69,Debit Card,Cancelled,Standard,Website,,7,,
3951698,549078,2024-12-19,Office Supplies,Printer Paper Ream,1,33.63,20,26.9,5.99,2.22,35.11,Debit Card,Delivered,Standard,Marketplace,FLASH30,7,4.0,
4994836,469380,2024-12-20,Beauty & Personal Care,Electric Toothbrush,1,32.52,0,32.52,5.99,2.68,41.19,PayPal,Processing,Standard,Mobile App,,7,,
5679077,107065,2024-12-20,Clothing,Summer Dress,2,87.04,15,147.97,0.0,0.0,147.97,Apple Pay,Delivered,Standard,Mobile App,WELCOME10,7,2.0,
5060677,853073,2024-12-20,Beauty & Personal Care,Shampoo & Conditioner Set,1,25.15,30,17.6,5.99,1.45,25.04,PayPal,Delivered,Standard,Website,VIP15,7,,
1250652,192985,2024-12-20,Home & Kitchen,Memory Foam Pillow,1,20.88,0,20.88,5.99,1.25,28.12,Credit Card,Delivered,Standard,Website,,7,5.0,
7051477,865643,2024-12-20,Electronics,Noise-Cancelling Headphones,1,414.62,5,393.89,0.0,32.5,426.39,Credit Card,Delivered,Standard,Mobile App,SUMMER10,7,,
4839590,504071,2024-12-20,Clothing,Slim Fit Jeans,1,56.31,15,47.86,5.99,2.87,56.72,Credit Card,Returned,Standard,Mobile App,SUMMER10,7,,Not as Described
9171055,999013,2024-12-20,Grocery,Sparkling Water Case,2,13.09,0,26.18,27.99,1.57,55.74,Debit Card,Delivered,Next-Day,Mobile App,,1,5.0,
4582509,359971,2024-12-21,Clothing,Summer Dress,1,43.56,0,43.56,5.99,2.72,52.27,Credit Card,Returned,Standard,Website,,7,,Changed Mind
1584520,576694,2024-12-21,Home & Kitchen,Ceramic Dinnerware Set,4,257.77,5,979.53,0.0,61.22,1040.75,Debit Card,Delivered,Standard,Website,FLASH30,7,,
8089518,807143,2024-12-21,Clothing,Rain Jacket,1,56.58,10,50.92,14.99,3.06,68.97,Credit Card,Delivered,Express,Marketplace,SUMMER10,3,5.0,
5355733,712536,2024-12-21,Sports & Outdoors,Fishing Rod,1,229.58,0,229.58,12.99,13.77,256.34,PayPal,Cancelled,Express,Website,,3,,
8175068,912018,2024-12-21,Sports & Outdoors,Fishing Rod,1,78.58,5,74.65,5.99,4.48,85.12,Credit Card,Returned,Standard,Mobile App,SAVE20,7,,Wrong Size
8585341,248900,2024-12-21,Home & Kitchen,Non-Stick Frying Pan,1,168.69,20,134.95,0.0,8.43,143.38,Debit Card,Delivered,Standard,Website,FLASH30,7,,
1001247,645241,2024-12-22,Electronics,Smartphone Case,1,273.86,15,232.78,0.0,13.97,246.75,Credit Card,Delivered,Standard,Website,HOLIDAY25,7,5.0,
5829588,119888,2024-12-22,Clothing,Running Shoes,2,61.92,15,105.26,0.0,6.32,111.58,Credit Card,Delivered,Standard,Website,SUMMER10,7,5.0,
5931345,820298,2024-12-22,Grocery,Organic Coffee Beans,3,26.95,20,64.68,14.99,5.34,85.01,Credit Card,Shipped,Express,Mobile App,VIP15,3,,
9720520,400647,2024-12-22,Grocery,Green Tea Bags,2,16.4,0,32.8,5.99,2.05,40.84,PayPal,Delivered,Standard,Website,,7,5.0,
1357296,962949,2024-12-22,Grocery,Organic Coffee Beans,2,18.01,15,30.62,0.0,3.98,34.6,PayPal,Delivered,Free Pickup,Mobile App,SAVE20,0,5.0,
8726591,666934,2024-12-22,Clothing,Men's Denim Jacket,2,64.09,5,121.77,0.0,7.61,129.38,Google Pay,Cancelled,Standard,Mobile App,HOLIDAY25,7,,
8375592,348817,2024-12-22,Clothing,Running Shoes,1,77.64,0,77.64,0.0,15.53,93.17,PayPal,Delivered,Standard,Mobile App,,7,4.0,
2471380,777635,2024-12-22,Beauty & Personal Care,Sunscreen SPF50,1,13.16,0,13.16,5.99,1.09,20.24,Credit Card,Delivered,Standard,Mobile App,,7,5.0,
1116822,557252,2024-12-22,Sports & Outdoors,Fishing Rod,2,35.35,0,70.7,5.99,5.83,82.52,Debit Card,Cancelled,Standard,Marketplace,,7,,
3624479,468940,2024-12-22,Clothing,Wool Sweater,3,48.23,30,101.28,12.99,8.1,122.37,Debit Card,Delivered,Express,Website,FREESHIP,3,,
6838661,761450,2024-12-22,Office Supplies,Sticky Notes Pack,2,79.01,5,150.12,12.99,12.01,175.12,PayPal,Cancelled,Express,Mobile App,FLASH30,3,,
6749808,180968,2024-12-22,Office Supplies,Whiteboard,1,52.1,0,52.1,14.99,3.26,70.35,Credit Card,Delivered,Express,Mobile App,,3,,
9797254,539453,2024-12-22,Sports & Outdoors,Camping Tent,2,74.42,5,141.4,12.99,8.48,162.87,Debit Card,Delivered,Express,Mobile App,WELCOME10,3,,
6099587,404777,2024-12-22,Books,Cookbook: Weeknight Dinners,1,35.83,25,26.87,0.0,1.61,28.48,Debit Card,Delivered,Free Pickup,Website,VIP15,0,,
3198387,501971,2024-12-22,Clothing,Men's Denim Jacket,2,82.45,0,164.9,12.99,13.19,191.08,Credit Card,Cancelled,Express,Website,,3,,
5423214,516339,2024-12-22,Office Supplies,Stapler,7,55.0,20,308.0,0.0,19.25,327.25,Debit Card,Cancelled,Standard,Website,SUMMER10,7,,
5903620,359971,2024-12-23,Beauty & Personal Care,Electric Toothbrush,1,14.66,25,11.0,27.99,0.91,39.9,PayPal,Delivered,Next-Day,Website,SUMMER10,1,,
3331039,645986,2024-12-23,Sports & Outdoors,Fishing Rod,1,30.23,20,24.18,5.99,1.45,31.62,Credit Card,Delivered,Standard,Mobile App,FLASH30,7,4.0,
5674859,899817,2024-12-23,Clothing,Women's Yoga Pants,4,84.97,0,339.88,12.99,21.24,374.11,Debit Card,Returned,Express,Mobile App,,3,,Arrived Late
9940362,522163,2024-12-23,Home & Kitchen,Stand Mixer,1,44.35,0,44.35,5.99,2.66,53.0,Credit Card,Delivered,Standard,Website,,7,,
2191409,703930,2024-12-23,Toys & Games,Plush Teddy Bear,1,74.97,0,74.97,14.99,4.69,94.65,Debit Card,Cancelled,Express,Mobile App,,3,,
9199404,199508,2024-12-23,Home & Kitchen,Cutlery Set,1,179.78,0,179.78,0.0,23.37,203.15,Credit Card,Delivered,Standard,Website,,7,,
9594645,903815,2024-12-23,Beauty & Personal Care,Makeup Palette,1,45.72,0,45.72,14.99,2.86,63.57,Credit Card,Delivered,Express,Marketplace,,3,1.0,
3113428,382189,2024-12-23,Clothing,Men's Denim Jacket,3,30.9,0,92.7,0.0,18.54,111.24,Credit Card,Delivered,Standard,Marketplace,,7,,
9137390,636120,2024-12-23,Home & Kitchen,Cutlery Set,1,63.49,0,63.49,5.99,8.25,77.73,Debit Card,Delivered,Standard,Mobile App,,7,4.0,
7658463,352288,2024-12-23,Sports & Outdoors,Adjustable Dumbbell Set,2,300.0,10,540.0,12.99,32.4,585.39,Debit Card,Delivered,Express,Mobile App,HOLIDAY25,3,4.0,
1915030,533723,2024-12-24,Books,Cookbook: Weeknight Dinners,2,12.25,0,24.5,14.99,4.9,44.39,Debit Card,Delivered,Express,Website,,3,5.0,
2758223,744635,2024-12-24,Home & Kitchen,LED Desk Lamp,1,124.89,0,124.89,0.0,7.49,132.38,Google Pay,Returned,Standard,Marketplace,,7,,Not as Described
8368880,916996,2024-12-24,Electronics,Wireless Earbuds,1,1080.89,15,918.76,0.0,57.42,976.18,Debit Card,Cancelled,Standard,Marketplace,FLASH30,7,,
5663044,321653,2024-12-24,Electronics,Mechanical Keyboard,1,262.2,25,196.65,0.0,25.56,222.21,Credit Card,Delivered,Standard,Website,FREESHIP,7,,
8388440,608344,2024-12-24,Clothing,Men's Denim Jacket,2,27.26,15,46.34,5.99,3.82,56.15,Credit Card,Delivered,Standard,Mobile App,SUMMER10,7,,
1144717,542798,2024-12-24,Beauty & Personal Care,Shampoo & Conditioner Set,1,23.04,0,23.04,5.99,1.9,30.93,Credit Card,Delivered,Standard,Website,,7,,
7097239,383904,2024-12-24,Home & Kitchen,Ceramic Dinnerware Set,1,71.91,0,71.91,5.99,4.49,82.39,Debit Card,Delivered,Standard,Website,,7,2.0,
9170945,106365,2024-12-24,Beauty & Personal Care,Makeup Palette,1,17.32,0,17.32,5.99,1.04,24.35,Credit Card,Delivered,Standard,Mobile App,,7,5.0,
8317337,820754,2024-12-25,Toys & Games,Educational STEM Kit,1,53.78,10,48.4,5.99,3.02,57.41,Debit Card,Delivered,Standard,Mobile App,SAVE20,7,5.0,
2945098,525803,2024-12-25,Sports & Outdoors,Camping Tent,4,108.36,0,433.44,0.0,27.09,460.53,PayPal,Delivered,Free Pickup,Marketplace,,0,1.0,
2370608,889948,2024-12-25,Clothing,Women's Yoga Pants,2,36.88,0,73.76,5.99,6.09,85.84,Credit Card,Delivered,Standard,Mobile App,,7,5.0,
7097789,704552,2024-12-25,Beauty & Personal Care,Perfume,2,64.23,30,89.92,24.99,5.4,120.31,PayPal,Delivered,Next-Day,Marketplace,FREESHIP,1,4.0,
7298476,861400,2024-12-25,Electronics,Wireless Mouse,2,618.46,30,865.84,24.99,112.56,1003.39,Credit Card,Delivered,Next-Day,Website,SUMMER10,1,5.0,
6444707,801962,2024-12-25,Sports & Outdoors,Fishing Rod,1,108.4,30,75.88,24.99,6.26,107.13,Apple Pay,Delivered,Next-Day,Mobile App,FREESHIP,1,,
4290730,865916,2024-12-25,Grocery,Honey Jar,6,17.21,20,82.61,24.99,5.16,112.76,Debit Card,Delivered,Next-Day,Marketplace,SUMMER10,1,5.0,
7744719,255798,2024-12-25,Toys & Games,Plush Teddy Bear,1,31.03,30,21.72,5.99,1.36,29.07,Apple Pay,Delivered,Standard,Mobile App,SUMMER10,7,5.0,
9839725,972701,2024-12-25,Pet Supplies,Bird Cage,3,95.08,10,256.72,12.99,15.4,285.11,PayPal,Delivered,Express,Website,VIP15,3,5.0,
7497433,258986,2024-12-25,Electronics,Noise-Cancelling Headphones,1,976.53,0,976.53,0.0,80.56,1057.09,PayPal,Delivered,Free Pickup,Marketplace,,0,,
8690994,956945,2024-12-25,Electronics,4K Smart TV,1,108.17,20,86.54,0.0,17.31,103.85,PayPal,Delivered,Standard,Website,SAVE20,7,,
9537474,583754,2024-12-25,Clothing,Women's Yoga Pants,4,62.49,10,224.96,0.0,18.56,243.52,PayPal,Delivered,Standard,Website,SAVE20,7,3.0,
5742361,515308,2024-12-26,Electronics,Wireless Earbuds,1,304.85,0,304.85,0.0,25.15,330.0,Credit Card,Returned,Standard,Mobile App,,7,,Not as Described
8347358,157373,2024-12-26,Clothing,Wool Sweater,2,74.92,15,127.36,12.99,7.96,148.31,Credit Card,Delivered,Express,Website,FLASH30,3,,
5171247,209578,2024-12-26,Office Supplies,Whiteboard,3,83.82,0,251.46,24.99,15.09,291.54,Credit Card,Delivered,Next-Day,Website,,1,4.0,
2757021,221043,2024-12-26,Clothing,Men's Denim Jacket,1,28.38,30,19.87,0.0,1.24,21.11,Credit Card,Delivered,Free Pickup,Mobile App,HOLIDAY25,0,,
8841430,893042,2024-12-26,Home & Kitchen,Ceramic Dinnerware Set,2,314.68,0,629.36,12.99,37.76,680.11,Credit Card,Delivered,Express,Marketplace,,3,5.0,
9502334,276672,2024-12-26,Toys & Games,Remote Control Car,1,47.24,30,33.07,0.0,2.73,35.8,Credit Card,Delivered,Free Pickup,Website,FREESHIP,0,1.0,
7426860,519606,2024-12-26,Clothing,Cotton T-Shirt,4,29.69,30,83.13,0.0,6.86,89.99,Apple Pay,Delivered,Standard,Website,FLASH30,7,5.0,
6581386,564162,2024-12-26,Sports & Outdoors,Mountain Bike Helmet,2,91.48,0,182.96,0.0,15.09,198.05,Credit Card,Shipped,Standard,Mobile App,,7,,
7760485,622527,2024-12-26,Office Supplies,Whiteboard,4,62.14,0,248.56,12.99,20.51,282.06,PayPal,Delivered,Express,Website,,3,,
8923634,929407,2024-12-26,Home & Kitchen,Coffee Maker,1,47.96,0,47.96,14.99,3.0,65.95,Apple Pay,Cancelled,Express,Marketplace,,3,,
4272596,645986,2024-12-27,Grocery,Mixed Nuts Pack,5,12.61,15,53.59,27.99,10.72,92.3,PayPal,Delivered,Next-Day,Website,VIP15,1,,
6267474,622527,2024-12-27,Clothing,Summer Dress,2,109.39,0,218.78,12.99,43.76,275.53,PayPal,Delivered,Express,Marketplace,,3,,
8326365,954194,2024-12-27,Clothing,Men's Denim Jacket,6,65.43,0,392.58,0.0,62.81,455.39,Credit Card,Cancelled,Standard,Marketplace,,7,,
5113876,615198,2024-12-27,Toys & Games,Remote Control Car,2,42.58,5,80.9,0.0,5.26,86.16,PayPal,Processing,Standard,Website,WELCOME10,7,,
3261949,312650,2024-12-27,Sports & Outdoors,Fishing Rod,2,87.28,10,157.1,12.99,20.42,190.51,Credit Card,Delivered,Express,Mobile App,SAVE20,3,5.0,
9124460,899817,2024-12-27,Clothing,Rain Jacket,2,15.41,25,23.12,14.99,1.85,39.96,Credit Card,Delivered,Express,Website,FREESHIP,3,5.0,
4974812,664785,2024-12-27,Home & Kitchen,Cutlery Set,2,142.24,0,284.48,0.0,0.0,284.48,Credit Card,Delivered,Standard,Mobile App,,7,,
9908491,552806,2024-12-27,Beauty & Personal Care,Perfume,3,38.16,15,97.31,0.0,12.65,109.96,Credit Card,Delivered,Standard,Website,WELCOME10,7,1.0,
2883994,249457,2024-12-27,Grocery,Organic Coffee Beans,3,13.0,20,31.2,14.99,1.87,48.06,Credit Card,Delivered,Express,Website,SAVE20,3,2.0,
4873762,929407,2024-12-27,Electronics,Streaming Media Player,1,313.35,20,250.68,0.0,32.59,283.27,Credit Card,Delivered,Standard,Mobile App,VIP15,7,5.0,
3652959,931926,2024-12-27,Books,Cookbook: Weeknight Dinners,4,45.0,15,153.0,0.0,9.18,162.18,Google Pay,Delivered,Standard,Website,VIP15,7,5.0,
3260521,871883,2024-12-27,Books,Cookbook: Weeknight Dinners,3,14.93,30,31.35,5.99,1.88,39.22,Debit Card,Delivered,Standard,Website,FLASH30,7,5.0,
1633567,263269,2024-12-28,Clothing,Running Shoes,1,14.61,20,11.69,0.0,0.7,12.39,Google Pay,Shipped,Free Pickup,Website,SAVE20,0,,
2132642,611363,2024-12-28,Clothing,Baseball Cap,1,118.2,0,118.2,0.0,7.09,125.29,Apple Pay,Delivered,Standard,Website,,7,,
7171442,292941,2024-12-28,Grocery,Sparkling Water Case,8,11.28,15,76.7,0.0,4.6,81.3,Credit Card,Delivered,Standard,Mobile App,FLASH30,7,,
9802698,157373,2024-12-28,Clothing,Men's Denim Jacket,2,24.12,0,48.24,5.99,2.89,57.12,Google Pay,Processing,Standard,Website,,7,,
4189188,974063,2024-12-28,Clothing,Cotton T-Shirt,2,117.83,20,188.53,0.0,11.31,199.84,Credit Card,Delivered,Standard,Website,HOLIDAY25,7,4.0,
2079318,745022,2024-12-28,Home & Kitchen,Vacuum Cleaner,1,187.87,5,178.48,12.99,17.85,209.32,PayPal,Delivered,Express,Website,FLASH30,3,5.0,
1119818,245011,2024-12-28,Electronics,Smartphone Case,3,333.09,20,799.42,0.0,159.88,959.3,Apple Pay,Shipped,Standard,Website,SUMMER10,7,,
3119420,660873,2024-12-28,Electronics,Streaming Media Player,1,396.07,0,396.07,0.0,32.68,428.75,Debit Card,Delivered,Standard,Marketplace,,7,5.0,
9928320,714776,2024-12-28,Electronics,Laptop Stand,1,429.85,20,343.88,12.99,28.37,385.24,Credit Card,Delivered,Express,Website,VIP15,3,2.0,
7000572,971490,2024-12-29,Sports & Outdoors,Fitness Tracker Watch,1,63.04,30,44.13,0.0,3.64,47.77,Debit Card,Delivered,Free Pickup,Mobile App,FREESHIP,0,4.0,
8447737,806683,2024-12-29,Electronics,Portable Charger,4,443.28,0,1773.12,0.0,146.28,1919.4,Google Pay,Delivered,Standard,Website,,7,4.0,
6014946,279737,2024-12-29,Grocery,Pasta Variety Pack,3,21.66,15,55.23,5.99,4.56,65.78,PayPal,Cancelled,Standard,Website,FLASH30,7,,
2144885,490092,2024-12-29,Books,Graphic Novel,1,11.36,15,9.66,5.99,0.58,16.23,Credit Card,Delivered,Standard,Website,VIP15,7,5.0,
2110862,744635,2024-12-29,Electronics,Noise-Cancelling Headphones,2,767.42,0,1534.84,0.0,92.09,1626.93,Credit Card,Delivered,Standard,Marketplace,,7,2.0,
1087794,931819,2024-12-29,Books,Science Fiction Epic,1,37.56,10,33.8,27.99,6.76,68.55,PayPal,Delivered,Next-Day,Website,FREESHIP,1,4.0,
5339178,686576,2024-12-29,Sports & Outdoors,Fishing Rod,1,278.57,20,222.86,0.0,22.29,245.15,PayPal,Delivered,Standard,Website,WELCOME10,7,5.0,
3104149,209578,2024-12-29,Home & Kitchen,Stand Mixer,2,118.72,15,201.82,0.0,12.61,214.43,Gift Card,Delivered,Free Pickup,Marketplace,FREESHIP,0,5.0,
5518649,670233,2024-12-29,Clothing,Wool Sweater,4,78.98,10,284.33,0.0,17.06,301.39,Google Pay,Delivered,Standard,Marketplace,VIP15,7,4.0,
4427332,249284,2024-12-29,Clothing,Rain Jacket,1,67.35,25,50.51,5.99,10.1,66.6,PayPal,Delivered,Standard,Mobile App,SUMMER10,7,,
7868337,709428,2024-12-30,Office Supplies,Desk Organizer,4,101.49,0,405.96,24.99,25.37,456.32,Debit Card,Delivered,Next-Day,Marketplace,,1,2.0,
4444707,515463,2024-12-30,Books,Personal Finance 101,3,9.93,0,29.79,5.99,1.79,37.57,Gift Card,Delivered,Standard,Website,,7,,
5271718,568632,2024-12-30,Clothing,Running Shoes,5,25.41,20,101.64,0.0,0.0,101.64,Google Pay,Delivered,Standard,Website,SUMMER10,7,4.0,
3830671,660873,2024-12-30,Home & Kitchen,Vacuum Cleaner,1,77.16,0,77.16,0.0,7.72,84.88,PayPal,Delivered,Standard,Website,,7,2.0,
8716117,360723,2024-12-30,Home & Kitchen,Cotton Bed Sheets,1,123.13,30,86.19,0.0,5.17,91.36,Apple Pay,Delivered,Standard,Website,FREESHIP,7,3.0,
8183773,954194,2024-12-30,Sports & Outdoors,Mountain Bike Helmet,3,112.62,0,337.86,24.99,20.27,383.12,Apple Pay,Delivered,Next-Day,Mobile App,,1,4.0,
8623499,963639,2024-12-30,Books,Self-Help Guide,4,21.2,5,80.56,0.0,4.83,85.39,Credit Card,Cancelled,Standard,Mobile App,HOLIDAY25,7,,
9850349,724434,2024-12-30,Electronics,Laptop Stand,1,217.43,0,217.43,0.0,17.94,235.37,PayPal,Delivered,Standard,Website,,7,3.0,
3646619,160837,2024-12-30,Grocery,Granola Cereal,2,34.09,0,68.18,5.99,5.62,79.79,Debit Card,Cancelled,Standard,Website,,7,,
1474163,249284,2024-12-30,Beauty & Personal Care,Sunscreen SPF50,3,8.96,25,20.16,5.99,1.21,27.36,Debit Card,Delivered,Standard,Mobile App,VIP15,7,4.0,
4080775,941827,2024-12-30,Toys & Games,Board Game Classic,3,11.09,15,28.28,5.99,2.26,36.53,Debit Card,Delivered,Standard,Mobile App,SAVE20,7,5.0,
6975767,702122,2024-12-30,Books,Children's Picture Book,3,16.76,0,50.28,5.99,3.02,59.29,Credit Card,Delivered,Standard,Website,,7,5.0,
4431273,999753,2024-12-30,Toys & Games,Doll House,4,9.13,0,36.52,5.99,3.01,45.52,Gift Card,Delivered,Standard,Website,,7,5.0,
2797912,557252,2024-12-30,Grocery,Honey Jar,7,10.29,20,57.62,5.99,3.46,67.07,Debit Card,Delivered,Standard,Mobile App,WELCOME10,7,,
9166297,982079,2024-12-30,Office Supplies,Notebook Set,1,88.86,0,88.86,0.0,7.33,96.19,Credit Card,Delivered,Free Pickup,Website,,0,,
2301420,868822,2024-12-30,Beauty & Personal Care,Facial Moisturizer,2,10.83,5,20.58,5.99,1.23,27.8,Credit Card,Delivered,Standard,Mobile App,WELCOME10,7,2.0,
8691421,591396,2024-12-30,Home & Kitchen,Non-Stick Frying Pan,1,36.22,5,34.41,5.99,2.84,43.24,PayPal,Delivered,Standard,Mobile App,FLASH30,7,5.0,
5148828,463607,2024-12-30,Clothing,Women's Yoga Pants,3,89.62,30,188.2,0.0,11.76,199.96,Credit Card,Delivered,Standard,Mobile App,HOLIDAY25,7,,
5061449,600859,2024-12-30,Books,Cookbook: Weeknight Dinners,4,41.6,0,166.4,0.0,9.98,176.38,Credit Card,Shipped,Standard,Website,,7,,
9666412,539241,2024-12-31,Office Supplies,Label Maker,4,30.79,10,110.84,0.0,0.0,110.84,PayPal,Returned,Standard,Website,FREESHIP,7,,Better Price Found
5763515,821214,2024-12-31,Clothing,Winter Parka,1,43.45,30,30.42,5.99,3.95,40.36,Gift Card,Delivered,Standard,Marketplace,SUMMER10,7,,
6721048,185153,2024-12-31,Clothing,Women's Yoga Pants,4,38.66,20,123.71,0.0,10.21,133.92,Apple Pay,Delivered,Standard,Mobile App,HOLIDAY25,7,1.0,
1483596,806986,2024-12-31,Office Supplies,Desk Organizer,1,42.32,20,33.86,5.99,6.77,46.62,PayPal,Returned,,Mobile App,SUMMER10,7,,Changed Mind
4347243,771645,2024-12-31,Sports & Outdoors,Resistance Bands Set,1,39.83,25,29.87,5.99,1.87,37.73,PayPal,Delivered,Standard,Mobile App,WELCOME10,7,4.0,
2673887,263224,2024-12-31,Clothing,Winter Parka,3,82.68,10,223.24,0.0,18.42,241.66,Credit Card,Delivered,Standard,Mobile App,HOLIDAY25,7,5.0,
9371382,597561,2024-12-31,Office Supplies,Whiteboard,2,85.11,0,170.22,12.99,0.0,183.21,Credit Card,Delivered,Express,Website,,3,5.0,
3023103,600859,2024-12-31,Electronics,Wireless Mouse,1,626.11,0,626.11,12.99,40.7,679.8,Credit Card,Delivered,Express,Website,,3,5.0,
8710045,329012,2024-12-31,Home & Kitchen,Stand Mixer,3,53.34,0,160.02,12.99,13.2,186.21,PayPal,Delivered,Express,Website,,3,5.0,
2101957,995659,2024-12-31,Beauty & Personal Care,Makeup Palette,1,8.33,0,8.33,5.99,0.5,14.82,Credit Card,Delivered,Standard,Website,,7,3.0,
7627753,831901,2024-12-31,Home & Kitchen,Vacuum Cleaner,1,119.5,0,119.5,12.99,11.95,144.44,PayPal,Processing,Express,Website,,3,,
4437290,198172,2025-01-01,Grocery,Organic Coffee Beans,4,11.3,10,40.68,27.99,5.29,73.96,Credit Card,Delivered,Next-Day,Website,FREESHIP,1,5.0,
6736426,622527,2025-01-01,Clothing,Men's Denim Jacket,3,65.92,0,197.76,0.0,25.71,223.47,Debit Card,Delivered,Standard,Marketplace,,7,5.0,
3738840,687100,2025-01-01,Home & Kitchen,Ceramic Dinnerware Set,1,42.86,0,42.86,27.99,3.43,74.28,Debit Card,Delivered,Next-Day,Website,,1,3.0,
6201277,515463,2025-01-01,Clothing,Wool Sweater,2,18.57,30,26.0,5.99,1.62,33.61,Debit Card,Delivered,Standard,Mobile App,HOLIDAY25,7,4.0,
8765895,964937,2025-01-01,Grocery,Protein Bar Box,1,11.73,0,11.73,5.99,0.7,18.42,Apple Pay,Delivered,Standard,Website,,7,,
6469782,698930,2025-01-01,Toys & Games,Card Game Deck,3,19.8,0,59.4,5.99,4.75,70.14,Debit Card,Returned,Standard,Mobile App,,7,,Defective Item
1892395,321653,2025-01-01,Electronics,Smartphone Case,1,180.86,0,180.86,24.99,14.92,220.77,Credit Card,Delivered,Next-Day,Website,,1,,
4350072,488554,2025-01-01,Electronics,Wireless Earbuds,2,173.51,0,347.02,0.0,45.11,392.13,Debit Card,Returned,Standard,Marketplace,,7,,Arrived Late
1263153,195758,2025-01-01,Sports & Outdoors,Resistance Bands Set,2,50.56,0,101.12,0.0,6.07,107.19,Credit Card,Delivered,Standard,Website,,7,,
7191503,202299,2025-01-01,Grocery,Sparkling Water Case,1,25.1,30,17.57,5.99,1.05,24.61,PayPal,Delivered,Standard,Marketplace,HOLIDAY25,7,4.0,
2341921,255798,2025-01-02,Beauty & Personal Care,Perfume,1,55.9,0,55.9,5.99,3.35,65.24,PayPal,Returned,Standard,Website,,7,,Not as Described
5827796,216367,2025-01-02,Toys & Games,Plush Teddy Bear,3,45.7,0,137.1,0.0,8.23,145.33,PayPal,Delivered,Standard,Website,,7,3.0,
6377828,529908,2025-01-02,Home & Kitchen,Coffee Maker,1,105.29,0,105.29,24.99,8.42,138.7,Debit Card,Cancelled,Next-Day,Mobile App,,1,,
2948438,359971,2025-01-02,Beauty & Personal Care,Vitamin C Serum,1,33.98,0,33.98,5.99,2.04,42.01,Credit Card,Processing,Standard,Website,,7,,
7204067,525803,2025-01-02,Grocery,Pasta Variety Pack,1,5.72,30,4.0,5.99,0.33,10.32,PayPal,Cancelled,Standard,Website,VIP15,7,,
2607015,914136,2025-01-03,Electronics,Streaming Media Player,2,958.35,0,1916.7,0.0,158.13,2074.83,Google Pay,Delivered,Standard,Website,,7,,
1880840,861511,2025-01-03,Clothing,Slim Fit Jeans,1,76.93,0,76.93,24.99,15.39,117.31,Credit Card,Cancelled,Next-Day,Mobile App,,1,,
6739150,659264,2025-01-03,Clothing,Winter Parka,2,67.06,0,134.12,0.0,8.05,142.17,Gift Card,Delivered,Standard,Website,,7,4.0,
2299298,813189,2025-01-04,Grocery,Sparkling Water Case,3,18.63,10,50.3,5.99,3.02,59.31,Credit Card,Delivered,Standard,Mobile App,SUMMER10,7,4.0,
6611444,663408,2025-01-04,Toys & Games,Remote Control Car,1,21.99,20,17.59,5.99,1.1,24.68,Credit Card,Delivered,Standard,Website,SUMMER10,7,,
3385803,206905,2025-01-04,Grocery,Pasta Variety Pack,2,23.54,30,32.96,27.99,2.72,63.67,Credit Card,Delivered,Next-Day,Website,SUMMER10,1,4.0,
9480596,357643,2025-01-04,Electronics,4K Smart TV,1,400.12,0,400.12,0.0,25.01,425.13,Debit Card,Delivered,Standard,Website,,7,5.0,
1967777,854070,2025-01-04,Home & Kitchen,Stand Mixer,1,288.35,20,230.68,12.99,46.14,289.81,Apple Pay,Delivered,Express,Website,SAVE20,3,,
2959152,639465,2025-01-05,Toys & Games,Remote Control Car,1,11.5,0,11.5,0.0,0.95,12.45,Debit Card,Delivered,Free Pickup,Mobile App,,0,4.0,
8098877,808680,2025-01-05,Grocery,Sparkling Water Case,1,36.84,5,35.0,5.99,2.8,43.79,Credit Card,Delivered,Standard,Website,FREESHIP,7,,
4393304,645986,2025-01-05,Grocery,Mixed Nuts Pack,7,16.99,0,118.93,12.99,7.14,139.06,Apple Pay,Delivered,Express,Mobile App,,3,5.0,
6530394,238180,2025-01-06,Electronics,Wireless Earbuds,1,280.01,0,280.01,0.0,17.5,297.51,Google Pay,Delivered,Free Pickup,Mobile App,,0,5.0,
2677587,175901,2025-01-06,Grocery,Dark Chocolate Bar,1,22.18,0,22.18,5.99,1.33,29.5,PayPal,Delivered,Standard,Website,,7,,
6224781,385326,2025-01-06,Sports & Outdoors,Insulated Water Bottle,2,89.7,0,179.4,12.99,10.76,203.15,Credit Card,Delivered,Express,Website,,3,5.0,
4147861,622527,2025-01-06,Clothing,Summer Dress,1,79.6,0,79.6,0.0,4.78,84.38,Debit Card,Delivered,Standard,Website,,7,4.0,
7291131,700975,2025-01-06,Electronics,Laptop Stand,1,81.0,0,81.0,12.99,16.2,110.19,PayPal,Delivered,Express,Website,,3,,
3736209,826888,2025-01-07,Clothing,Baseball Cap,1,27.37,0,27.37,0.0,2.26,29.63,Gift Card,Delivered,Free Pickup,Website,,0,3.0,
3613647,716918,2025-01-07,Grocery,Dark Chocolate Bar,2,44.86,0,89.72,0.0,17.94,107.66,Apple Pay,Delivered,Standard,Website,,7,4.0,
8438304,446431,2025-01-07,Toys & Games,Outdoor Water Blaster,1,110.0,0,110.0,0.0,22.0,132.0,Debit Card,Delivered,Standard,Mobile App,,7,3.0,
8960200,379104,2025-01-08,Grocery,Granola Cereal,2,32.53,0,65.06,5.99,8.46,79.51,PayPal,Cancelled,Standard,Mobile App,,7,,
7649782,369772,2025-01-08,Electronics,Streaming Media Player,1,169.33,0,169.33,12.99,10.16,192.48,Credit Card,Delivered,Express,Website,,3,,
5801935,714776,2025-01-08,Office Supplies,Ergonomic Office Chair,4,109.96,0,439.84,0.0,87.97,527.81,Credit Card,Shipped,Standard,Website,,7,,
8164264,590305,2025-01-08,Books,Personal Finance 101,1,20.58,0,20.58,14.99,1.23,36.8,,Delivered,Express,Website,,3,,
3672499,181380,2025-01-08,Clothing,Winter Parka,2,55.44,0,110.88,0.0,7.21,118.09,Credit Card,Delivered,Free Pickup,Website,,0,5.0,
5863571,768338,2025-01-08,Home & Kitchen,Stand Mixer,2,112.65,0,225.3,0.0,13.52,238.82,PayPal,Delivered,Standard,Website,,7,3.0,
4562879,815371,2025-01-09,Clothing,Slim Fit Jeans,1,142.12,20,113.7,0.0,6.82,120.52,Credit Card,Delivered,Standard,Mobile App,WELCOME10,7,4.0,
9160863,924384,2025-01-09,Office Supplies,Desk Organizer,4,66.83,15,227.22,0.0,45.44,272.66,Apple Pay,Delivered,Standard,Website,HOLIDAY25,7,2.0,
6868405,976980,2025-01-09,Home & Kitchen,Cotton Bed Sheets,1,97.34,0,97.34,0.0,12.65,109.99,Credit Card,Delivered,Standard,Mobile App,,7,5.0,
9344447,974063,2025-01-09,Electronics,Portable Charger,1,251.26,0,251.26,12.99,20.73,284.98,Credit Card,Cancelled,Express,Marketplace,,3,,
2655457,549078,2025-01-09,Sports & Outdoors,Basketball,1,60.82,0,60.82,14.99,5.02,80.83,Credit Card,Delivered,Express,Website,,3,,
4642796,650325,2025-01-10,Electronics,4K Smart TV,1,143.27,0,143.27,24.99,8.95,177.21,Debit Card,Delivered,Next-Day,Website,,1,5.0,
7689778,254111,2025-01-10,Clothing,Running Shoes,1,84.93,0,84.93,0.0,5.1,90.03,Google Pay,Delivered,Standard,Mobile App,,7,4.0,
6440467,672388,2025-01-10,Clothing,Summer Dress,3,173.41,0,520.23,12.99,32.51,565.73,Credit Card,Delivered,Express,Website,,3,,
2194742,696858,2025-01-11,Clothing,Wool Sweater,3,62.45,10,168.62,0.0,13.91,182.53,Credit Card,Cancelled,Standard,Website,VIP15,7,,
5061450,218562,2025-01-11,Clothing,Running Shoes,1,74.95,0,74.95,5.99,9.74,90.68,PayPal,Returned,Standard,Website,,7,,Arrived Late
5602171,352288,2025-01-11,Electronics,Smartphone Case,1,355.9,0,355.9,0.0,46.27,402.17,Gift Card,Delivered,Standard,Website,,7,,
3540191,712536,2025-01-11,Electronics,Smartphone Case,2,204.99,0,409.98,0.0,24.6,434.58,Credit Card,Delivered,Standard,Mobile App,,7,5.0,
7139227,717194,2025-01-11,Electronics,Wireless Mouse,1,444.85,0,444.85,0.0,26.69,471.54,Debit Card,Delivered,Standard,Mobile App,,7,4.0,
1023847,512617,2025-01-11,Beauty & Personal Care,Vitamin C Serum,1,18.59,0,18.59,27.99,1.16,47.74,Debit Card,Delivered,Next-Day,Website,,1,,
4181635,848713,2025-01-11,Home & Kitchen,Coffee Maker,2,261.3,0,522.6,12.99,31.36,566.95,Debit Card,Delivered,Express,Website,,3,5.0,
1144859,697324,2025-01-11,Home & Kitchen,Stand Mixer,1,28.38,0,28.38,5.99,2.34,36.71,Credit Card,Delivered,Standard,Website,,7,,
5113176,359971,2025-01-12,Electronics,Streaming Media Player,1,193.94,25,145.45,24.99,12.0,182.44,PayPal,Delivered,Next-Day,Website,FLASH30,1,,
8272488,931819,2025-01-12,Clothing,Slim Fit Jeans,1,25.29,0,25.29,5.99,2.09,33.37,Google Pay,Delivered,Standard,Website,,7,5.0,
1017888,371751,2025-01-12,Home & Kitchen,Non-Stick Frying Pan,2,104.43,0,208.86,0.0,17.23,226.09,Credit Card,Delivered,Standard,Website,,7,4.0,
2902137,965874,2025-01-13,Office Supplies,Label Maker,4,138.04,15,469.34,0.0,29.33,498.67,Apple Pay,Delivered,Standard,Mobile App,HOLIDAY25,7,4.0,
6592057,611363,2025-01-13,Clothing,Cotton T-Shirt,1,45.9,0,45.9,5.99,2.87,54.76,Apple Pay,Delivered,,Website,,7,,
7005494,801630,2025-01-13,Electronics,Smartphone Case,1,215.32,25,161.49,24.99,9.69,196.17,Apple Pay,Delivered,Next-Day,Website,FREESHIP,1,,
1139824,697772,2025-01-13,Electronics,Mechanical Keyboard,2,647.69,0,1295.38,12.99,106.87,1415.24,Credit Card,Delivered,Express,Website,,3,,
6945600,870294,2025-01-13,Beauty & Personal Care,Vitamin C Serum,5,29.31,15,124.57,12.99,10.28,147.84,Debit Card,Delivered,Express,Website,FREESHIP,3,,
8157062,549826,2025-01-13,Clothing,Summer Dress,2,120.33,0,240.66,0.0,19.25,259.91,Google Pay,Delivered,Standard,Website,,7,4.0,
8702469,490347,2025-01-13,Sports & Outdoors,Fishing Rod,3,107.2,0,321.6,12.99,26.53,361.12,Debit Card,Delivered,Express,Marketplace,,3,,
7185774,563213,2025-01-14,Grocery,Protein Bar Box,2,11.32,0,22.64,0.0,1.36,24.0,Credit Card,Delivered,Free Pickup,Mobile App,,0,4.0,
5124593,594225,2025-01-14,Grocery,Honey Jar,2,13.06,0,26.12,14.99,1.57,42.68,Apple Pay,Delivered,Express,Marketplace,,3,,
3951474,510515,2025-01-14,Books,Children's Picture Book,1,21.28,0,21.28,5.99,2.77,30.04,Google Pay,Delivered,Standard,Mobile App,,7,,
7649951,185555,2025-01-14,Sports & Outdoors,Basketball,1,99.5,0,99.5,0.0,6.47,105.97,PayPal,Delivered,Standard,Website,,7,5.0,
8252381,373292,2025-01-14,Office Supplies,Label Maker,2,19.41,0,38.82,14.99,2.33,56.14,Credit Card,Delivered,Express,Website,,3,1.0,
5210114,696461,2025-01-14,Electronics,Mechanical Keyboard,1,347.73,0,347.73,0.0,27.82,375.55,PayPal,Delivered,Standard,Mobile App,,7,,
5122820,210406,2025-01-14,Clothing,Women's Yoga Pants,1,42.86,0,42.86,14.99,2.57,60.42,Credit Card,Delivered,Express,Website,,3,,
2162159,870294,2025-01-14,Electronics,Bluetooth Speaker,1,591.28,0,591.28,0.0,94.6,685.88,Google Pay,Processing,Standard,Mobile App,,7,,
8580833,684370,2025-01-15,Clothing,Winter Parka,1,62.58,10,56.32,0.0,3.38,59.7,Debit Card,Returned,Free Pickup,Website,FLASH30,0,,Arrived Late
8212879,131620,2025-01-15,Home & Kitchen,Stand Mixer,1,71.44,0,71.44,5.99,9.29,86.72,PayPal,Delivered,Standard,Mobile App,,7,4.0,
9882304,321653,2025-01-15,Toys & Games,Outdoor Water Blaster,1,56.5,0,56.5,5.99,9.04,71.53,PayPal,Delivered,Standard,Marketplace,,7,5.0,
1002587,698930,2025-01-15,Toys & Games,Doll House,2,26.12,0,52.24,14.99,3.4,70.63,Credit Card,Delivered,Express,Website,,3,,
9118729,355903,2025-01-15,Sports & Outdoors,Resistance Bands Set,2,140.1,0,280.2,12.99,56.04,349.23,Credit Card,Delivered,Express,Mobile App,,3,,
4258575,388826,2025-01-15,Home & Kitchen,Coffee Maker,1,203.97,0,203.97,0.0,26.52,230.49,Credit Card,Delivered,Free Pickup,Website,,0,5.0,
4085493,782085,2025-01-15,Toys & Games,Outdoor Water Blaster,1,73.14,10,65.83,5.99,5.43,77.25,Credit Card,Delivered,Standard,Website,SUMMER10,7,5.0,
6638164,502006,2025-01-15,Electronics,Streaming Media Player,2,408.76,0,817.52,0.0,163.5,981.02,Gift Card,Delivered,Standard,Website,,7,,
7459737,502006,2025-01-16,Clothing,Cotton T-Shirt,1,57.81,0,57.81,14.99,3.47,76.27,PayPal,Shipped,Express,Website,,3,,
9461661,185715,2025-01-16,Toys & Games,Doll House,1,34.82,30,24.37,0.0,1.46,25.83,Credit Card,Returned,Free Pickup,Website,VIP15,0,,Better Price Found
4472915,330200,2025-01-16,Sports & Outdoors,Insulated Water Bottle,1,98.03,30,68.62,5.99,5.66,80.27,Apple Pay,Delivered,Standard,Website,VIP15,7,5.0,
1728241,282050,2025-01-16,Electronics,Mechanical Keyboard,1,126.24,0,126.24,0.0,7.57,133.81,Credit Card,Delivered,,Website,,7,5.0,
1731530,856071,2025-01-16,Pet Supplies,Dog Bed,1,90.9,0,90.9,12.99,5.45,109.34,Apple Pay,Delivered,Express,Website,,3,4.0,
8426499,670693,2025-01-16,Electronics,Wireless Mouse,1,520.01,5,494.01,0.0,64.22,558.23,Debit Card,Delivered,Standard,Mobile App,VIP15,7,,
3085087,609182,2025-01-16,Electronics,Wireless Mouse,2,740.23,0,1480.46,0.0,88.83,1569.29,Debit Card,Delivered,Standard,Website,,7,,
6297303,276672,2025-01-17,Grocery,Pasta Variety Pack,5,15.98,0,79.9,12.99,10.39,103.28,Debit Card,Delivered,Express,Website,,3,5.0,
7005475,185515,2025-01-17,Home & Kitchen,Cotton Bed Sheets,2,114.14,0,228.28,0.0,0.0,228.28,Credit Card,Returned,Standard,Marketplace,,7,,Defective Item
6341662,488643,2025-01-17,Home & Kitchen,Cotton Bed Sheets,2,249.74,0,499.48,0.0,32.47,531.95,Apple Pay,Returned,Standard,Marketplace,,7,,Not as Described
4855123,145116,2025-01-17,Grocery,Organic Coffee Beans,3,5.73,20,13.75,27.99,2.75,44.49,Credit Card,Delivered,Next-Day,Website,HOLIDAY25,1,,
6638499,281969,2025-01-17,Sports & Outdoors,Camping Tent,4,111.3,20,356.16,0.0,56.99,413.15,Credit Card,Returned,Standard,Mobile App,WELCOME10,7,,Not as Described
4943662,666211,2025-01-17,Toys & Games,Action Figure,4,59.69,0,238.76,0.0,14.33,253.09,Debit Card,Delivered,Standard,Website,,7,5.0,
2083575,720159,2025-01-18,Electronics,Bluetooth Speaker,1,326.38,0,326.38,24.99,26.11,377.48,Credit Card,Delivered,Next-Day,Mobile App,,1,5.0,
3785804,672388,2025-01-18,Toys & Games,Action Figure,2,44.1,0,88.2,24.99,5.29,118.48,Debit Card,Delivered,Next-Day,Website,,1,5.0,
2480431,554597,2025-01-18,Clothing,Running Shoes,2,61.03,0,122.06,0.0,9.76,131.82,Apple Pay,Delivered,Standard,Marketplace,,7,5.0,
5205897,349162,2025-01-18,Toys & Games,Doll House,1,32.76,15,27.85,0.0,1.74,29.59,Apple Pay,Returned,Free Pickup,Website,HOLIDAY25,0,,Not as Described
8516328,321653,2025-01-18,Pet Supplies,Training Treats,4,78.34,0,313.36,0.0,62.67,376.03,Credit Card,Delivered,Standard,Website,,7,5.0,
4661855,969091,2025-01-18,Books,Children's Picture Book,1,15.36,0,15.36,27.99,0.92,44.27,Credit Card,Delivered,Next-Day,Website,,1,3.0,
7483457,133503,2025-01-18,Beauty & Personal Care,Perfume,3,67.44,0,202.32,12.99,32.37,247.68,Gift Card,Delivered,Express,Mobile App,,3,4.0,
5680966,133646,2025-01-18,Grocery,Green Tea Bags,5,18.65,0,93.25,0.0,7.69,100.94,Debit Card,Delivered,Standard,Marketplace,,7,,
2535880,424590,2025-01-19,Grocery,Green Tea Bags,3,22.95,0,68.85,5.99,4.13,78.97,Debit Card,Delivered,Standard,Mobile App,,7,,
3486126,660873,2025-01-19,Clothing,Winter Parka,1,77.99,0,77.99,0.0,12.48,90.47,PayPal,Delivered,Standard,Website,,7,3.0,
4948532,401813,2025-01-19,Grocery,Mixed Nuts Pack,5,17.53,0,87.65,0.0,5.48,93.13,Debit Card,Shipped,Standard,Mobile App,,7,,
1595378,725085,2025-01-20,Sports & Outdoors,Hiking Backpack,1,159.61,0,159.61,0.0,9.98,169.59,Credit Card,Delivered,Standard,Marketplace,,7,5.0,
1517623,504905,2025-01-20,Books,Science Fiction Epic,1,16.98,0,16.98,5.99,1.06,24.03,PayPal,Delivered,Standard,Website,,7,4.0,
3969802,225902,2025-01-20,Electronics,Smartphone Case,1,694.46,0,694.46,0.0,45.14,739.6,Google Pay,Delivered,Free Pickup,Marketplace,,0,,
6844604,588665,2025-01-20,Clothing,Slim Fit Jeans,1,35.46,0,35.46,5.99,4.61,46.06,Credit Card,Delivered,Standard,Website,,7,,
2964354,734020,2025-01-20,Grocery,Protein Bar Box,5,4.18,0,20.9,14.99,1.72,37.61,Debit Card,Delivered,Express,Website,,3,,
1253399,638422,2025-01-20,Clothing,Rain Jacket,1,60.99,25,45.74,5.99,2.74,54.47,Credit Card,Delivered,Standard,Website,WELCOME10,7,,
4606857,427679,2025-01-20,Toys & Games,Action Figure,1,96.34,0,96.34,0.0,6.02,102.36,PayPal,Returned,Standard,Website,,7,,Arrived Late
7244283,303027,2025-01-20,Office Supplies,Desk Organizer,3,27.63,0,82.89,12.99,4.97,100.85,PayPal,Delivered,Express,Marketplace,,3,,
4779191,981939,2025-01-21,Sports & Outdoors,Resistance Bands Set,1,125.03,0,125.03,0.0,7.5,132.53,Credit Card,Cancelled,Free Pickup,Website,,0,,
7122419,310345,2025-01-21,Sports & Outdoors,Fitness Tracker Watch,1,82.65,0,82.65,12.99,4.96,100.6,Credit Card,Delivered,Express,Website,,3,,
5854332,315385,2025-01-21,Beauty & Personal Care,Shampoo & Conditioner Set,1,15.49,0,15.49,5.99,2.48,23.96,Google Pay,Delivered,Standard,Marketplace,,7,,
9682126,821498,2025-01-21,Office Supplies,Notebook Set,1,54.11,0,54.11,5.99,3.25,63.35,Debit Card,Returned,Standard,Website,,7,,Changed Mind
1838132,845025,2025-01-21,Clothing,Women's Yoga Pants,5,79.22,0,396.1,12.99,0.0,409.09,Google Pay,Delivered,Express,Website,,3,,
5652245,104925,2025-01-21,Electronics,4K Smart TV,2,211.9,0,423.8,0.0,34.96,458.76,Credit Card,Delivered,Standard,Website,,7,2.0,
2319939,205361,2025-01-21,Beauty & Personal Care,Electric Toothbrush,2,24.29,30,34.01,14.99,2.72,51.72,Credit Card,Delivered,Express,Mobile App,FREESHIP,3,4.0,
5557304,396628,2025-01-21,Electronics,Bluetooth Speaker,3,1049.91,0,3149.73,0.0,503.96,3653.69,Credit Card,Delivered,Standard,Website,,7,5.0,
8068171,745022,2025-01-21,Grocery,Sparkling Water Case,1,10.58,0,10.58,5.99,1.69,18.26,PayPal,Returned,Standard,Mobile App,,7,,Arrived Late
6119599,664785,2025-01-21,Clothing,Women's Yoga Pants,2,39.77,0,79.54,12.99,12.73,105.26,PayPal,Delivered,Express,Mobile App,,3,,
8577162,320359,2025-01-22,Grocery,Organic Coffee Beans,1,21.75,0,21.75,27.99,1.79,51.53,Credit Card,Delivered,Next-Day,Marketplace,,1,,
6755933,625244,2025-01-22,Clothing,Cotton T-Shirt,1,64.57,0,64.57,5.99,3.87,74.43,PayPal,Delivered,Standard,Website,,7,4.0,
7064327,600859,2025-01-22,Grocery,Honey Jar,1,6.03,0,6.03,14.99,0.36,21.38,Debit Card,Delivered,Express,Website,,3,5.0,
5962485,292941,2025-01-22,Electronics,4K Smart TV,2,668.33,10,1202.99,0.0,78.19,1281.18,Credit Card,Delivered,Standard,Mobile App,SAVE20,7,5.0,
8360778,427679,2025-01-23,Clothing,Women's Yoga Pants,4,56.91,20,182.11,0.0,11.84,193.95,Debit Card,Delivered,Standard,Mobile App,VIP15,7,,
6556001,670233,2025-01-23,Clothing,Summer Dress,1,140.25,0,140.25,0.0,8.77,149.02,Apple Pay,Delivered,Standard,Mobile App,,7,4.0,
4167319,282095,2025-01-23,Books,Graphic Novel,5,21.08,0,105.4,12.99,0.0,118.39,PayPal,Shipped,Express,Website,,3,,
3077153,684370,2025-01-23,Books,Children's Picture Book,2,18.93,0,37.86,5.99,2.27,46.12,Apple Pay,Delivered,Standard,Website,,7,,
8325700,639465,2025-01-23,Grocery,Organic Coffee Beans,6,7.18,0,43.08,5.99,6.89,55.96,Credit Card,Returned,Standard,Mobile App,,7,,Better Price Found
1401799,808680,2025-01-23,Beauty & Personal Care,Skincare Gift Set,1,19.0,0,19.0,14.99,1.14,35.13,Credit Card,Delivered,Express,Mobile App,,3,5.0,
6700151,175936,2025-01-23,Grocery,Mixed Nuts Pack,3,11.22,0,33.66,27.99,2.78,64.43,Debit Card,Delivered,Next-Day,Website,,1,5.0,
8038740,116154,2025-01-23,Home & Kitchen,Stand Mixer,2,107.0,0,214.0,12.99,12.84,239.83,Credit Card,Delivered,Express,Mobile App,,3,4.0,
7802151,684370,2025-01-23,Grocery,Honey Jar,4,15.75,0,63.0,27.99,3.78,94.77,Credit Card,Delivered,Next-Day,Mobile App,,1,4.0,
3425390,206604,2025-01-24,Sports & Outdoors,Adjustable Dumbbell Set,3,76.91,5,219.19,0.0,28.49,247.68,PayPal,Delivered,Standard,Website,SAVE20,7,5.0,
8000766,951351,2025-01-24,Books,Science Fiction Epic,2,9.09,0,18.18,14.99,1.45,34.62,Credit Card,Delivered,Express,Mobile App,,3,,
2632208,365762,2025-01-24,Electronics,Bluetooth Speaker,1,466.11,0,466.11,24.99,29.13,520.23,PayPal,Delivered,Next-Day,Website,,1,5.0,
1764829,642033,2025-01-24,Toys & Games,Outdoor Water Blaster,1,41.47,0,41.47,14.99,6.64,63.1,Apple Pay,Returned,Express,Mobile App,,3,,Changed Mind
8984752,579494,2025-01-24,Books,Historical Biography,1,21.42,0,21.42,5.99,1.34,28.75,Credit Card,Returned,Standard,Mobile App,,7,,Not as Described
5638332,525803,2025-01-24,Electronics,Mechanical Keyboard,1,173.07,0,173.07,0.0,14.28,187.35,Apple Pay,Delivered,Standard,Website,,7,,
9814656,545164,2025-01-25,Sports & Outdoors,Adjustable Dumbbell Set,4,59.89,0,239.56,0.0,19.16,258.72,Credit Card,Cancelled,Standard,Mobile App,,7,,
7382289,664785,2025-01-25,Toys & Games,Action Figure,4,26.77,5,101.73,0.0,20.35,122.08,PayPal,Delivered,Standard,Website,VIP15,7,4.0,
6568962,597561,2025-01-25,Clothing,Women's Yoga Pants,4,47.92,0,191.68,0.0,15.33,207.01,Credit Card,Cancelled,Standard,Website,,7,,
9910711,121565,2025-01-25,Books,Fantasy Trilogy Box Set,2,39.72,0,79.44,0.0,4.96,84.4,Credit Card,Returned,Standard,Website,,7,,Wrong Size
2361130,955861,2025-01-25,Clothing,Winter Parka,1,41.03,0,41.03,27.99,2.46,71.48,Credit Card,Delivered,Next-Day,Website,,1,5.0,
5044044,709428,2025-01-25,Pet Supplies,Dog Chew Toy,3,17.53,0,52.59,5.99,4.34,62.92,PayPal,Cancelled,Standard,Mobile App,,7,,
2193383,119888,2025-01-25,Electronics,Wireless Earbuds,1,69.98,0,69.98,14.99,11.2,96.17,Credit Card,Delivered,Express,Website,,3,3.0,
5542802,981939,2025-01-26,Office Supplies,File Folders Pack,5,62.94,0,314.7,0.0,50.35,365.05,Debit Card,Delivered,Standard,Mobile App,,7,,
7019553,598994,2025-01-26,Beauty & Personal Care,Shampoo & Conditioner Set,2,48.75,30,68.25,5.99,4.1,78.34,Credit Card,Delivered,Standard,Website,WELCOME10,7,5.0,
8280528,684370,2025-01-26,Grocery,Green Tea Bags,1,13.4,5,12.73,5.99,0.83,19.55,Credit Card,Delivered,Standard,Website,FLASH30,7,5.0,
2677083,163173,2025-01-26,Clothing,Slim Fit Jeans,1,39.5,0,39.5,5.99,2.57,48.06,Debit Card,Delivered,Standard,Website,,7,5.0,
6785055,119023,2025-01-26,Electronics,Mechanical Keyboard,1,197.37,0,197.37,0.0,0.0,197.37,Credit Card,Delivered,Standard,Marketplace,,7,,
2737295,709496,2025-01-26,Pet Supplies,Dog Chew Toy,1,98.06,0,98.06,0.0,8.09,106.15,Debit Card,Delivered,Standard,Mobile App,,7,5.0,
1968354,709428,2025-01-26,Home & Kitchen,Cotton Bed Sheets,2,146.42,0,292.84,0.0,17.57,310.41,Gift Card,Cancelled,Standard,Mobile App,,7,,
2420697,954194,2025-01-26,Electronics,Streaming Media Player,1,293.18,0,293.18,24.99,46.91,365.08,Apple Pay,Delivered,Next-Day,Mobile App,,1,,
5947844,320359,2025-01-27,Pet Supplies,Training Treats,1,47.03,0,47.03,5.99,7.52,60.54,Credit Card,Delivered,Standard,Marketplace,,7,4.0,
9323020,208190,2025-01-27,Electronics,Streaming Media Player,1,281.53,0,281.53,0.0,36.6,318.13,Credit Card,Delivered,Standard,Marketplace,,7,,
5205089,729750,2025-01-27,Books,Fantasy Trilogy Box Set,3,22.32,0,66.96,14.99,4.02,85.97,Credit Card,Delivered,Express,Website,,3,4.0,
8623066,616639,2025-01-27,Sports & Outdoors,Yoga Mat,1,89.3,0,89.3,0.0,7.14,96.44,Credit Card,Delivered,Standard,Website,,7,3.0,
1854075,579494,2025-01-27,Clothing,Winter Parka,1,48.22,30,33.75,5.99,2.11,41.85,Debit Card,Returned,Standard,Website,FREESHIP,7,,Wrong Size
1004309,570736,2025-01-27,Clothing,Women's Yoga Pants,1,114.65,0,114.65,0.0,7.17,121.82,Debit Card,Cancelled,Standard,Website,,7,,
6083127,527694,2025-01-27,Sports & Outdoors,Basketball,1,223.47,0,223.47,0.0,13.41,236.88,Credit Card,Delivered,Standard,Website,,7,3.0,
9180821,955861,2025-01-28,Toys & Games,Action Figure,2,43.66,0,87.32,12.99,5.68,105.99,Apple Pay,Returned,Express,Marketplace,,3,,Not as Described
6901942,549826,2025-01-28,Office Supplies,Sticky Notes Pack,4,39.68,0,158.72,0.0,9.52,168.24,PayPal,Delivered,Standard,Website,,7,4.0,
4810449,570217,2025-01-28,Electronics,Noise-Cancelling Headphones,1,321.08,0,321.08,0.0,19.26,340.34,Debit Card,Delivered,Standard,Website,,7,,
1346625,385214,2025-01-28,Sports & Outdoors,Resistance Bands Set,4,59.59,0,238.36,0.0,15.49,253.85,Credit Card,Delivered,Standard,Website,,7,,
5071785,787831,2025-01-28,Clothing,Slim Fit Jeans,2,82.19,0,164.38,12.99,21.37,198.74,Credit Card,Delivered,Express,Website,,3,,
2472346,545164,2025-01-28,Home & Kitchen,Non-Stick Frying Pan,1,78.56,20,62.85,5.99,8.17,77.01,Credit Card,Cancelled,Standard,Mobile App,FLASH30,7,,
3851005,520397,2025-01-28,Grocery,Extra Virgin Olive Oil,5,9.02,0,45.1,5.99,2.82,53.91,Debit Card,Delivered,Standard,Mobile App,,7,5.0,
7017308,764258,2025-01-28,Clothing,Slim Fit Jeans,3,29.78,0,89.34,12.99,14.29,116.62,Credit Card,Delivered,Express,Mobile App,,3,,
1422344,119023,2025-01-29,Home & Kitchen,Stand Mixer,1,53.6,25,40.2,14.99,8.04,63.23,Credit Card,Returned,Express,Website,WELCOME10,3,,Arrived Late
3919452,622527,2025-01-29,Office Supplies,Ergonomic Office Chair,1,44.93,0,44.93,5.99,2.7,53.62,Debit Card,Returned,Standard,Marketplace,,7,,Wrong Size
5517807,981939,2025-01-29,Books,Personal Finance 101,4,12.63,0,50.52,27.99,4.17,82.68,Credit Card,Cancelled,Next-Day,Mobile App,,1,,
8880041,350253,2025-01-29,Beauty & Personal Care,Skincare Gift Set,2,26.5,15,45.05,0.0,2.7,47.75,PayPal,Shipped,Free Pickup,Website,FLASH30,0,,
5416489,773540,2025-01-30,Home & Kitchen,Cotton Bed Sheets,2,231.05,25,346.58,0.0,21.66,368.24,PayPal,Delivered,Standard,Mobile App,VIP15,7,,
4402528,181777,2025-01-30,Grocery,Granola Cereal,2,11.9,10,21.42,5.99,1.77,29.18,Debit Card,Delivered,Standard,Website,HOLIDAY25,7,4.0,
4836197,181777,2025-01-30,Grocery,Protein Bar Box,1,36.27,0,36.27,5.99,2.18,44.44,Debit Card,Delivered,Standard,Mobile App,,7,4.0,
3103381,339071,2025-01-30,Sports & Outdoors,Insulated Water Bottle,1,86.34,0,86.34,0.0,5.18,91.52,Google Pay,Shipped,Standard,Website,,7,,
5789668,171208,2025-01-30,Electronics,Mechanical Keyboard,2,568.09,0,1136.18,12.99,93.73,1242.9,Credit Card,Delivered,Express,Website,,3,5.0,
5568531,530251,2025-01-30,Toys & Games,Board Game Classic,3,19.76,20,47.42,14.99,2.85,65.26,Credit Card,Delivered,Express,Marketplace,FLASH30,3,4.0,
2477574,831938,2025-01-30,Books,Mystery Novel,2,8.0,0,16.0,5.99,2.56,24.55,Credit Card,Delivered,Standard,Marketplace,,7,4.0,
1298862,343652,2025-01-30,Electronics,Mechanical Keyboard,3,391.47,15,998.25,0.0,62.39,1060.64,PayPal,Cancelled,Standard,Mobile App,WELCOME10,7,,
5224540,899817,2025-01-30,Home & Kitchen,Cutlery Set,1,196.11,0,196.11,0.0,31.38,227.49,Credit Card,Delivered,Standard,Marketplace,,7,5.0,
4767791,385326,2025-01-30,Clothing,Wool Sweater,1,26.5,0,26.5,5.99,3.44,35.93,Debit Card,Delivered,Standard,Marketplace,,7,,
6929297,815357,2025-01-30,Clothing,Winter Parka,2,74.91,0,149.82,0.0,8.99,158.81,Credit Card,Delivered,Standard,Mobile App,,7,5.0,
5031441,359241,2025-01-30,Electronics,Wireless Earbuds,4,201.96,0,807.84,0.0,66.65,874.49,Apple Pay,Delivered,Standard,Marketplace,,7,5.0,
3123552,490071,2025-01-30,Sports & Outdoors,Adjustable Dumbbell Set,3,69.35,0,208.05,12.99,12.48,233.52,PayPal,Delivered,Express,Marketplace,,3,3.0,
7174652,748905,2025-01-30,Electronics,Laptop Stand,1,620.35,10,558.32,12.99,33.5,604.81,Credit Card,Delivered,Express,Website,WELCOME10,3,,
8546378,672715,2025-01-31,Books,Historical Biography,2,23.33,0,46.66,14.99,0.0,61.65,PayPal,Delivered,Express,Website,,3,5.0,
1167299,355903,2025-01-31,Clothing,Wool Sweater,5,16.41,0,82.05,12.99,4.92,99.96,Debit Card,Delivered,Express,Mobile App,,3,4.0,
8697954,999753,2025-01-31,Beauty & Personal Care,Skincare Gift Set,1,56.42,5,53.6,27.99,4.42,86.01,Credit Card,Returned,Next-Day,Website,WELCOME10,1,,Changed Mind
7536160,777635,2025-01-31,Beauty & Personal Care,Electric Razor,3,13.5,0,40.5,5.99,2.43,48.92,PayPal,Returned,Standard,Website,,7,,Not as Described
8553197,720159,2025-01-31,Beauty & Personal Care,Makeup Palette,1,60.49,0,60.49,5.99,3.63,70.11,Debit Card,Delivered,Standard,Website,,7,,
1363675,525803,2025-01-31,Beauty & Personal Care,Facial Moisturizer,4,10.36,0,41.44,5.99,5.39,52.82,Gift Card,Delivered,Standard,Website,,7,,
7323987,241810,2025-02-01,Clothing,Rain Jacket,3,62.58,0,187.74,12.99,11.26,211.99,Google Pay,Delivered,Express,Mobile App,,3,,
2756066,307037,2025-02-01,Books,Children's Picture Book,6,31.8,0,190.8,0.0,30.53,221.33,Gift Card,Delivered,Standard,Mobile App,,7,5.0,
5629082,352288,2025-02-01,Beauty & Personal Care,Skincare Gift Set,2,8.96,20,14.34,14.99,2.29,31.62,PayPal,Delivered,Express,Mobile App,VIP15,3,5.0,
1135307,547541,2025-02-01,Electronics,Streaming Media Player,4,608.83,0,2435.32,0.0,158.3,2593.62,Credit Card,Cancelled,Standard,Website,,7,,
4326830,996684,2025-02-01,Toys & Games,Board Game Classic,1,55.5,0,55.5,5.99,3.33,64.82,Google Pay,Cancelled,Standard,Mobile App,,7,,
1924910,240201,2025-02-01,Toys & Games,Remote Control Car,2,41.64,0,83.28,0.0,6.87,90.15,Debit Card,Processing,Standard,Website,,7,,
8577735,570241,2025-02-01,Pet Supplies,Dog Bed,1,13.16,20,10.53,14.99,0.63,26.15,Apple Pay,Delivered,Express,Mobile App,SUMMER10,3,,
2552388,702122,2025-02-01,Toys & Games,Card Game Deck,3,88.92,20,213.41,0.0,0.0,213.41,,Delivered,Standard,Website,FREESHIP,7,3.0,
3600058,804849,2025-02-01,Grocery,Protein Bar Box,4,30.07,0,120.28,24.99,7.52,152.79,Credit Card,Delivered,Next-Day,Website,,1,2.0,
2424704,404777,2025-02-01,Clothing,Running Shoes,3,36.55,0,109.65,0.0,6.58,116.23,Debit Card,Shipped,Standard,Mobile App,,7,,
6071825,221043,2025-02-02,Home & Kitchen,LED Desk Lamp,2,79.29,0,158.58,0.0,9.51,168.09,Debit Card,Delivered,Standard,Marketplace,,7,,
9919463,788240,2025-02-02,Grocery,Green Tea Bags,6,34.8,0,208.8,24.99,12.53,246.32,Credit Card,Delivered,Next-Day,Mobile App,,1,,
1648906,814732,2025-02-02,Toys & Games,Action Figure,3,19.53,0,58.59,0.0,3.52,62.11,Debit Card,Delivered,Free Pickup,Website,,0,,
2611433,634704,2025-02-02,Home & Kitchen,Ceramic Dinnerware Set,2,103.71,0,207.42,0.0,12.96,220.38,Debit Card,Delivered,Standard,Website,,7,4.0,
8828495,749526,2025-02-02,Beauty & Personal Care,Sunscreen SPF50,2,37.48,0,74.96,27.99,4.5,107.45,Apple Pay,Delivered,Next-Day,Website,,1,,
3688379,670883,2025-02-03,Home & Kitchen,Non-Stick Frying Pan,2,271.99,0,543.98,0.0,44.88,588.86,Credit Card,Delivered,Standard,Website,,7,,
8361175,240201,2025-02-03,Clothing,Women's Yoga Pants,1,90.48,0,90.48,0.0,5.43,95.91,Gift Card,Returned,Standard,Website,,7,,Better Price Found
8496387,320716,2025-02-03,Books,Poetry Collection,3,35.57,0,106.71,0.0,6.94,113.65,PayPal,Cancelled,Standard,Website,,7,,
8886274,869376,2025-02-03,Electronics,4K Smart TV,2,461.94,30,646.72,12.99,53.35,713.06,Apple Pay,Delivered,Express,Marketplace,VIP15,3,4.0,
1117977,203887,2025-02-03,Toys & Games,Board Game Classic,1,58.26,0,58.26,14.99,3.64,76.89,PayPal,Delivered,Express,Website,,3,4.0,
4769259,944244,2025-02-03,Home & Kitchen,LED Desk Lamp,1,150.16,0,150.16,0.0,9.01,159.17,Apple Pay,Delivered,Standard,Website,,7,,
1667006,504976,2025-02-03,Electronics,Bluetooth Speaker,2,195.14,0,390.28,0.0,50.74,441.02,Credit Card,Delivered,Standard,Website,,7,4.0,
5275046,712336,2025-02-04,Grocery,Honey Jar,7,19.79,0,138.53,0.0,11.43,149.96,Debit Card,Delivered,Standard,Mobile App,,7,5.0,
4047046,813035,2025-02-04,Beauty & Personal Care,Sunscreen SPF50,4,54.55,10,196.38,0.0,16.2,212.58,PayPal,Delivered,Standard,Website,FLASH30,7,,
2148953,182833,2025-02-04,Electronics,Bluetooth Speaker,2,445.76,0,891.52,0.0,115.9,1007.42,Credit Card,Delivered,Free Pickup,Mobile App,,0,,
5493241,131620,2025-02-04,Toys & Games,Building Block Set,3,36.65,0,109.95,0.0,6.6,116.55,Credit Card,Delivered,Standard,Website,,7,5.0,
6072390,908295,2025-02-04,Home & Kitchen,Stand Mixer,2,75.92,0,151.84,24.99,12.53,189.36,Debit Card,Returned,Next-Day,Website,,1,,Arrived Late
3165677,483080,2025-02-04,Electronics,4K Smart TV,4,144.72,0,578.88,0.0,34.73,613.61,Apple Pay,Delivered,Standard,Website,,7,,
6577381,526706,2025-02-05,Clothing,Women's Yoga Pants,1,36.16,0,36.16,5.99,2.17,44.32,Apple Pay,Delivered,Standard,Mobile App,,7,4.0,
2824539,196023,2025-02-05,Office Supplies,Stapler,4,43.17,0,172.68,0.0,10.79,183.47,PayPal,Returned,Standard,Website,,7,,Arrived Late
1709505,282050,2025-02-06,Grocery,Sparkling Water Case,5,23.29,0,116.45,24.99,6.99,148.43,Credit Card,Delivered,Next-Day,Website,,1,5.0,
2838565,343810,2025-02-06,Books,Fantasy Trilogy Box Set,5,14.16,0,70.8,14.99,4.6,90.39,Credit Card,Delivered,Express,Website,,3,5.0,
7544006,216808,2025-02-07,Clothing,Cotton T-Shirt,2,77.89,0,155.78,0.0,12.85,168.63,Google Pay,Delivered,Standard,Website,,7,2.0,
2748920,678850,2025-02-07,Beauty & Personal Care,Electric Toothbrush,1,68.19,0,68.19,5.99,4.09,78.27,PayPal,Delivered,Standard,Website,,7,,
8280027,620174,2025-02-07,Electronics,Smartphone Case,1,233.19,0,233.19,0.0,13.99,247.18,Credit Card,Delivered,Standard,Mobile App,,7,,
2460200,433068,2025-02-07,Beauty & Personal Care,Electric Razor,5,32.58,0,162.9,12.99,9.77,185.66,PayPal,Delivered,Express,Mobile App,,3,5.0,
8028326,104886,2025-02-07,Grocery,Honey Jar,3,13.17,0,39.51,5.99,2.47,47.97,Credit Card,Returned,Standard,Mobile App,,7,,Better Price Found
9864578,926416,2025-02-07,Clothing,Summer Dress,1,111.12,0,111.12,12.99,17.78,141.89,Debit Card,Delivered,Express,Mobile App,,3,,
4132467,744635,2025-02-08,Beauty & Personal Care,Perfume,3,51.04,0,153.12,0.0,12.63,165.75,Credit Card,Delivered,Standard,Marketplace,,7,5.0,
3739958,823673,2025-02-08,Clothing,Women's Yoga Pants,3,67.46,0,202.38,12.99,12.14,227.51,Credit Card,Delivered,Express,Website,,3,3.0,
1294854,638422,2025-02-08,Grocery,Dark Chocolate Bar,2,11.58,20,18.53,5.99,1.53,26.05,Apple Pay,Returned,Standard,Mobile App,HOLIDAY25,7,,Changed Mind
6475939,321283,2025-02-08,Clothing,Cotton T-Shirt,3,15.7,10,42.39,14.99,5.51,62.89,Apple Pay,Delivered,Express,Mobile App,FREESHIP,3,3.0,
8311163,611363,2025-02-08,Clothing,Slim Fit Jeans,1,87.77,0,87.77,0.0,7.24,95.01,Credit Card,Shipped,Free Pickup,Mobile App,,0,,
7722968,542798,2025-02-08,Clothing,Rain Jacket,1,59.86,0,59.86,5.99,3.74,69.59,Credit Card,Delivered,Standard,Website,,7,5.0,
9237381,282050,2025-02-08,Clothing,Wool Sweater,1,66.94,0,66.94,14.99,4.35,86.28,Debit Card,Delivered,Express,Website,,3,,
5514597,424619,2025-02-09,Office Supplies,Whiteboard,4,82.16,25,246.48,0.0,14.79,261.27,Google Pay,Delivered,Standard,Mobile App,VIP15,7,5.0,
6095588,686576,2025-02-09,Home & Kitchen,Vacuum Cleaner,1,76.76,0,76.76,0.0,4.61,81.37,PayPal,Delivered,Standard,Website,,7,4.0,
9897703,969906,2025-02-10,Clothing,Running Shoes,1,19.6,0,19.6,14.99,1.57,36.16,Credit Card,Returned,Express,Website,,3,,Changed Mind
6530242,874360,2025-02-10,Books,Science Fiction Epic,1,20.98,0,20.98,14.99,1.31,37.28,Credit Card,Shipped,Express,Marketplace,,3,,
8761675,621194,2025-02-10,Beauty & Personal Care,Shampoo & Conditioner Set,3,35.71,0,107.13,0.0,6.96,114.09,Credit Card,Delivered,Standard,Marketplace,,7,5.0,
4826874,401813,2025-02-10,Office Supplies,Notebook Set,1,87.18,0,87.18,0.0,5.45,92.63,PayPal,Returned,Standard,Website,,7,,Changed Mind
3993120,206944,2025-02-10,Books,Personal Finance 101,1,19.76,0,19.76,14.99,1.58,36.33,Credit Card,Delivered,Express,Website,,3,3.0,
8933315,813547,2025-02-11,Home & Kitchen,Memory Foam Pillow,3,47.46,0,142.38,0.0,11.75,154.13,PayPal,Processing,Free Pickup,Website,,0,,
6343381,320359,2025-02-11,Electronics,Bluetooth Speaker,1,445.47,0,445.47,12.99,26.73,485.19,PayPal,Delivered,Express,Website,,3,4.0,
5302333,752908,2025-02-11,Clothing,Slim Fit Jeans,1,48.03,0,48.03,27.99,2.88,78.9,Credit Card,Returned,Next-Day,Website,,1,,Wrong Size
7569047,374219,2025-02-11,Beauty & Personal Care,Skincare Gift Set,2,22.35,0,44.7,5.99,2.68,53.37,Credit Card,Delivered,Standard,Website,,7,3.0,
7739369,457597,2025-02-11,Electronics,Mechanical Keyboard,1,411.98,0,411.98,0.0,25.75,437.73,Credit Card,Returned,Standard,Mobile App,,7,,Changed Mind
1321816,470612,2025-02-12,Electronics,Noise-Cancelling Headphones,3,1200.0,0,3600.0,0.0,216.0,3816.0,Credit Card,Delivered,,Mobile App,,7,,
5144994,111069,2025-02-12,Electronics,Wireless Mouse,3,22.38,0,67.14,5.99,4.03,77.16,PayPal,Delivered,Standard,Website,,7,5.0,
9120181,764214,2025-02-12,Home & Kitchen,Cutlery Set,1,99.43,0,99.43,12.99,15.91,128.33,PayPal,Cancelled,Express,Mobile App,,3,,
9718537,490092,2025-02-12,Beauty & Personal Care,Perfume,1,14.02,30,9.81,27.99,0.59,38.39,Credit Card,Delivered,Next-Day,Website,FLASH30,1,,
5100079,202299,2025-02-12,Sports & Outdoors,Resistance Bands Set,1,59.22,0,59.22,5.99,3.7,68.91,Credit Card,Delivered,Standard,Website,,7,,
9128474,802087,2025-02-12,Electronics,Portable Charger,1,54.0,0,54.0,5.99,3.51,63.5,Debit Card,Delivered,Standard,Website,,7,4.0,
1297287,176016,2025-02-12,Home & Kitchen,Vacuum Cleaner,3,41.47,0,124.41,12.99,16.17,153.57,Credit Card,Delivered,Express,Marketplace,,3,,
2013522,743457,2025-02-12,Electronics,Bluetooth Speaker,3,57.66,5,164.33,12.99,10.27,187.59,PayPal,Delivered,Express,Website,FREESHIP,3,1.0,
3106533,570217,2025-02-12,Toys & Games,Building Block Set,1,20.96,0,20.96,5.99,1.26,28.21,Debit Card,Delivered,Standard,Website,,7,4.0,
2787511,712336,2025-02-13,Home & Kitchen,Ceramic Dinnerware Set,1,110.58,0,110.58,0.0,14.38,124.96,Credit Card,Returned,Free Pickup,Website,,0,,Defective Item
3595271,876950,2025-02-13,Grocery,Mixed Nuts Pack,4,21.03,0,84.12,0.0,5.05,89.17,Credit Card,Delivered,Standard,Website,,7,5.0,
1572338,579494,2025-02-13,Clothing,Rain Jacket,1,78.12,5,74.21,5.99,4.45,84.65,Credit Card,Returned,Standard,Mobile App,SAVE20,7,,Better Price Found
9836700,549078,2025-02-13,Clothing,Winter Parka,1,30.57,0,30.57,14.99,6.11,51.67,PayPal,Returned,Express,Marketplace,,3,,Wrong Size
3788931,716918,2025-02-13,Sports & Outdoors,Resistance Bands Set,1,128.81,0,128.81,0.0,10.63,139.44,Debit Card,Delivered,Standard,Marketplace,,7,4.0,
8214351,675360,2025-02-13,Clothing,Winter Parka,2,99.46,0,198.92,0.0,11.94,210.86,Credit Card,Delivered,Free Pickup,Mobile App,,0,5.0,
7512640,550369,2025-02-13,Home & Kitchen,Stand Mixer,6,340.62,0,2043.72,12.99,0.0,2056.71,Debit Card,Delivered,Express,Website,,3,,
2368859,684266,2025-02-13,Sports & Outdoors,Mountain Bike Helmet,6,200.41,0,1202.46,24.99,75.15,1302.6,Credit Card,Delivered,Next-Day,Mobile App,,1,,
2931717,645241,2025-02-13,Sports & Outdoors,Hiking Backpack,1,73.07,0,73.07,5.99,6.03,85.09,Google Pay,Delivered,Standard,Website,,7,5.0,
6440479,826888,2025-02-13,Beauty & Personal Care,Hair Dryer,1,26.62,0,26.62,14.99,1.66,43.27,Apple Pay,Delivered,Express,Website,,3,4.0,
6300932,954194,2025-02-14,Books,Cookbook: Weeknight Dinners,1,45.0,0,45.0,5.99,3.71,54.7,PayPal,Delivered,Standard,Website,,7,4.0,
8724999,738836,2025-02-14,Beauty & Personal Care,Shampoo & Conditioner Set,5,20.6,25,77.25,0.0,7.72,84.97,Credit Card,Delivered,Standard,Website,VIP15,7,3.0,
4187625,939425,2025-02-14,Books,Poetry Collection,2,13.58,0,27.16,5.99,2.24,35.39,Debit Card,Delivered,Standard,Marketplace,,7,,
2648792,401813,2025-02-15,Clothing,Slim Fit Jeans,1,15.3,0,15.3,5.99,1.26,22.55,Debit Card,Delivered,Standard,Mobile App,,7,,
7662704,265163,2025-02-15,Beauty & Personal Care,Facial Moisturizer,3,8.09,0,24.27,5.99,1.52,31.78,Credit Card,Delivered,Standard,Website,,7,,
8243494,684997,2025-02-15,Books,Fantasy Trilogy Box Set,4,15.71,0,62.84,5.99,3.93,72.76,PayPal,Delivered,Standard,Mobile App,,7,5.0,
3884506,901936,2025-02-15,Books,Fantasy Trilogy Box Set,3,27.71,5,78.97,12.99,6.52,98.48,Debit Card,Delivered,Express,Website,VIP15,3,,
3689787,592322,2025-02-16,Office Supplies,Label Maker,1,126.87,5,120.53,0.0,9.94,130.47,Debit Card,Cancelled,Standard,Website,FREESHIP,7,,
9433113,670233,2025-02-16,Sports & Outdoors,Fitness Tracker Watch,1,289.86,0,289.86,12.99,37.68,340.53,Debit Card,Delivered,Express,Website,,3,5.0,
2437713,874360,2025-02-16,Clothing,Winter Parka,4,75.01,0,300.04,0.0,18.0,318.04,Credit Card,Delivered,Free Pickup,Mobile App,,0,4.0,
8518199,764101,2025-02-16,Clothing,Running Shoes,1,77.14,0,77.14,12.99,4.63,94.76,Gift Card,Delivered,Express,Website,,3,5.0,
7043930,654615,2025-02-16,Beauty & Personal Care,Makeup Palette,1,14.22,0,14.22,0.0,1.85,16.07,Credit Card,Shipped,Free Pickup,Website,,0,,
8970373,895645,2025-02-16,Clothing,Baseball Cap,2,30.55,0,61.1,5.99,3.82,70.91,PayPal,Delivered,Standard,Mobile App,,7,5.0,
9999540,826264,2025-02-16,Clothing,Wool Sweater,1,22.87,0,22.87,5.99,2.97,31.83,Google Pay,Cancelled,Standard,Website,,7,,
9979675,510515,2025-02-16,Electronics,Noise-Cancelling Headphones,1,893.26,0,893.26,0.0,73.69,966.95,Credit Card,Delivered,Standard,Mobile App,,7,3.0,
2020887,815497,2025-02-16,Electronics,Smartphone Case,1,166.2,0,166.2,0.0,10.8,177.0,Debit Card,Delivered,Standard,Marketplace,,7,5.0,
1747847,684370,2025-02-17,Office Supplies,Printer Paper Ream,1,135.01,0,135.01,0.0,8.1,143.11,Credit Card,Delivered,Standard,Marketplace,,7,,
3660195,492669,2025-02-17,Beauty & Personal Care,Shampoo & Conditioner Set,1,37.14,0,37.14,5.99,4.83,47.96,Credit Card,Delivered,Standard,Website,,7,5.0,
9803091,310345,2025-02-17,Grocery,Extra Virgin Olive Oil,1,11.43,10,10.29,5.99,0.64,16.92,Apple Pay,Delivered,Standard,Mobile App,FLASH30,7,5.0,
8801460,918349,2025-02-17,Office Supplies,Printer Paper Ream,3,169.34,0,508.02,0.0,33.02,541.04,Credit Card,Delivered,Standard,Mobile App,,7,,
4557244,501836,2025-02-17,Home & Kitchen,Coffee Maker,2,63.1,0,126.2,0.0,10.41,136.61,Credit Card,Delivered,Standard,Website,,7,5.0,
2764364,240201,2025-02-17,Home & Kitchen,LED Desk Lamp,1,224.5,0,224.5,0.0,13.47,237.97,PayPal,Delivered,Standard,Marketplace,,7,,
5735177,753798,2025-02-18,Beauty & Personal Care,Makeup Palette,2,22.45,20,35.92,5.99,2.16,44.07,PayPal,Cancelled,Standard,Mobile App,SAVE20,7,,
3489713,282095,2025-02-18,Pet Supplies,Training Treats,2,22.48,0,44.96,14.99,3.71,63.66,PayPal,Delivered,Express,Website,,3,3.0,
5858458,675360,2025-02-18,Sports & Outdoors,Resistance Bands Set,1,141.83,0,141.83,12.99,11.7,166.52,Apple Pay,Cancelled,Express,Mobile App,,3,,
7333964,385214,2025-02-18,Home & Kitchen,Ceramic Dinnerware Set,3,121.74,15,310.44,0.0,19.4,329.84,Credit Card,Returned,Standard,Mobile App,FLASH30,7,,Not as Described
2372199,745022,2025-02-18,Sports & Outdoors,Fitness Tracker Watch,2,126.05,5,239.49,0.0,19.16,258.65,PayPal,Delivered,Free Pickup,Mobile App,FLASH30,0,4.0,
3614373,670693,2025-02-19,Clothing,Running Shoes,4,16.94,0,67.76,5.99,5.59,79.34,Apple Pay,Delivered,Standard,Website,,7,,
7765547,733081,2025-02-19,Beauty & Personal Care,Makeup Palette,5,24.75,5,117.56,0.0,23.51,141.07,Credit Card,Delivered,Standard,Mobile App,SUMMER10,7,5.0,
4470897,177411,2025-02-19,Home & Kitchen,Memory Foam Pillow,1,78.47,0,78.47,0.0,0.0,78.47,Debit Card,Delivered,Standard,Mobile App,,7,2.0,
3874698,670928,2025-02-20,Toys & Games,Board Game Classic,2,34.29,0,68.58,5.99,8.92,83.49,Credit Card,Delivered,Standard,Website,,7,5.0,
4869022,570736,2025-02-20,Clothing,Winter Parka,1,127.7,15,108.54,0.0,17.37,125.91,Credit Card,Delivered,Free Pickup,Website,HOLIDAY25,0,3.0,
6997297,460687,2025-02-20,Home & Kitchen,Memory Foam Pillow,1,175.02,0,175.02,0.0,10.5,185.52,Gift Card,Delivered,Standard,Website,,7,4.0,
6836155,434006,2025-02-20,Sports & Outdoors,Insulated Water Bottle,1,125.41,0,125.41,24.99,7.84,158.24,Credit Card,Delivered,Next-Day,Mobile App,,1,,
7220865,359241,2025-02-21,Office Supplies,File Folders Pack,1,70.94,0,70.94,5.99,4.43,81.36,Debit Card,Delivered,Standard,Website,,7,5.0,
9776936,594225,2025-02-21,Clothing,Wool Sweater,3,61.75,0,185.25,0.0,11.12,196.37,Credit Card,Delivered,,Marketplace,,7,,
3007359,871883,2025-02-21,Electronics,Laptop Stand,2,497.91,0,995.82,12.99,59.75,1068.56,PayPal,Delivered,Express,Marketplace,,3,,
3366350,265163,2025-02-21,Beauty & Personal Care,Electric Toothbrush,1,17.72,0,17.72,5.99,1.11,24.82,Debit Card,Delivered,Standard,Website,,7,5.0,
1367383,238180,2025-02-21,Grocery,Pasta Variety Pack,2,34.91,10,62.84,5.99,11.94,80.77,Debit Card,Delivered,Standard,Mobile App,SAVE20,7,5.0,
1765529,427679,2025-02-21,Clothing,Slim Fit Jeans,1,42.57,0,42.57,0.0,3.51,46.08,Credit Card,Delivered,Free Pickup,Website,,0,,
8731264,465917,2025-02-21,Home & Kitchen,Non-Stick Frying Pan,1,129.86,5,123.37,0.0,7.71,131.08,PayPal,Delivered,Standard,Mobile App,VIP15,7,,
4140728,611363,2025-02-21,Electronics,Wireless Earbuds,2,197.28,0,394.56,0.0,39.46,434.02,Credit Card,Delivered,Free Pickup,Marketplace,,0,,
1854025,199508,2025-02-22,Books,Cookbook: Weeknight Dinners,2,8.27,0,16.54,27.99,1.08,45.61,PayPal,Delivered,Next-Day,Website,,1,,
9515173,568632,2025-02-23,Beauty & Personal Care,Makeup Palette,1,16.05,0,16.05,5.99,1.61,23.65,Debit Card,Delivered,Standard,Mobile App,,7,,
4871024,663408,2025-02-23,Beauty & Personal Care,Facial Moisturizer,1,47.86,10,43.07,5.99,2.58,51.64,Apple Pay,Delivered,Standard,Marketplace,FREESHIP,7,4.0,
8637986,208190,2025-02-23,Home & Kitchen,Stand Mixer,3,98.12,0,294.36,0.0,17.66,312.02,Debit Card,Delivered,Standard,Mobile App,,7,5.0,
4940712,343810,2025-02-23,Toys & Games,Plush Teddy Bear,1,16.44,0,16.44,14.99,2.63,34.06,Google Pay,Delivered,Express,Mobile App,,3,3.0,
8390443,823673,2025-02-23,Home & Kitchen,Ceramic Dinnerware Set,3,210.68,0,632.04,12.99,37.92,682.95,Debit Card,Delivered,Express,Mobile App,,3,,
7576379,634127,2025-02-23,Sports & Outdoors,Fishing Rod,1,37.21,0,37.21,14.99,2.23,54.43,Credit Card,Delivered,Express,Marketplace,,3,,
5951800,236288,2025-02-23,Home & Kitchen,Air Fryer,1,38.43,0,38.43,5.99,5.0,49.42,Debit Card,Delivered,Standard,Mobile App,,7,,
1489874,787831,2025-02-23,Office Supplies,Stapler,2,119.25,0,238.5,0.0,14.31,252.81,Debit Card,Delivered,Standard,Mobile App,,7,,
2402052,625244,2025-02-24,Clothing,Rain Jacket,2,66.34,5,126.05,0.0,25.21,151.26,Debit Card,Cancelled,Standard,Mobile App,WELCOME10,7,,
5509365,761074,2025-02-25,Grocery,Dark Chocolate Bar,7,14.8,0,103.6,0.0,6.22,109.82,Credit Card,Delivered,Standard,Website,,7,,
5023534,386699,2025-02-25,Home & Kitchen,Vacuum Cleaner,1,126.56,0,126.56,0.0,16.45,143.01,Debit Card,Delivered,Standard,Website,,7,1.0,
2259809,583754,2025-02-25,Home & Kitchen,Stand Mixer,2,141.76,0,283.52,12.99,17.01,313.52,Debit Card,Returned,Express,Website,,3,,Arrived Late
3537496,819092,2025-02-25,Home & Kitchen,Non-Stick Frying Pan,1,62.87,0,62.87,5.99,12.57,81.43,Credit Card,Delivered,Standard,Marketplace,,7,4.0,
4099498,525803,2025-02-25,Toys & Games,Doll House,4,20.12,25,60.36,14.99,4.98,80.33,PayPal,Delivered,Express,Mobile App,SAVE20,3,3.0,
1224361,659481,2025-02-26,Clothing,Men's Denim Jacket,3,117.24,0,351.72,0.0,29.02,380.74,Apple Pay,Delivered,Standard,Website,,7,,
8559275,254111,2025-02-26,Books,Self-Help Guide,1,17.28,30,12.1,5.99,1.21,19.3,Google Pay,Delivered,Standard,Mobile App,FREESHIP,7,5.0,
6593531,982079,2025-02-27,Electronics,4K Smart TV,2,312.4,0,624.8,0.0,81.22,706.02,Credit Card,Delivered,Standard,Mobile App,,7,5.0,
2389382,242120,2025-02-27,Pet Supplies,Bird Cage,3,19.58,0,58.74,5.99,4.85,69.58,Credit Card,Delivered,Standard,Mobile App,,7,5.0,
3045453,976980,2025-02-27,Toys & Games,Card Game Deck,1,83.05,0,83.05,0.0,5.19,88.24,Google Pay,Cancelled,Standard,Mobile App,,7,,
3231642,388826,2025-02-27,Sports & Outdoors,Yoga Mat,1,54.62,0,54.62,5.99,3.28,63.89,Credit Card,Delivered,Standard,Mobile App,,7,4.0,
7089664,321283,2025-02-27,Home & Kitchen,Vacuum Cleaner,3,307.04,0,921.12,0.0,55.27,976.39,Credit Card,Delivered,Standard,Mobile App,,7,3.0,
8127705,934886,2025-02-27,Books,Fantasy Trilogy Box Set,2,17.77,0,35.54,5.99,2.31,43.84,Credit Card,Delivered,Standard,Website,,7,2.0,
8774477,139108,2025-02-28,Beauty & Personal Care,Shampoo & Conditioner Set,1,42.57,0,42.57,5.99,3.51,52.07,PayPal,Delivered,Standard,Website,,7,4.0,
7595995,500528,2025-02-28,Clothing,Slim Fit Jeans,2,56.31,0,112.62,0.0,9.29,121.91,Gift Card,Delivered,Standard,Website,,7,5.0,
6672316,237862,2025-02-28,Electronics,Bluetooth Speaker,1,61.21,0,61.21,5.99,3.83,71.03,Debit Card,Delivered,Standard,Website,,7,5.0,
4751406,236288,2025-02-28,Clothing,Women's Yoga Pants,2,62.58,0,125.16,12.99,16.27,154.42,Credit Card,Delivered,Express,Mobile App,,3,,
9077568,448379,2025-02-28,Beauty & Personal Care,Makeup Palette,1,20.9,0,20.9,14.99,1.25,37.14,Credit Card,Delivered,Express,Mobile App,,3,,
2555091,122576,2025-02-28,Grocery,Honey Jar,5,8.51,0,42.55,14.99,3.51,61.05,Credit Card,Delivered,Express,Mobile App,,3,,
9464352,158414,2025-02-28,Sports & Outdoors,Fitness Tracker Watch,2,85.21,0,170.42,12.99,10.23,193.64,Debit Card,Delivered,Express,Mobile App,,3,5.0,
8301111,282095,2025-02-28,Home & Kitchen,Air Fryer,3,42.43,0,127.29,0.0,24.19,151.48,PayPal,Returned,Standard,Marketplace,,7,,Arrived Late
7052776,956945,2025-02-28,Grocery,Mixed Nuts Pack,2,26.47,0,52.94,5.99,10.06,68.99,Gift Card,Processing,Standard,Website,,7,,
8840334,207727,2025-03-01,Electronics,Wireless Earbuds,1,366.94,0,366.94,0.0,22.02,388.96,Debit Card,Delivered,Standard,Website,,7,2.0,
7133997,816723,2025-03-01,Home & Kitchen,Air Fryer,4,66.88,0,267.52,0.0,22.07,289.59,Debit Card,Delivered,Standard,Mobile App,,7,,
1558092,550369,2025-03-01,Toys & Games,Doll House,1,80.46,0,80.46,0.0,6.44,86.9,Gift Card,Delivered,Standard,Website,,7,5.0,
9891974,329012,2025-03-01,Clothing,Winter Parka,5,97.43,5,462.79,12.99,74.05,549.83,Google Pay,Delivered,Express,Mobile App,HOLIDAY25,3,,
2428637,709428,2025-03-01,Sports & Outdoors,Yoga Mat,2,46.81,0,93.62,0.0,5.62,99.24,Debit Card,Delivered,Standard,Marketplace,,7,1.0,
4489588,339714,2025-03-01,Electronics,Portable Charger,1,416.47,0,416.47,0.0,26.03,442.5,Credit Card,Returned,Standard,Mobile App,,7,,Arrived Late
6685079,849763,2025-03-01,Home & Kitchen,LED Desk Lamp,1,48.97,0,48.97,5.99,2.94,57.9,Credit Card,Delivered,Standard,Mobile App,,7,,
1403204,175936,2025-03-01,Home & Kitchen,Ceramic Dinnerware Set,1,66.58,0,66.58,14.99,3.99,85.56,PayPal,Delivered,,Website,,3,4.0,
8529427,316724,2025-03-01,Electronics,Noise-Cancelling Headphones,4,57.49,0,229.96,24.99,29.89,284.84,Gift Card,Delivered,,Marketplace,,1,3.0,
1085034,711151,2025-03-01,Clothing,Slim Fit Jeans,2,20.55,0,41.1,5.99,2.47,49.56,Gift Card,Delivered,Standard,Website,,7,5.0,
8293978,860537,2025-03-02,Grocery,Organic Coffee Beans,5,18.56,0,92.8,12.99,7.42,113.21,Debit Card,Delivered,Express,Mobile App,,3,4.0,
8175955,761074,2025-03-02,Grocery,Extra Virgin Olive Oil,2,42.13,0,84.26,12.99,5.27,102.52,Apple Pay,Delivered,Express,Website,,3,5.0,
6786087,724434,2025-03-02,Home & Kitchen,Stand Mixer,1,32.26,0,32.26,27.99,1.94,62.19,Debit Card,Returned,Next-Day,Mobile App,,1,,Better Price Found
2195731,762495,2025-03-02,Clothing,Winter Parka,2,58.41,5,110.98,24.99,6.94,142.91,,Delivered,Next-Day,Mobile App,FREESHIP,1,5.0,
1735489,321653,2025-03-02,Sports & Outdoors,Insulated Water Bottle,1,80.58,0,80.58,0.0,6.65,87.23,Credit Card,Delivered,Standard,Website,,7,3.0,
5895027,525803,2025-03-02,Clothing,Winter Parka,3,52.42,0,157.26,0.0,9.44,166.7,PayPal,Delivered,Standard,Marketplace,,7,,
7052140,557252,2025-03-02,Home & Kitchen,Cotton Bed Sheets,3,143.69,0,431.07,12.99,28.02,472.08,Credit Card,Cancelled,Express,Marketplace,,3,,
4504591,570241,2025-03-02,Pet Supplies,Pet Grooming Brush,4,66.32,0,265.28,0.0,15.92,281.2,Credit Card,Delivered,Standard,Website,,7,5.0,
1594049,914136,2025-03-02,Sports & Outdoors,Insulated Water Bottle,1,66.86,0,66.86,5.99,4.18,77.03,Debit Card,Delivered,Standard,Website,,7,,
4229118,903815,2025-03-02,Beauty & Personal Care,Electric Toothbrush,1,36.01,0,36.01,14.99,2.16,53.16,Debit Card,Returned,Express,Mobile App,,3,,Not as Described
3281597,501971,2025-03-03,Grocery,Dark Chocolate Bar,2,10.15,0,20.3,5.99,1.32,27.61,Credit Card,Cancelled,Standard,Website,,7,,
2765733,312879,2025-03-03,Books,Graphic Novel,3,14.14,10,38.18,5.99,2.39,46.56,Debit Card,Delivered,Standard,Mobile App,FLASH30,7,4.0,
9394117,615198,2025-03-03,Clothing,Summer Dress,2,180.0,0,360.0,0.0,29.7,389.7,Apple Pay,Delivered,Standard,Website,,7,4.0,
7631072,226229,2025-03-03,Home & Kitchen,Non-Stick Frying Pan,1,256.03,0,256.03,12.99,15.36,284.38,PayPal,Cancelled,Express,Website,,3,,
7897670,245011,2025-03-03,Books,Science Fiction Epic,7,14.17,0,99.19,12.99,15.87,128.05,PayPal,Delivered,Express,Website,,3,3.0,
4087401,821498,2025-03-03,Clothing,Winter Parka,2,40.54,0,81.08,24.99,10.54,116.61,Gift Card,Delivered,Next-Day,Marketplace,,1,5.0,
9476732,475091,2025-03-03,Home & Kitchen,Stand Mixer,2,80.78,0,161.56,12.99,9.69,184.24,Credit Card,Shipped,Express,Marketplace,,3,,
9862647,202299,2025-03-04,Home & Kitchen,Vacuum Cleaner,1,37.13,0,37.13,0.0,0.0,37.13,Credit Card,Delivered,Free Pickup,Mobile App,,0,,
9027947,908295,2025-03-04,Electronics,Portable Charger,2,294.12,0,588.24,12.99,35.29,636.52,Apple Pay,Delivered,Express,Marketplace,,3,3.0,
2908332,249457,2025-03-04,Home & Kitchen,Coffee Maker,2,204.09,0,408.18,0.0,24.49,432.67,Credit Card,Delivered,Free Pickup,Mobile App,,0,4.0,
5823076,631391,2025-03-04,Clothing,Wool Sweater,1,89.65,0,89.65,0.0,7.4,97.05,Credit Card,Cancelled,Free Pickup,Website,,0,,
2330190,127709,2025-03-04,Grocery,Protein Bar Box,1,10.44,0,10.44,14.99,1.67,27.1,Gift Card,Delivered,Express,Website,,3,5.0,
1948210,933359,2025-03-04,Home & Kitchen,LED Desk Lamp,1,174.51,0,174.51,0.0,10.47,184.98,,Delivered,Standard,Website,,7,4.0,
3000969,645104,2025-03-04,Electronics,4K Smart TV,4,214.35,0,857.4,12.99,53.59,923.98,Credit Card,Delivered,Express,Mobile App,,3,5.0,
3432540,386699,2025-03-04,Electronics,Laptop Stand,1,377.79,0,377.79,0.0,49.11,426.9,PayPal,Shipped,Standard,Marketplace,,7,,
5108461,937852,2025-03-04,Home & Kitchen,Cotton Bed Sheets,4,145.91,0,583.64,0.0,36.48,620.12,Credit Card,Delivered,Standard,Mobile App,,7,5.0,
3524947,540156,2025-03-05,Clothing,Winter Parka,1,37.06,0,37.06,14.99,0.0,52.05,PayPal,Delivered,Express,Website,,3,5.0,
6589969,823673,2025-03-05,Home & Kitchen,Air Fryer,1,82.46,0,82.46,0.0,0.0,82.46,PayPal,Returned,Free Pickup,Website,,0,,Changed Mind
2057169,841804,2025-03-05,Clothing,Running Shoes,1,19.7,0,19.7,5.99,1.23,26.92,Google Pay,Returned,Standard,Website,,7,,Not as Described
7036401,953629,2025-03-05,Grocery,Extra Virgin Olive Oil,1,9.44,0,9.44,14.99,0.59,25.02,Credit Card,Returned,Express,Mobile App,,3,,Changed Mind
2966568,330200,2025-03-05,Electronics,Mechanical Keyboard,2,153.94,0,307.88,0.0,25.4,333.28,Credit Card,Delivered,Free Pickup,Marketplace,,0,5.0,
9044528,823673,2025-03-05,Home & Kitchen,Ceramic Dinnerware Set,2,168.05,0,336.1,0.0,21.01,357.11,Apple Pay,Delivered,Standard,Website,,7,,
7796792,771645,2025-03-06,Books,Children's Picture Book,2,11.61,0,23.22,0.0,1.39,24.61,Credit Card,Delivered,Free Pickup,Website,,0,,
2134646,471106,2025-03-06,Home & Kitchen,Coffee Maker,3,87.16,0,261.48,0.0,21.57,283.05,Credit Card,Delivered,Standard,Website,,7,,
3391250,261232,2025-03-06,Clothing,Women's Yoga Pants,3,119.47,0,358.41,24.99,0.0,383.4,Credit Card,Returned,Next-Day,Website,,1,,Arrived Late
8479790,348817,2025-03-06,Sports & Outdoors,Adjustable Dumbbell Set,2,255.35,0,510.7,0.0,31.92,542.62,Credit Card,Delivered,Standard,Website,,7,3.0,
7671922,761074,2025-03-06,Electronics,Noise-Cancelling Headphones,3,429.45,0,1288.35,12.99,83.74,1385.08,Debit Card,Delivered,Express,Mobile App,,3,5.0,
8533605,660873,2025-03-06,Clothing,Women's Yoga Pants,2,27.85,10,50.13,27.99,3.01,81.13,Debit Card,Returned,Next-Day,Website,SAVE20,1,,Not as Described
6104347,374219,2025-03-06,Books,Historical Biography,3,17.06,0,51.18,5.99,3.07,60.24,Google Pay,Delivered,Standard,Website,,7,,
2747689,307037,2025-03-07,Clothing,Cotton T-Shirt,1,67.97,0,67.97,0.0,4.25,72.22,PayPal,Delivered,Free Pickup,Mobile App,,0,,
2487490,309225,2025-03-07,Sports & Outdoors,Insulated Water Bottle,2,46.56,0,93.12,0.0,5.59,98.71,PayPal,Shipped,Standard,Mobile App,,7,,
7285450,181380,2025-03-07,Clothing,Wool Sweater,3,69.17,0,207.51,0.0,12.45,219.96,Debit Card,Delivered,Standard,Website,,7,5.0,
4821827,476547,2025-03-07,Pet Supplies,Cat Litter Box,1,112.67,0,112.67,12.99,7.04,132.7,Debit Card,Delivered,Express,Website,,3,,
8661657,792986,2025-03-07,Pet Supplies,Pet Food Bowl Set,5,12.11,0,60.55,14.99,4.84,80.38,PayPal,Delivered,Express,Website,,3,4.0,
4105783,315385,2025-03-07,Home & Kitchen,Non-Stick Frying Pan,1,92.48,0,92.48,12.99,5.78,111.25,Credit Card,Delivered,Express,Website,,3,4.0,
8361537,196023,2025-03-07,Clothing,Winter Parka,1,33.98,0,33.98,14.99,2.12,51.09,Credit Card,Delivered,Express,Website,,3,3.0,
4139692,787199,2025-03-07,Sports & Outdoors,Fitness Tracker Watch,1,84.5,0,84.5,0.0,16.9,101.4,Credit Card,Cancelled,Standard,Website,,7,,
9623916,441378,2025-03-08,Office Supplies,Ballpoint Pen Pack,4,115.12,0,460.48,0.0,27.63,488.11,Apple Pay,Delivered,Free Pickup,Marketplace,,0,,
3257144,529534,2025-03-08,Grocery,Green Tea Bags,3,40.34,0,121.02,0.0,7.56,128.58,Debit Card,Delivered,Standard,Website,,7,4.0,
2357985,564162,2025-03-08,Home & Kitchen,Air Fryer,1,328.11,0,328.11,0.0,20.51,348.62,Debit Card,Delivered,Standard,Website,,7,4.0,
2547247,198172,2025-03-08,Home & Kitchen,Ceramic Dinnerware Set,1,66.48,5,63.16,14.99,3.95,82.1,Debit Card,Cancelled,Express,Mobile App,VIP15,3,,
2590695,670693,2025-03-08,Electronics,Wireless Mouse,1,515.07,20,412.06,12.99,33.99,459.04,Debit Card,Delivered,Express,Marketplace,WELCOME10,3,4.0,
5570999,600859,2025-03-09,Clothing,Rain Jacket,4,154.98,0,619.92,0.0,37.2,657.12,Debit Card,Delivered,Free Pickup,Website,,0,4.0,
8680200,712536,2025-03-09,Books,Cookbook: Weeknight Dinners,1,9.65,0,9.65,14.99,0.63,25.27,Credit Card,Delivered,Express,Website,,3,,
2573025,672388,2025-03-09,Electronics,Portable Charger,1,324.59,0,324.59,0.0,20.29,344.88,Debit Card,Delivered,Standard,Website,,7,3.0,
3163936,841804,2025-03-09,Home & Kitchen,Vacuum Cleaner,3,262.76,0,788.28,0.0,49.27,837.55,PayPal,Delivered,Standard,Website,,7,4.0,
9052937,969091,2025-03-09,Sports & Outdoors,Yoga Mat,3,70.96,5,202.24,24.99,0.0,227.23,Credit Card,Delivered,Next-Day,Mobile App,VIP15,1,,
7992673,827168,2025-03-09,Sports & Outdoors,Camping Tent,1,214.42,0,214.42,24.99,13.4,252.81,PayPal,Returned,Next-Day,Website,,1,,Better Price Found
2842269,863406,2025-03-10,Clothing,Baseball Cap,3,53.07,0,159.21,12.99,15.92,188.12,Debit Card,Delivered,Express,Marketplace,,3,5.0,
7512276,122359,2025-03-10,Pet Supplies,Bird Cage,1,94.61,15,80.42,12.99,16.08,109.49,Google Pay,Delivered,Express,Website,FREESHIP,3,,
7699304,468940,2025-03-10,Clothing,Rain Jacket,1,42.93,0,42.93,5.99,3.54,52.46,Credit Card,Delivered,Standard,Website,,7,,
4887766,163173,2025-03-11,Sports & Outdoors,Resistance Bands Set,1,49.16,0,49.16,5.99,9.83,64.98,Debit Card,Delivered,Standard,Mobile App,,7,,
8511213,312879,2025-03-11,Home & Kitchen,Stand Mixer,1,64.51,0,64.51,27.99,5.32,97.82,Credit Card,Delivered,Next-Day,Mobile App,,1,5.0,
7628271,756766,2025-03-11,Sports & Outdoors,Fitness Tracker Watch,1,68.71,0,68.71,0.0,4.12,72.83,PayPal,Delivered,Free Pickup,Mobile App,,0,4.0,
4348680,522163,2025-03-12,Clothing,Summer Dress,5,41.73,0,208.65,0.0,17.21,225.86,Debit Card,Delivered,Standard,Mobile App,,7,4.0,
7997789,837858,2025-03-12,Beauty & Personal Care,Electric Toothbrush,1,15.79,0,15.79,5.99,0.95,22.73,Google Pay,Delivered,Standard,Website,,7,5.0,
6615253,703529,2025-03-12,Clothing,Rain Jacket,1,34.4,0,34.4,5.99,2.75,43.14,Apple Pay,Delivered,Standard,Mobile App,,7,5.0,
5826620,323441,2025-03-12,Clothing,Cotton T-Shirt,5,36.33,0,181.65,12.99,14.99,209.63,Credit Card,Delivered,Express,Website,,3,5.0,
8350685,157373,2025-03-12,Sports & Outdoors,Fishing Rod,1,69.11,0,69.11,5.99,11.06,86.16,Apple Pay,Delivered,Standard,Website,,7,4.0,
3034698,182540,2025-03-12,Pet Supplies,Cat Litter Box,1,30.88,0,30.88,27.99,1.85,60.72,PayPal,Delivered,Next-Day,Mobile App,,1,5.0,
9409379,750176,2025-03-12,Electronics,Smartphone Case,2,549.88,0,1099.76,0.0,65.99,1165.75,Gift Card,Delivered,Standard,Website,,7,,
4383212,659264,2025-03-12,Beauty & Personal Care,Makeup Palette,1,19.73,0,19.73,5.99,3.95,29.67,Apple Pay,Delivered,Standard,Marketplace,,7,4.0,
6577165,542798,2025-03-12,Toys & Games,Doll House,1,19.45,0,19.45,5.99,1.17,26.61,Debit Card,Delivered,Standard,Mobile App,,7,3.0,
7750863,239673,2025-03-13,Beauty & Personal Care,Sunscreen SPF50,1,8.04,0,8.04,14.99,0.48,23.51,Credit Card,Delivered,Express,Website,,3,4.0,
3637173,850003,2025-03-13,Clothing,Rain Jacket,4,77.9,0,311.6,24.99,19.48,356.07,Credit Card,Delivered,Next-Day,Marketplace,,1,5.0,
1276044,631391,2025-03-13,Beauty & Personal Care,Electric Toothbrush,1,25.39,10,22.85,0.0,1.37,24.22,Apple Pay,Cancelled,Free Pickup,Website,FLASH30,0,,
6675835,971812,2025-03-13,Beauty & Personal Care,Electric Razor,2,26.36,0,52.72,5.99,10.54,69.25,Credit Card,Shipped,Standard,Website,,7,,
2046483,321653,2025-03-13,Clothing,Winter Parka,1,81.01,0,81.01,0.0,5.06,86.07,Apple Pay,Returned,Standard,Mobile App,,7,,Wrong Size
4933102,513724,2025-03-13,Clothing,Women's Yoga Pants,3,64.3,0,192.9,12.99,25.08,230.97,PayPal,Delivered,Express,Website,,3,5.0,
4226900,383787,2025-03-14,Office Supplies,Label Maker,7,108.05,0,756.35,12.99,45.38,814.72,Credit Card,Delivered,Express,Website,,3,4.0,
7629764,815371,2025-03-14,Clothing,Winter Parka,3,29.35,0,88.05,0.0,5.28,93.33,PayPal,Delivered,Standard,Mobile App,,7,5.0,
7971149,850003,2025-03-14,Home & Kitchen,Memory Foam Pillow,3,169.14,0,507.42,24.99,96.41,628.82,Credit Card,Delivered,Next-Day,Website,,1,5.0,
4814936,992497,2025-03-14,Beauty & Personal Care,Shampoo & Conditioner Set,1,53.57,0,53.57,5.99,6.96,66.52,Credit Card,Shipped,Standard,Website,,7,,
5551110,265163,2025-03-15,Books,Graphic Novel,1,23.54,0,23.54,14.99,1.47,40.0,PayPal,Delivered,Express,Website,,3,4.0,
2576585,177611,2025-03-15,Toys & Games,Educational STEM Kit,4,31.86,15,108.32,0.0,8.94,117.26,Debit Card,Delivered,Standard,Website,HOLIDAY25,7,,
4333503,549826,2025-03-15,Beauty & Personal Care,Hair Dryer,2,21.69,0,43.38,27.99,8.68,80.05,Google Pay,Delivered,Next-Day,Marketplace,,1,,
8983426,738836,2025-03-15,Electronics,Smartphone Case,1,608.21,0,608.21,24.99,39.53,672.73,PayPal,Cancelled,Next-Day,Mobile App,,1,,
1379641,411928,2025-03-15,Office Supplies,Printer Paper Ream,1,79.17,0,79.17,0.0,4.95,84.12,PayPal,Delivered,Standard,Website,,7,3.0,
4433816,688461,2025-03-15,Pet Supplies,Cat Scratching Post,2,17.99,0,35.98,0.0,0.0,35.98,Debit Card,Delivered,,Marketplace,,0,4.0,
3747654,341690,2025-03-15,Sports & Outdoors,Basketball,1,96.44,0,96.44,12.99,15.43,124.86,Credit Card,Delivered,Express,Mobile App,,3,5.0,
7167171,571156,2025-03-16,Office Supplies,Desk Organizer,5,69.64,0,348.2,12.99,21.76,382.95,Google Pay,Delivered,Express,Mobile App,,3,4.0,
1357429,942283,2025-03-16,Clothing,Running Shoes,1,89.81,0,89.81,0.0,5.39,95.2,Gift Card,Delivered,Standard,Website,,7,,
8621725,543559,2025-03-16,Home & Kitchen,Ceramic Dinnerware Set,2,104.65,0,209.3,24.99,0.0,234.29,PayPal,Returned,Next-Day,Website,,1,,Not as Described
7190801,774402,2025-03-17,Toys & Games,Card Game Deck,5,39.63,25,148.61,0.0,12.26,160.87,Google Pay,Delivered,Standard,Mobile App,SAVE20,7,5.0,
6801669,525803,2025-03-17,Sports & Outdoors,Fitness Tracker Watch,1,155.74,0,155.74,0.0,15.57,171.31,Credit Card,Delivered,Standard,Website,,7,4.0,
3381187,304008,2025-03-17,Home & Kitchen,Ceramic Dinnerware Set,3,92.13,0,276.39,0.0,55.28,331.67,Credit Card,Cancelled,Standard,Website,,7,,
5712170,889948,2025-03-17,Home & Kitchen,Vacuum Cleaner,2,96.03,10,172.85,24.99,10.8,208.64,Debit Card,Delivered,Next-Day,Marketplace,VIP15,1,4.0,
2114105,206604,2025-03-17,Clothing,Baseball Cap,2,116.57,0,233.14,0.0,0.0,233.14,Credit Card,Delivered,Standard,Website,,7,,
8674749,424619,2025-03-18,Electronics,Wireless Mouse,2,241.76,0,483.52,12.99,30.22,526.73,Debit Card,Delivered,Express,Mobile App,,3,5.0,
5499855,265163,2025-03-18,Books,Graphic Novel,2,7.99,5,15.18,14.99,2.43,32.6,Apple Pay,Delivered,Express,Website,SAVE20,3,,
3742407,867333,2025-03-18,Beauty & Personal Care,Electric Toothbrush,2,19.49,0,38.98,5.99,2.34,47.31,Credit Card,Delivered,Standard,Mobile App,,7,5.0,
8311537,764258,2025-03-18,Sports & Outdoors,Fitness Tracker Watch,2,54.44,0,108.88,0.0,6.8,115.68,Credit Card,Delivered,Free Pickup,Website,,0,5.0,
6860115,946473,2025-03-18,Toys & Games,Plush Teddy Bear,4,55.09,15,187.31,12.99,11.24,211.54,PayPal,Delivered,Express,Website,SUMMER10,3,5.0,
7990911,210406,2025-03-19,Toys & Games,Action Figure,2,50.74,0,101.48,0.0,0.0,101.48,Google Pay,Delivered,Standard,Website,,7,4.0,
1471255,670693,2025-03-19,Books,Graphic Novel,2,38.94,0,77.88,0.0,10.12,88.0,Gift Card,Delivered,Free Pickup,Website,,0,4.0,
6889361,177411,2025-03-19,Electronics,Mechanical Keyboard,1,235.59,0,235.59,0.0,37.69,273.28,Debit Card,Delivered,Standard,Mobile App,,7,5.0,
7619499,985541,2025-03-19,Sports & Outdoors,Hiking Backpack,2,139.71,0,279.42,12.99,16.77,309.18,PayPal,Delivered,Express,Website,,3,,
5078492,717194,2025-03-19,Home & Kitchen,Memory Foam Pillow,1,120.41,0,120.41,12.99,7.22,140.62,PayPal,Delivered,Express,Website,,3,5.0,
3805976,516216,2025-03-19,Beauty & Personal Care,Electric Toothbrush,1,23.43,0,23.43,14.99,1.41,39.83,Credit Card,Cancelled,Express,Website,,3,,
2324328,392938,2025-03-19,Electronics,Wireless Earbuds,1,425.42,0,425.42,24.99,55.3,505.71,Credit Card,Delivered,Next-Day,Website,,1,5.0,
8715750,494006,2025-03-19,Clothing,Rain Jacket,1,44.76,0,44.76,5.99,2.91,53.66,Debit Card,Delivered,Standard,Website,,7,5.0,
3710000,312650,2025-03-19,Office Supplies,Label Maker,1,126.8,10,114.12,0.0,6.85,120.97,Gift Card,Delivered,Standard,Mobile App,HOLIDAY25,7,5.0,
6519042,912018,2025-03-20,Beauty & Personal Care,Electric Toothbrush,1,45.78,5,43.49,14.99,2.61,61.09,Apple Pay,Delivered,Express,Mobile App,FLASH30,3,,
1894541,185715,2025-03-20,Home & Kitchen,Coffee Maker,2,61.73,20,98.77,0.0,5.93,104.7,Debit Card,Delivered,Standard,Mobile App,WELCOME10,7,3.0,
3154645,433068,2025-03-20,Toys & Games,Educational STEM Kit,3,9.12,0,27.36,0.0,2.19,29.55,Apple Pay,Delivered,Free Pickup,Website,,0,4.0,
3956163,539453,2025-03-20,Sports & Outdoors,Resistance Bands Set,1,107.54,0,107.54,0.0,6.72,114.26,Credit Card,Delivered,Standard,Mobile App,,7,5.0,
9376205,927842,2025-03-20,Clothing,Summer Dress,2,64.68,0,129.36,0.0,8.09,137.45,Credit Card,Delivered,Standard,Website,,7,,
9731725,914384,2025-03-20,Electronics,Noise-Cancelling Headphones,1,991.62,0,991.62,0.0,198.32,1189.94,Credit Card,Cancelled,Standard,Marketplace,,7,,
4542773,867333,2025-03-21,Electronics,Portable Charger,1,228.77,30,160.14,24.99,10.01,195.14,,Delivered,Next-Day,Marketplace,SUMMER10,1,,
7724788,557252,2025-03-21,Sports & Outdoors,Hiking Backpack,1,27.55,0,27.55,5.99,1.65,35.19,Credit Card,Delivered,Standard,Mobile App,,7,,
7782746,468940,2025-03-21,Home & Kitchen,Air Fryer,2,75.93,0,151.86,24.99,19.74,196.59,Gift Card,Cancelled,Next-Day,Website,,1,,
3488428,157373,2025-03-21,Clothing,Rain Jacket,1,38.21,5,36.3,5.99,2.27,44.56,PayPal,Delivered,Standard,Mobile App,FLASH30,7,,
4443703,175901,2025-03-21,Sports & Outdoors,Resistance Bands Set,1,42.34,0,42.34,14.99,2.65,59.98,Debit Card,Delivered,Express,Website,,3,,
4227801,488554,2025-03-22,Books,Poetry Collection,1,25.45,0,25.45,27.99,2.04,55.48,Google Pay,Cancelled,Next-Day,Website,,1,,
2428848,281969,2025-03-22,Grocery,Protein Bar Box,3,31.51,0,94.53,0.0,5.91,100.44,Debit Card,Delivered,Standard,Marketplace,,7,5.0,
3920000,488082,2025-03-22,Home & Kitchen,Memory Foam Pillow,1,212.71,0,212.71,12.99,27.65,253.35,PayPal,Returned,Express,Mobile App,,3,,Changed Mind
9714694,543559,2025-03-22,Clothing,Running Shoes,2,49.5,0,99.0,0.0,6.19,105.19,Credit Card,Delivered,Standard,Website,,7,3.0,
2691209,196023,2025-03-22,Clothing,Cotton T-Shirt,2,57.67,0,115.34,0.0,14.99,130.33,Debit Card,Delivered,Standard,Website,,7,5.0,
9188872,926740,2025-03-23,Electronics,Bluetooth Speaker,2,100.32,0,200.64,0.0,12.04,212.68,Debit Card,Delivered,Standard,Website,,7,,
2755186,782085,2025-03-23,Home & Kitchen,Stand Mixer,3,105.58,0,316.74,12.99,19.8,349.53,Debit Card,Delivered,Express,Website,,3,5.0,
5263867,726119,2025-03-23,Home & Kitchen,Cutlery Set,1,157.54,0,157.54,12.99,9.85,180.38,Apple Pay,Delivered,Express,Website,,3,4.0,
9782417,379153,2025-03-23,Books,Mystery Novel,2,15.48,5,29.41,14.99,2.94,47.34,Apple Pay,Shipped,Express,Mobile App,FREESHIP,3,,
9569647,942551,2025-03-23,Electronics,Mechanical Keyboard,1,171.82,0,171.82,12.99,10.31,195.12,Credit Card,Processing,Express,Website,,3,,
1245967,112534,2025-03-23,Electronics,Wireless Earbuds,3,172.92,10,466.88,0.0,38.52,505.4,Debit Card,Delivered,Standard,Website,SUMMER10,7,,
8259490,843122,2025-03-23,Clothing,Running Shoes,5,54.43,20,217.72,0.0,28.3,246.02,Debit Card,Delivered,Standard,Marketplace,HOLIDAY25,7,,
1313556,619405,2025-03-23,Sports & Outdoors,Fitness Tracker Watch,1,211.28,10,190.15,12.99,15.21,218.35,Apple Pay,Delivered,Express,Website,FLASH30,3,,
1205363,771048,2025-03-23,Electronics,Portable Charger,2,67.95,0,135.9,0.0,8.49,144.39,Credit Card,Delivered,Standard,Mobile App,,7,4.0,
9052585,404777,2025-03-24,Toys & Games,Plush Teddy Bear,3,12.22,0,36.66,5.99,3.02,45.67,Gift Card,Delivered,Standard,Website,,7,4.0,
2803555,119888,2025-03-24,Books,Graphic Novel,2,25.77,0,51.54,5.99,3.22,60.75,PayPal,Shipped,Standard,Website,,7,,
6703886,807527,2025-03-24,Grocery,Protein Bar Box,3,11.13,0,33.39,14.99,2.75,51.13,Credit Card,Cancelled,Express,Mobile App,,3,,
6237745,972701,2025-03-24,Toys & Games,Doll House,1,37.79,0,37.79,5.99,2.36,46.14,PayPal,Returned,Standard,Website,,7,,Wrong Size
7947328,729750,2025-03-24,Electronics,Smartphone Case,1,313.36,0,313.36,12.99,18.8,345.15,Debit Card,Delivered,Express,Mobile App,,3,5.0,
8081537,891113,2025-03-24,Electronics,4K Smart TV,1,219.84,20,175.87,12.99,14.51,203.37,Credit Card,Delivered,Express,Marketplace,SAVE20,3,4.0,
5244471,562598,2025-03-24,Electronics,Wireless Mouse,2,624.37,0,1248.74,12.99,162.34,1424.07,PayPal,Delivered,Express,Mobile App,,3,2.0,
7295964,630731,2025-03-25,Office Supplies,Stapler,5,28.73,0,143.65,0.0,8.98,152.63,PayPal,Delivered,Standard,Website,,7,,
1628967,273715,2025-03-25,Books,Graphic Novel,1,21.49,0,21.49,5.99,1.34,28.82,Debit Card,Delivered,Standard,Mobile App,,7,,
1079533,441755,2025-03-25,Home & Kitchen,Cutlery Set,1,248.11,20,198.49,0.0,11.91,210.4,Apple Pay,Delivered,Standard,Website,WELCOME10,7,4.0,
7414228,343810,2025-03-25,Grocery,Honey Jar,10,6.0,0,60.0,5.99,3.6,69.59,Credit Card,Delivered,Standard,Website,,7,4.0,
7294178,429617,2025-03-25,Office Supplies,Stapler,1,214.81,0,214.81,0.0,34.37,249.18,Credit Card,Delivered,Standard,Marketplace,,7,1.0,
9920275,522293,2025-03-25,Books,Mystery Novel,4,31.09,20,99.49,0.0,6.22,105.71,Credit Card,Delivered,Standard,Marketplace,HOLIDAY25,7,4.0,
3239213,400584,2025-03-25,Clothing,Wool Sweater,1,98.29,0,98.29,0.0,7.86,106.15,Credit Card,Delivered,Standard,Website,,7,,
9312593,502006,2025-03-25,Electronics,Bluetooth Speaker,1,440.66,5,418.63,0.0,34.54,453.17,Debit Card,Delivered,Standard,Mobile App,SUMMER10,7,5.0,
3360074,573309,2025-03-25,Beauty & Personal Care,Facial Moisturizer,1,22.54,20,18.03,0.0,3.43,21.46,Debit Card,Delivered,Free Pickup,Website,SUMMER10,0,5.0,
1292455,673226,2025-03-25,Clothing,Rain Jacket,3,41.17,0,123.51,0.0,9.88,133.39,Debit Card,Delivered,Standard,Mobile App,,7,,
7333217,924384,2025-03-25,Books,Cookbook: Weeknight Dinners,2,13.71,0,27.42,14.99,1.65,44.06,Credit Card,Delivered,Express,Website,,3,4.0,
2351414,870294,2025-03-26,Electronics,Noise-Cancelling Headphones,2,273.92,0,547.84,0.0,45.2,593.04,PayPal,Delivered,Standard,Marketplace,,7,,
6581606,549826,2025-03-26,Books,Children's Picture Book,2,11.49,0,22.98,5.99,1.9,30.87,Apple Pay,Delivered,Standard,Marketplace,,7,,
5300621,205361,2025-03-26,Books,Children's Picture Book,3,23.6,30,49.56,14.99,6.44,70.99,Credit Card,Delivered,Express,Marketplace,SAVE20,3,,
8185671,138111,2025-03-27,Electronics,Portable Charger,2,441.72,10,795.1,24.99,159.02,979.11,Credit Card,Delivered,Next-Day,Mobile App,FLASH30,1,,
3507346,411928,2025-03-27,Home & Kitchen,Air Fryer,5,94.75,30,331.62,0.0,20.73,352.35,Apple Pay,Delivered,Free Pickup,Marketplace,HOLIDAY25,0,5.0,
5851381,831938,2025-03-27,Pet Supplies,Bird Cage,2,71.68,0,143.36,12.99,8.6,164.95,Debit Card,Delivered,Express,Website,,3,,
9413298,545658,2025-03-27,Toys & Games,Remote Control Car,4,25.5,0,102.0,12.99,8.42,123.41,Debit Card,Delivered,Express,Website,,3,,
2015091,671138,2025-03-27,Beauty & Personal Care,Skincare Gift Set,2,10.37,0,20.74,5.99,1.3,28.03,Apple Pay,Returned,Standard,Mobile App,,7,,Changed Mind
8224078,773540,2025-03-27,Sports & Outdoors,Insulated Water Bottle,1,37.22,0,37.22,5.99,2.23,45.44,Credit Card,Cancelled,Standard,Mobile App,,7,,
1720216,557252,2025-03-27,Grocery,Organic Coffee Beans,1,21.98,5,20.88,5.99,1.67,28.54,Credit Card,Delivered,Standard,Website,WELCOME10,7,,
8649614,619405,2025-03-27,Office Supplies,Ergonomic Office Chair,1,19.66,25,14.74,5.99,0.88,21.61,Debit Card,Delivered,Standard,Website,HOLIDAY25,7,5.0,
1245219,248547,2025-03-28,Home & Kitchen,Air Fryer,1,64.72,15,55.01,5.99,5.5,66.5,Credit Card,Delivered,Standard,Website,SAVE20,7,2.0,
1751468,999753,2025-03-28,Sports & Outdoors,Camping Tent,1,61.23,0,61.23,27.99,3.67,92.89,Credit Card,Delivered,Next-Day,Website,,1,,
2464334,600859,2025-03-28,Toys & Games,Doll House,2,14.12,0,28.24,0.0,3.67,31.91,PayPal,Delivered,Free Pickup,Website,,0,3.0,
8381095,359971,2025-03-28,Sports & Outdoors,Camping Tent,1,45.0,0,45.0,27.99,3.71,76.7,PayPal,Delivered,Next-Day,Mobile App,,1,3.0,
5611288,814732,2025-03-28,Electronics,Wireless Earbuds,4,265.05,0,1060.2,0.0,137.83,1198.03,PayPal,Delivered,Standard,Mobile App,,7,,
8821398,666744,2025-03-29,Grocery,Organic Coffee Beans,1,14.98,0,14.98,5.99,0.9,21.87,PayPal,Delivered,Standard,Mobile App,,7,,
3069482,379104,2025-03-29,Clothing,Women's Yoga Pants,2,34.11,10,61.4,5.99,3.68,71.07,Debit Card,Cancelled,Standard,Website,SAVE20,7,,
8077697,853073,2025-03-29,Home & Kitchen,Cutlery Set,2,150.02,0,300.04,0.0,18.0,318.04,Apple Pay,Delivered,Standard,Website,,7,3.0,
6411664,639465,2025-03-29,Clothing,Wool Sweater,3,37.94,0,113.82,0.0,7.11,120.93,Credit Card,Delivered,Free Pickup,Website,,0,,
4716361,122576,2025-03-29,Home & Kitchen,Stand Mixer,2,51.0,0,102.0,0.0,6.12,108.12,PayPal,Delivered,Standard,Mobile App,,7,4.0,
6378146,486138,2025-03-29,Electronics,Streaming Media Player,1,455.25,0,455.25,0.0,0.0,455.25,Debit Card,Delivered,Standard,Marketplace,,7,4.0,
9936799,696461,2025-03-29,Grocery,Dark Chocolate Bar,5,23.67,0,118.35,0.0,7.4,125.75,PayPal,Delivered,Free Pickup,Website,,0,4.0,
2626840,954194,2025-03-29,Books,Science Fiction Epic,3,21.84,0,65.52,27.99,5.24,98.75,Gift Card,Cancelled,Next-Day,Mobile App,,1,,
5286805,352288,2025-03-29,Grocery,Granola Cereal,5,4.35,0,21.75,5.99,4.35,32.09,Google Pay,Delivered,Standard,Mobile App,,7,,
1915808,554597,2025-03-29,Sports & Outdoors,Fishing Rod,1,202.68,30,141.88,12.99,8.51,163.38,Credit Card,Delivered,Express,Mobile App,HOLIDAY25,3,,
9964639,550528,2025-03-29,Pet Supplies,Dog Chew Toy,3,44.73,0,134.19,0.0,8.39,142.58,,Cancelled,Standard,Website,,7,,
3954716,465408,2025-03-29,Sports & Outdoors,Hiking Backpack,1,93.59,25,70.19,0.0,4.21,74.4,PayPal,Delivered,Free Pickup,Mobile App,VIP15,0,,
2642379,321653,2025-03-29,Books,Personal Finance 101,1,11.08,0,11.08,27.99,1.44,40.51,Debit Card,Returned,Next-Day,Website,,1,,Better Price Found
5383093,594225,2025-03-29,Beauty & Personal Care,Skincare Gift Set,1,16.59,0,16.59,14.99,1.37,32.95,Credit Card,Returned,Express,Website,,3,,Not as Described
1509139,756541,2025-03-30,Home & Kitchen,Coffee Maker,2,176.48,0,352.96,0.0,22.06,375.02,PayPal,Delivered,Standard,Mobile App,,7,4.0,
3434731,486138,2025-03-30,Pet Supplies,Dog Bed,1,26.14,0,26.14,5.99,1.57,33.7,Apple Pay,Returned,Standard,Website,,7,,Defective Item
2727993,385214,2025-03-30,Clothing,Baseball Cap,4,111.58,0,446.32,0.0,35.71,482.03,Debit Card,Delivered,Standard,Website,,7,4.0,
3166137,543559,2025-03-30,Electronics,Wireless Earbuds,1,210.82,0,210.82,0.0,16.87,227.69,Apple Pay,Delivered,Standard,Website,,7,4.0,
4426423,622523,2025-03-30,Clothing,Men's Denim Jacket,1,21.25,0,21.25,5.99,1.33,28.57,Credit Card,Delivered,Standard,Website,,7,,
5234853,181067,2025-03-30,Electronics,Noise-Cancelling Headphones,2,398.17,0,796.34,24.99,65.7,887.03,Apple Pay,Delivered,Next-Day,Website,,1,4.0,
4019215,429344,2025-03-30,Electronics,4K Smart TV,1,154.45,0,154.45,0.0,9.27,163.72,Credit Card,Delivered,Standard,Marketplace,,7,2.0,
5994527,348817,2025-03-30,Clothing,Wool Sweater,3,128.56,10,347.11,0.0,20.83,367.94,Debit Card,Delivered,Standard,Website,HOLIDAY25,7,4.0,
8073275,547541,2025-03-30,Sports & Outdoors,Adjustable Dumbbell Set,2,110.26,0,220.52,12.99,13.23,246.74,Credit Card,Returned,Express,Website,,3,,Better Price Found
8620545,208190,2025-03-30,Clothing,Baseball Cap,1,67.7,0,67.7,14.99,4.06,86.75,Apple Pay,Delivered,Express,Mobile App,,3,3.0,
9471734,527649,2025-03-30,Clothing,Winter Parka,2,14.02,25,21.03,0.0,1.68,22.71,Credit Card,Delivered,Free Pickup,Mobile App,VIP15,0,5.0,
5903040,865292,2025-03-31,Sports & Outdoors,Fitness Tracker Watch,2,108.55,0,217.1,0.0,13.57,230.67,Apple Pay,Cancelled,Standard,Website,,7,,
7370096,971490,2025-03-31,Clothing,Baseball Cap,4,70.86,0,283.44,24.99,17.01,325.44,Debit Card,Delivered,Next-Day,Marketplace,,1,,
2564483,942045,2025-03-31,Electronics,Mechanical Keyboard,1,471.49,0,471.49,12.99,61.29,545.77,Credit Card,Delivered,Express,Marketplace,,3,,
8287867,696858,2025-03-31,Books,Fantasy Trilogy Box Set,3,20.69,0,62.07,5.99,3.88,71.94,Credit Card,Returned,Standard,Marketplace,,7,,Wrong Size
8388490,388393,2025-03-31,Sports & Outdoors,Basketball,2,110.38,0,220.76,12.99,35.32,269.07,Apple Pay,Delivered,Express,Website,,3,,
1003900,748905,2025-03-31,Home & Kitchen,Memory Foam Pillow,1,109.21,0,109.21,0.0,6.55,115.76,Credit Card,Returned,Free Pickup,Mobile App,,0,,Better Price Found
7889866,205361,2025-03-31,Electronics,Streaming Media Player,1,582.78,0,582.78,0.0,75.76,658.54,Debit Card,Delivered,Standard,Mobile App,,7,,
8115428,436577,2025-04-01,Clothing,Wool Sweater,5,36.34,10,163.53,0.0,26.16,189.69,Credit Card,Delivered,Standard,Website,SAVE20,7,5.0,
9685239,673226,2025-04-01,Books,Children's Picture Book,2,23.37,0,46.74,27.99,2.8,77.53,PayPal,Returned,Next-Day,Website,,1,,Arrived Late
8862654,468940,2025-04-01,Sports & Outdoors,Hiking Backpack,1,74.67,0,74.67,5.99,14.93,95.59,Credit Card,Cancelled,Standard,Mobile App,,7,,
3197989,242120,2025-04-01,Toys & Games,Outdoor Water Blaster,3,44.61,0,133.83,0.0,26.77,160.6,Debit Card,Returned,Standard,Website,,7,,Changed Mind
6692822,819092,2025-04-01,Electronics,Streaming Media Player,1,265.45,0,265.45,12.99,42.47,320.91,Credit Card,Delivered,Express,Mobile App,,3,5.0,
8312255,714776,2025-04-01,Clothing,Slim Fit Jeans,1,39.86,10,35.87,5.99,2.24,44.1,Debit Card,Delivered,Standard,Website,FLASH30,7,5.0,
9445146,470612,2025-04-01,Clothing,Women's Yoga Pants,2,123.44,0,246.88,24.99,49.38,321.25,Debit Card,Delivered,Next-Day,Mobile App,,1,5.0,
7291607,867333,2025-04-01,Beauty & Personal Care,Hair Dryer,2,5.78,10,10.4,14.99,0.62,26.01,Credit Card,Cancelled,Express,Mobile App,WELCOME10,3,,
4484836,515463,2025-04-02,Beauty & Personal Care,Sunscreen SPF50,3,12.49,0,37.47,5.99,2.25,45.71,Credit Card,Delivered,Standard,Marketplace,,7,4.0,
5387005,918349,2025-04-02,Grocery,Honey Jar,4,16.29,0,65.16,14.99,3.91,84.06,Debit Card,Returned,Express,Mobile App,,3,,Defective Item
3154587,122359,2025-04-02,Grocery,Organic Coffee Beans,2,7.46,0,14.92,5.99,0.9,21.81,Credit Card,Delivered,Standard,Website,,7,,
1528556,527694,2025-04-02,Clothing,Wool Sweater,4,102.12,0,408.48,12.99,53.1,474.57,PayPal,Delivered,Express,Website,,3,5.0,
1366347,865643,2025-04-02,Grocery,Granola Cereal,1,21.99,0,21.99,5.99,1.32,29.3,Apple Pay,Delivered,Standard,Website,,7,,
1906248,175936,2025-04-02,Electronics,Streaming Media Player,1,256.08,0,256.08,0.0,16.65,272.73,Google Pay,Delivered,Standard,Website,,7,,
1745366,282050,2025-04-02,Clothing,Running Shoes,4,162.41,25,487.23,12.99,38.98,539.2,Credit Card,Delivered,Express,Website,HOLIDAY25,3,4.0,
6411036,901144,2025-04-03,Electronics,Portable Charger,1,258.29,0,258.29,12.99,16.14,287.42,Credit Card,Delivered,Express,Mobile App,,3,4.0,
6377548,636916,2025-04-03,Electronics,Mechanical Keyboard,2,378.32,0,756.64,0.0,62.42,819.06,PayPal,Delivered,Standard,Website,,7,,
4750569,202299,2025-04-03,Beauty & Personal Care,Shampoo & Conditioner Set,2,15.8,0,31.6,5.99,1.9,39.49,Credit Card,Delivered,Standard,Marketplace,,7,5.0,
4982232,642033,2025-04-04,Electronics,Mechanical Keyboard,2,99.65,30,139.51,12.99,8.37,160.87,Credit Card,Delivered,Express,Website,SUMMER10,3,2.0,
4491725,528196,2025-04-04,Beauty & Personal Care,Makeup Palette,3,49.8,0,149.4,12.99,8.96,171.35,Google Pay,Delivered,Express,Marketplace,,3,,
3379168,467924,2025-04-04,Grocery,Mixed Nuts Pack,2,21.19,0,42.38,14.99,2.54,59.91,PayPal,Delivered,Express,Website,,3,4.0,
2770352,359971,2025-04-04,Beauty & Personal Care,Vitamin C Serum,2,40.57,0,81.14,0.0,5.07,86.21,Google Pay,Delivered,Standard,Website,,7,3.0,
5155535,476035,2025-04-05,Books,Children's Picture Book,2,26.76,0,53.52,5.99,3.34,62.85,Credit Card,Delivered,Standard,Website,,7,3.0,
2595604,745022,2025-04-05,Books,Self-Help Guide,3,14.62,0,43.86,5.99,2.74,52.59,Credit Card,Returned,Standard,Marketplace,,7,,Arrived Late
7573798,798962,2025-04-05,Clothing,Baseball Cap,1,13.48,0,13.48,14.99,0.81,29.28,Google Pay,Delivered,Express,Website,,3,5.0,
5501582,799804,2025-04-05,Electronics,Streaming Media Player,2,135.6,0,271.2,0.0,16.95,288.15,PayPal,Delivered,Free Pickup,Mobile App,,0,5.0,
5534278,619405,2025-04-05,Clothing,Wool Sweater,3,50.38,0,151.14,12.99,12.47,176.6,PayPal,Delivered,Express,Mobile App,,3,,
2179619,666211,2025-04-05,Home & Kitchen,Memory Foam Pillow,2,72.36,0,144.72,0.0,8.68,153.4,Debit Card,Delivered,Standard,Mobile App,,7,,
9796934,667890,2025-04-05,Clothing,Summer Dress,1,15.58,0,15.58,5.99,0.97,22.54,Credit Card,Delivered,Standard,Website,,7,3.0,
1213852,620174,2025-04-06,Sports & Outdoors,Basketball,1,47.36,0,47.36,14.99,3.91,66.26,Debit Card,Returned,Express,Website,,3,,Changed Mind
2167833,181067,2025-04-06,Toys & Games,Puzzle 1000pc,1,110.0,25,82.5,12.99,8.25,103.74,Credit Card,Delivered,Express,Website,SAVE20,3,5.0,
8161717,726938,2025-04-06,Electronics,Wireless Mouse,2,437.33,0,874.66,12.99,52.48,940.13,Apple Pay,Delivered,Express,Website,,3,,
1638419,232968,2025-04-06,Clothing,Slim Fit Jeans,1,50.91,0,50.91,14.99,3.05,68.95,Credit Card,Delivered,Express,Mobile App,,3,,
4879053,886576,2025-04-06,Clothing,Baseball Cap,4,157.36,0,629.44,0.0,39.34,668.78,Credit Card,Delivered,Standard,Website,,7,3.0,
3686849,678850,2025-04-06,Home & Kitchen,Ceramic Dinnerware Set,3,81.93,0,245.79,0.0,14.75,260.54,Credit Card,Delivered,Free Pickup,Mobile App,,0,4.0,
4254103,672511,2025-04-06,Clothing,Men's Denim Jacket,1,41.42,0,41.42,14.99,2.49,58.9,Debit Card,Delivered,Express,Website,,3,,
7200338,515463,2025-04-06,Beauty & Personal Care,Hair Dryer,5,29.91,0,149.55,12.99,9.35,171.89,Gift Card,Delivered,Express,Mobile App,,3,5.0,
4882145,488273,2025-04-06,Grocery,Pasta Variety Pack,2,30.6,0,61.2,5.99,3.67,70.86,Google Pay,Delivered,Standard,Website,,7,,
8139419,802087,2025-04-06,Clothing,Women's Yoga Pants,1,44.49,0,44.49,5.99,3.67,54.15,PayPal,Delivered,Standard,Website,,7,3.0,
8867726,771645,2025-04-06,Clothing,Running Shoes,3,54.37,0,163.11,0.0,9.79,172.9,Debit Card,Delivered,Standard,Mobile App,,7,,
5175792,744635,2025-04-06,Home & Kitchen,Cutlery Set,2,52.9,0,105.8,0.0,6.61,112.41,Google Pay,Delivered,Standard,Marketplace,,7,,
2981521,550528,2025-04-07,Home & Kitchen,Coffee Maker,1,199.74,0,199.74,12.99,12.48,225.21,Debit Card,Delivered,Express,Mobile App,,3,4.0,
9729964,151500,2025-04-07,Clothing,Summer Dress,1,71.53,0,71.53,0.0,9.3,80.83,PayPal,Delivered,Free Pickup,Mobile App,,0,5.0,
3068487,703930,2025-04-07,Home & Kitchen,Non-Stick Frying Pan,2,224.94,15,382.4,0.0,31.55,413.95,Credit Card,Delivered,Standard,Mobile App,SAVE20,7,3.0,
2128486,329012,2025-04-07,Home & Kitchen,LED Desk Lamp,1,65.27,0,65.27,5.99,5.38,76.64,Debit Card,Delivered,Standard,Mobile App,,7,5.0,
6698297,476501,2025-04-07,Sports & Outdoors,Resistance Bands Set,3,240.31,0,720.93,0.0,59.48,780.41,Debit Card,Delivered,Standard,Marketplace,,7,4.0,
1008815,774402,2025-04-07,Sports & Outdoors,Yoga Mat,1,50.47,0,50.47,5.99,3.03,59.49,Apple Pay,Delivered,Standard,Marketplace,,7,5.0,
2468628,530251,2025-04-07,Grocery,Pasta Variety Pack,2,28.35,0,56.7,5.99,3.4,66.09,Credit Card,Cancelled,Standard,Website,,7,,
4568480,343810,2025-04-07,Toys & Games,Plush Teddy Bear,3,45.61,0,136.83,0.0,27.37,164.2,Credit Card,Delivered,Standard,Website,,7,5.0,
2751838,292941,2025-04-07,Electronics,Noise-Cancelling Headphones,2,361.11,0,722.22,0.0,93.89,816.11,Credit Card,Delivered,Standard,Website,,7,,
9457873,185515,2025-04-08,Office Supplies,Whiteboard,6,220.0,0,1320.0,12.99,0.0,1332.99,Credit Card,Delivered,Express,Website,,3,4.0,
6417270,996684,2025-04-08,Electronics,Laptop Stand,3,294.79,0,884.37,0.0,53.06,937.43,Debit Card,Returned,Standard,Website,,7,,Wrong Size
9309093,471106,2025-04-08,Clothing,Wool Sweater,5,88.55,0,442.75,24.99,57.56,525.3,Credit Card,Delivered,Next-Day,Website,,1,,
2498690,181067,2025-04-08,Clothing,Summer Dress,1,28.12,0,28.12,14.99,1.76,44.87,Credit Card,Delivered,Express,Mobile App,,3,4.0,
3103591,686576,2025-04-08,Clothing,Rain Jacket,1,140.9,0,140.9,0.0,8.81,149.71,Credit Card,Delivered,Standard,Website,,7,5.0,
4845024,592322,2025-04-09,Books,Science Fiction Epic,2,17.64,15,29.99,27.99,3.0,60.98,Credit Card,Cancelled,Next-Day,Marketplace,WELCOME10,1,,
2485491,250136,2025-04-09,Electronics,Laptop Stand,1,103.71,0,103.71,0.0,6.48,110.19,Credit Card,Delivered,Standard,Mobile App,,7,5.0,
7126879,352917,2025-04-09,Home & Kitchen,Stand Mixer,3,214.55,0,643.65,0.0,41.84,685.49,Credit Card,Delivered,Standard,Mobile App,,7,5.0,
3500098,530251,2025-04-09,Clothing,Cotton T-Shirt,2,102.41,0,204.82,12.99,12.29,230.1,Credit Card,Returned,Express,Mobile App,,3,,Wrong Size
8846347,181777,2025-04-09,Home & Kitchen,Air Fryer,1,179.5,0,179.5,12.99,28.72,221.21,Debit Card,Delivered,Express,Mobile App,,3,5.0,
3927270,316724,2025-04-10,Home & Kitchen,Memory Foam Pillow,1,296.39,0,296.39,24.99,24.45,345.83,Debit Card,Delivered,Next-Day,Website,,1,4.0,
5891380,315385,2025-04-10,Clothing,Summer Dress,2,59.11,20,94.58,12.99,5.91,113.48,Credit Card,Delivered,Express,Marketplace,FREESHIP,3,4.0,
3549616,924384,2025-04-10,Beauty & Personal Care,Skincare Gift Set,5,21.91,15,93.12,12.99,5.59,111.7,Credit Card,Delivered,Express,Mobile App,HOLIDAY25,3,4.0,
6847247,532647,2025-04-10,Home & Kitchen,Coffee Maker,3,44.34,10,119.72,24.99,7.18,151.89,Credit Card,Cancelled,Next-Day,Mobile App,WELCOME10,1,,
4822242,206604,2025-04-10,Office Supplies,Ballpoint Pen Pack,1,95.7,25,71.78,5.99,4.31,82.08,Credit Card,Delivered,Standard,Website,SUMMER10,7,4.0,
8568881,519251,2025-04-10,Home & Kitchen,Cutlery Set,1,46.53,0,46.53,14.99,2.79,64.31,Gift Card,Delivered,Express,Mobile App,,3,3.0,
4378479,773540,2025-04-11,Sports & Outdoors,Fitness Tracker Watch,2,40.23,0,80.46,24.99,4.83,110.28,Debit Card,Delivered,Next-Day,Website,,1,,
5013300,341690,2025-04-11,Electronics,4K Smart TV,3,773.99,0,2321.97,12.99,185.76,2520.72,PayPal,Delivered,Express,Mobile App,,3,5.0,
7150070,236288,2025-04-11,Books,Self-Help Guide,1,11.53,0,11.53,14.99,0.72,27.24,Debit Card,Cancelled,Express,Website,,3,,
7100365,974063,2025-04-12,Electronics,Bluetooth Speaker,4,268.27,0,1073.08,24.99,64.38,1162.45,Debit Card,Delivered,Next-Day,Mobile App,,1,5.0,
8674155,695078,2025-04-12,Beauty & Personal Care,Electric Razor,2,50.24,0,100.48,0.0,6.28,106.76,Credit Card,Delivered,Standard,Website,,7,5.0,
8885813,688461,2025-04-12,Electronics,Bluetooth Speaker,1,515.89,0,515.89,12.99,67.07,595.95,Credit Card,Delivered,Express,Marketplace,,3,4.0,
7442262,864201,2025-04-12,Home & Kitchen,Ceramic Dinnerware Set,4,210.38,0,841.52,0.0,50.49,892.01,Credit Card,Cancelled,Standard,Website,,7,,
7321082,761074,2025-04-12,Toys & Games,Building Block Set,1,63.51,0,63.51,14.99,0.0,78.5,PayPal,Cancelled,Express,Mobile App,,3,,
9602902,483080,2025-04-12,Home & Kitchen,Vacuum Cleaner,3,48.64,25,109.44,0.0,6.84,116.28,Google Pay,Delivered,Standard,Website,SAVE20,7,4.0,
5850343,962688,2025-04-12,Office Supplies,Printer Paper Ream,1,166.25,0,166.25,12.99,10.39,189.63,Credit Card,Delivered,Express,Website,,3,2.0,
4912793,720159,2025-04-12,Toys & Games,Board Game Classic,1,38.03,30,26.62,27.99,1.6,56.21,Debit Card,Delivered,Next-Day,Marketplace,FLASH30,1,5.0,
7500027,359234,2025-04-13,Home & Kitchen,Ceramic Dinnerware Set,2,102.29,0,204.58,0.0,12.27,216.85,,Cancelled,Standard,Mobile App,,7,,
9647960,672388,2025-04-13,Grocery,Protein Bar Box,6,26.32,0,157.92,12.99,13.03,183.94,PayPal,Delivered,Express,Mobile App,,3,4.0,
8302494,543108,2025-04-13,Home & Kitchen,Coffee Maker,2,45.07,0,90.14,12.99,5.41,108.54,Apple Pay,Delivered,Express,Website,,3,,
9462167,757288,2025-04-13,Home & Kitchen,Coffee Maker,1,119.6,10,107.64,0.0,6.46,114.1,Debit Card,Delivered,,Marketplace,SAVE20,7,,
6382306,273715,2025-04-13,Clothing,Summer Dress,3,66.89,0,200.67,0.0,12.04,212.71,Apple Pay,Delivered,Standard,Website,,7,4.0,
2837966,726938,2025-04-13,Home & Kitchen,Vacuum Cleaner,2,122.44,0,244.88,12.99,14.69,272.56,Debit Card,Delivered,Express,Website,,3,1.0,
8915941,550528,2025-04-13,Grocery,Green Tea Bags,1,5.6,0,5.6,27.99,0.34,33.93,Credit Card,Delivered,Next-Day,Mobile App,,1,,
9326983,750599,2025-04-13,Beauty & Personal Care,Makeup Palette,1,29.06,0,29.06,27.99,1.74,58.79,Credit Card,Delivered,Next-Day,Mobile App,,1,1.0,
2169869,231485,2025-04-14,Grocery,Pasta Variety Pack,3,8.52,0,25.56,5.99,1.53,33.08,Credit Card,Delivered,Standard,Website,,7,,
6652303,202976,2025-04-14,Home & Kitchen,LED Desk Lamp,2,108.15,0,216.3,0.0,13.52,229.82,Debit Card,Cancelled,Standard,Website,,7,,
5595911,712536,2025-04-14,Clothing,Wool Sweater,1,148.84,0,148.84,12.99,11.91,173.74,Credit Card,Delivered,Express,Website,,3,4.0,
4753731,695078,2025-04-14,Home & Kitchen,Non-Stick Frying Pan,1,36.74,0,36.74,5.99,2.2,44.93,Gift Card,Delivered,Standard,Website,,7,4.0,
4809523,955861,2025-04-14,Office Supplies,File Folders Pack,1,181.67,0,181.67,0.0,23.62,205.29,Credit Card,Delivered,Standard,Mobile App,,7,,
8826792,185555,2025-04-14,Electronics,Portable Charger,3,366.66,0,1099.98,0.0,90.75,1190.73,Apple Pay,Delivered,Standard,Website,,7,,
3401593,265163,2025-04-14,Grocery,Extra Virgin Olive Oil,4,10.77,0,43.08,14.99,3.55,61.62,Gift Card,Delivered,Express,Mobile App,,3,4.0,
2024914,248039,2025-04-14,Electronics,Noise-Cancelling Headphones,2,489.22,0,978.44,12.99,80.72,1072.15,PayPal,Delivered,Express,Website,,3,2.0,
9019209,424619,2025-04-14,Sports & Outdoors,Insulated Water Bottle,1,84.02,0,84.02,0.0,5.04,89.06,Apple Pay,Cancelled,Standard,Website,,7,,
9762144,181067,2025-04-14,Clothing,Rain Jacket,1,72.45,0,72.45,14.99,4.53,91.97,Google Pay,Delivered,Express,Mobile App,,3,5.0,
1905438,768338,2025-04-14,Electronics,Noise-Cancelling Headphones,2,414.96,0,829.92,12.99,107.89,950.8,Debit Card,Shipped,Express,Mobile App,,3,,
1949946,895645,2025-04-15,Pet Supplies,Training Treats,1,24.51,0,24.51,5.99,0.0,30.5,Debit Card,Delivered,Standard,Marketplace,,7,4.0,
2744012,848713,2025-04-15,Sports & Outdoors,Fitness Tracker Watch,1,74.19,0,74.19,5.99,4.64,84.82,Apple Pay,Delivered,Standard,Website,,7,,
6102456,185715,2025-04-15,Electronics,Wireless Mouse,1,90.14,0,90.14,0.0,7.44,97.58,Credit Card,Delivered,Standard,Website,,7,5.0,
1175320,709428,2025-04-15,Grocery,Granola Cereal,4,22.12,5,84.06,12.99,6.72,103.77,PayPal,Delivered,Express,Mobile App,WELCOME10,3,5.0,
5127323,516468,2025-04-15,Clothing,Cotton T-Shirt,1,54.25,0,54.25,14.99,4.34,73.58,PayPal,Returned,Express,Mobile App,,3,,Defective Item
2645559,709496,2025-04-15,Office Supplies,Stapler,1,112.56,0,112.56,12.99,9.0,134.55,Credit Card,Delivered,Express,Mobile App,,3,,
2800422,854948,2025-04-15,Beauty & Personal Care,Perfume,1,30.99,0,30.99,5.99,4.03,41.01,Credit Card,Delivered,Standard,Mobile App,,7,3.0,
2311053,282050,2025-04-15,Home & Kitchen,Cotton Bed Sheets,1,53.23,0,53.23,14.99,10.11,78.33,PayPal,Cancelled,Express,Mobile App,,3,,
4917341,720159,2025-04-15,Books,Self-Help Guide,1,17.69,0,17.69,27.99,1.06,46.74,Credit Card,Returned,Next-Day,Website,,1,,Changed Mind
1369927,709496,2025-04-15,Home & Kitchen,Cutlery Set,5,58.68,0,293.4,12.99,17.6,323.99,Credit Card,Delivered,Express,Mobile App,,3,4.0,
5254579,475043,2025-04-15,Electronics,Portable Charger,3,517.95,0,1553.85,0.0,124.31,1678.16,Google Pay,Delivered,Standard,Mobile App,,7,5.0,
7706817,615198,2025-04-16,Home & Kitchen,Vacuum Cleaner,1,118.96,0,118.96,12.99,0.0,131.95,Credit Card,Cancelled,Express,Mobile App,,3,,
2415712,654615,2025-04-16,Home & Kitchen,Cutlery Set,2,263.71,0,527.42,0.0,32.96,560.38,Credit Card,Delivered,Standard,Mobile App,,7,,
9145350,549826,2025-04-16,Clothing,Wool Sweater,2,34.84,0,69.68,14.99,5.57,90.24,Debit Card,Delivered,Express,Mobile App,,3,,
2856653,360723,2025-04-16,Office Supplies,Whiteboard,1,76.23,0,76.23,0.0,4.57,80.8,Debit Card,Delivered,Standard,Website,,7,5.0,
4176337,212415,2025-04-16,Electronics,4K Smart TV,2,590.19,5,1121.36,0.0,92.51,1213.87,Debit Card,Delivered,Standard,Marketplace,SUMMER10,7,4.0,
7303609,693028,2025-04-16,Toys & Games,Board Game Classic,1,81.77,0,81.77,12.99,5.11,99.87,Debit Card,Delivered,Express,Mobile App,,3,5.0,
3056411,925108,2025-04-16,Sports & Outdoors,Camping Tent,2,23.54,5,44.73,14.99,8.95,68.67,Google Pay,Delivered,Express,Mobile App,FREESHIP,3,5.0,
2773781,931926,2025-04-16,Pet Supplies,Dog Chew Toy,2,44.71,0,89.42,0.0,5.37,94.79,Credit Card,Shipped,Standard,Website,,7,,
6608329,931819,2025-04-16,Home & Kitchen,Coffee Maker,1,149.25,0,149.25,0.0,9.33,158.58,Credit Card,Delivered,Standard,Marketplace,,7,,
6545709,671138,2025-04-16,Clothing,Wool Sweater,1,66.64,15,56.64,14.99,5.66,77.29,Credit Card,Delivered,Express,Mobile App,HOLIDAY25,3,4.0,
6717652,371751,2025-04-17,Clothing,Men's Denim Jacket,2,17.38,0,34.76,27.99,2.09,64.84,PayPal,Delivered,Next-Day,Website,,1,4.0,
9886129,106619,2025-04-17,Clothing,Winter Parka,5,129.76,0,648.8,12.99,51.9,713.69,Debit Card,Delivered,Express,Marketplace,,3,4.0,
4182718,138111,2025-04-17,Home & Kitchen,Cotton Bed Sheets,1,85.01,25,63.76,14.99,8.29,87.04,Credit Card,Delivered,Express,Website,SUMMER10,3,5.0,
3804002,371116,2025-04-17,Office Supplies,Ergonomic Office Chair,1,24.49,0,24.49,5.99,1.47,31.95,Google Pay,Delivered,Standard,Mobile App,,7,5.0,
2539979,408056,2025-04-18,Beauty & Personal Care,Makeup Palette,1,48.57,0,48.57,14.99,3.04,66.6,Debit Card,Delivered,Express,Marketplace,,3,,
2451806,820543,2025-04-18,Beauty & Personal Care,Perfume,1,44.39,0,44.39,0.0,2.66,47.05,Google Pay,Cancelled,Free Pickup,Mobile App,,0,,
6945602,543108,2025-04-18,Toys & Games,Outdoor Water Blaster,1,51.99,0,51.99,14.99,3.25,70.23,Debit Card,Delivered,Express,Website,,3,4.0,
7113263,230606,2025-04-18,Clothing,Winter Parka,1,30.45,0,30.45,5.99,2.44,38.88,Credit Card,Delivered,Standard,Mobile App,,7,5.0,
6416283,577652,2025-04-18,Toys & Games,Outdoor Water Blaster,2,26.63,15,45.27,0.0,5.89,51.16,Credit Card,Delivered,Free Pickup,Website,FREESHIP,0,5.0,
8445634,158414,2025-04-19,Toys & Games,Outdoor Water Blaster,3,29.3,0,87.9,0.0,11.43,99.33,Debit Card,Delivered,Free Pickup,Website,,0,1.0,
1727467,295857,2025-04-19,Books,Science Fiction Epic,1,12.74,0,12.74,5.99,0.76,19.49,PayPal,Delivered,Standard,Website,,7,4.0,
3928268,696461,2025-04-19,Clothing,Men's Denim Jacket,5,117.1,5,556.22,0.0,45.89,602.11,Google Pay,Returned,Standard,Website,SUMMER10,7,,Arrived Late
7767852,756541,2025-04-19,Clothing,Winter Parka,6,63.34,10,342.04,0.0,21.38,363.42,Credit Card,Delivered,Standard,Marketplace,FREESHIP,7,,
1438073,942304,2025-04-19,Toys & Games,Puzzle 1000pc,1,23.74,0,23.74,5.99,1.42,31.15,Credit Card,Delivered,Standard,Mobile App,,7,3.0,
8341148,733081,2025-04-19,Books,Graphic Novel,3,25.24,0,75.72,12.99,4.54,93.25,Debit Card,Delivered,Express,Website,,3,,
6588567,352288,2025-04-19,Home & Kitchen,Coffee Maker,1,268.02,0,268.02,12.99,16.08,297.09,PayPal,Delivered,Express,Marketplace,,3,5.0,
6939860,430623,2025-04-20,Clothing,Summer Dress,1,15.86,0,15.86,5.99,0.99,22.84,Google Pay,Cancelled,Standard,Website,,7,,
9484895,504905,2025-04-20,Home & Kitchen,Memory Foam Pillow,1,350.0,0,350.0,24.99,28.88,403.87,PayPal,Delivered,Next-Day,Website,,1,4.0,
2590047,864344,2025-04-20,Toys & Games,Outdoor Water Blaster,1,27.42,0,27.42,14.99,3.56,45.97,PayPal,Delivered,Express,Mobile App,,3,,
2130663,250897,2025-04-20,Sports & Outdoors,Basketball,1,112.79,0,112.79,24.99,9.31,147.09,Credit Card,Cancelled,Next-Day,Website,,1,,
3236432,868465,2025-04-20,Beauty & Personal Care,Electric Razor,4,17.42,0,69.68,5.99,9.06,84.73,Credit Card,Delivered,Standard,Marketplace,,7,4.0,
7049314,209703,2025-04-20,Electronics,Wireless Earbuds,2,311.1,0,622.2,0.0,51.33,673.53,PayPal,Shipped,Standard,Website,,7,,
5406467,964105,2025-04-20,Grocery,Sparkling Water Case,6,24.85,0,149.1,0.0,9.32,158.42,PayPal,Delivered,Standard,Website,,7,5.0,
6579263,631761,2025-04-21,Clothing,Winter Parka,2,84.7,5,160.93,24.99,16.09,202.01,Debit Card,Delivered,Next-Day,Website,WELCOME10,1,3.0,
9861024,716918,2025-04-21,Sports & Outdoors,Fitness Tracker Watch,1,44.19,10,39.77,14.99,2.39,57.15,Debit Card,Delivered,Express,Mobile App,HOLIDAY25,3,,
4244493,813547,2025-04-21,Clothing,Cotton T-Shirt,2,14.57,25,21.86,14.99,1.37,38.22,Debit Card,Delivered,Express,Mobile App,FLASH30,3,5.0,
6196741,429344,2025-04-21,Books,Self-Help Guide,5,21.83,0,109.15,12.99,6.82,128.96,PayPal,Shipped,Express,Mobile App,,3,,
4540992,809484,2025-04-21,Sports & Outdoors,Hiking Backpack,1,118.47,0,118.47,0.0,7.11,125.58,Debit Card,Cancelled,Standard,Mobile App,,7,,
3092258,470367,2025-04-21,Books,Cookbook: Weeknight Dinners,1,7.17,0,7.17,14.99,0.43,22.59,Google Pay,Delivered,Express,Website,,3,5.0,
9471473,804118,2025-04-21,Home & Kitchen,Stand Mixer,1,231.35,0,231.35,0.0,13.88,245.23,Apple Pay,Cancelled,Standard,Website,,7,,
1609830,842688,2025-04-21,Electronics,Smartphone Case,1,235.85,0,235.85,0.0,14.74,250.59,Credit Card,Delivered,Standard,Website,,7,5.0,
3763590,207727,2025-04-21,Books,Fantasy Trilogy Box Set,1,30.06,15,25.55,14.99,1.6,42.14,Google Pay,Cancelled,Express,Mobile App,FREESHIP,3,,
7113885,638422,2025-04-21,Electronics,4K Smart TV,1,420.14,0,420.14,24.99,84.03,529.16,PayPal,Cancelled,Next-Day,Website,,1,,
1529114,743457,2025-04-21,Home & Kitchen,Memory Foam Pillow,1,50.44,20,40.35,5.99,2.42,48.76,Google Pay,Delivered,Standard,Website,HOLIDAY25,7,,
3757977,265163,2025-04-22,Electronics,Streaming Media Player,1,173.46,0,173.46,12.99,10.41,196.86,Credit Card,Delivered,Express,Website,,3,5.0,
1285303,550528,2025-04-22,Grocery,Granola Cereal,3,14.22,0,42.66,5.99,5.55,54.2,Credit Card,Shipped,Standard,Website,,7,,
6571373,853073,2025-04-22,Clothing,Women's Yoga Pants,1,41.34,0,41.34,14.99,2.48,58.81,Debit Card,Delivered,Express,Website,,3,4.0,
3809575,954194,2025-04-22,Books,Historical Biography,1,19.24,0,19.24,27.99,1.15,48.38,Apple Pay,Delivered,Next-Day,Website,,1,,
5957214,666744,2025-04-22,Books,Graphic Novel,2,31.44,5,59.74,5.99,4.93,70.66,Debit Card,Returned,Standard,Website,FREESHIP,7,,Arrived Late
3478754,686576,2025-04-22,Pet Supplies,Dog Chew Toy,1,37.59,10,33.83,5.99,2.03,41.85,Apple Pay,Delivered,Standard,Mobile App,VIP15,7,5.0,
1626202,638422,2025-04-22,Electronics,Mechanical Keyboard,1,403.52,15,342.99,0.0,20.58,363.57,Google Pay,Delivered,Standard,Website,SUMMER10,7,1.0,
2789806,385326,2025-04-22,Home & Kitchen,Air Fryer,2,92.21,0,184.42,0.0,36.88,221.3,,Cancelled,Standard,Website,,7,,
7387917,561464,2025-04-23,Electronics,Noise-Cancelling Headphones,2,1140.47,0,2280.94,0.0,136.86,2417.8,Google Pay,Delivered,Standard,Website,,7,,
5870070,827382,2025-04-23,Sports & Outdoors,Basketball,1,247.01,0,247.01,0.0,14.82,261.83,Debit Card,Delivered,Free Pickup,Mobile App,,0,4.0,
6758662,263269,2025-04-23,Beauty & Personal Care,Hair Dryer,4,32.05,0,128.2,12.99,10.26,151.45,Credit Card,Delivered,Express,Marketplace,,3,5.0,
4842051,761074,2025-04-23,Sports & Outdoors,Mountain Bike Helmet,3,140.93,0,422.79,0.0,34.88,457.67,Credit Card,Delivered,Standard,Mobile App,,7,,
9323110,279683,2025-04-23,Sports & Outdoors,Mountain Bike Helmet,1,85.52,0,85.52,0.0,5.34,90.86,Credit Card,Delivered,Standard,Website,,7,5.0,
6359170,843085,2025-04-23,Books,Mystery Novel,1,15.62,0,15.62,5.99,0.98,22.59,Debit Card,Delivered,Standard,Marketplace,,7,,
3672857,181380,2025-04-23,Books,Mystery Novel,1,11.36,0,11.36,27.99,2.27,41.62,PayPal,Cancelled,Next-Day,Website,,1,,
5523260,349162,2025-04-24,Office Supplies,Stapler,3,48.37,0,145.11,12.99,11.61,169.71,Google Pay,Delivered,Express,Website,,3,,
7686829,911637,2025-04-24,Sports & Outdoors,Fishing Rod,3,104.47,15,266.4,0.0,21.31,287.71,Credit Card,Returned,Standard,Website,HOLIDAY25,7,,Better Price Found
8620011,279737,2025-04-24,Clothing,Baseball Cap,3,25.13,0,75.39,12.99,6.22,94.6,Gift Card,Delivered,Express,Website,,3,4.0,
7533572,210439,2025-04-24,Clothing,Men's Denim Jacket,3,37.41,0,112.23,12.99,7.01,132.23,Debit Card,Shipped,,Mobile App,,3,,
8236823,804849,2025-04-24,Toys & Games,Remote Control Car,2,11.5,0,23.0,0.0,1.44,24.44,Credit Card,Cancelled,Free Pickup,Mobile App,,0,,
9216668,205361,2025-04-24,Grocery,Protein Bar Box,2,14.51,0,29.02,5.99,2.32,37.33,Credit Card,Returned,Standard,Website,,7,,Wrong Size
5857296,846055,2025-04-24,Books,Graphic Novel,1,12.87,10,11.58,5.99,0.72,18.29,PayPal,Delivered,Standard,Mobile App,VIP15,7,,
8314636,880310,2025-04-24,Home & Kitchen,Cutlery Set,1,151.75,20,121.4,0.0,7.28,128.68,,Shipped,Standard,Marketplace,VIP15,7,,
4276462,171266,2025-04-24,Electronics,Streaming Media Player,2,757.44,20,1211.9,0.0,157.55,1369.45,Credit Card,Delivered,Standard,Mobile App,VIP15,7,,
3925840,901936,2025-04-25,Toys & Games,Board Game Classic,2,38.23,0,76.46,0.0,6.31,82.77,PayPal,Delivered,Standard,Website,,7,3.0,
6544700,570241,2025-04-25,Electronics,Mechanical Keyboard,2,299.34,10,538.81,0.0,33.68,572.49,Debit Card,Delivered,Standard,Website,FREESHIP,7,4.0,
4459444,876950,2025-04-25,Books,Graphic Novel,3,11.79,0,35.37,14.99,2.83,53.19,PayPal,Delivered,Express,Mobile App,,3,,
9728717,750176,2025-04-25,Electronics,4K Smart TV,1,321.69,0,321.69,0.0,19.3,340.99,PayPal,Delivered,Standard,Website,,7,5.0,
9755858,966726,2025-04-25,Electronics,4K Smart TV,2,179.35,0,358.7,0.0,21.52,380.22,Debit Card,Delivered,Standard,Website,,7,,
2087250,876950,2025-04-25,Grocery,Organic Coffee Beans,1,7.43,10,6.69,14.99,0.4,22.08,Credit Card,Delivered,Express,Website,FREESHIP,3,5.0,
2750178,690537,2025-04-25,Sports & Outdoors,Mountain Bike Helmet,1,126.7,0,126.7,12.99,7.92,147.61,PayPal,Delivered,,Website,,3,,
2383589,714776,2025-04-25,Electronics,Smartphone Case,1,473.51,0,473.51,12.99,0.0,486.5,Debit Card,Delivered,Express,Website,,3,4.0,
1207486,252402,2025-04-25,Beauty & Personal Care,Sunscreen SPF50,1,57.3,30,40.11,5.99,2.41,48.51,Google Pay,Delivered,Standard,Website,HOLIDAY25,7,,
5548067,578841,2025-04-25,Electronics,Mechanical Keyboard,3,345.44,0,1036.32,0.0,67.36,1103.68,Apple Pay,Delivered,Standard,Website,,7,4.0,
7568818,557486,2025-04-26,Home & Kitchen,Memory Foam Pillow,1,78.75,0,78.75,0.0,6.5,85.25,Debit Card,Delivered,Standard,Mobile App,,7,,
8333694,886576,2025-04-26,Beauty & Personal Care,Electric Toothbrush,2,33.79,5,64.2,5.99,4.01,74.2,PayPal,Cancelled,Standard,Website,HOLIDAY25,7,,
8436370,116043,2025-04-26,Grocery,Granola Cereal,3,12.85,0,38.55,5.99,2.31,46.85,,Processing,Standard,Website,,7,,
3225183,257536,2025-04-26,Pet Supplies,Bird Cage,2,28.75,30,40.25,5.99,2.42,48.66,Debit Card,Delivered,Standard,Website,VIP15,7,,
9629585,216808,2025-04-26,Books,Children's Picture Book,1,11.56,20,9.25,27.99,0.58,37.82,Gift Card,Delivered,Next-Day,Mobile App,FREESHIP,1,,
6992787,343810,2025-04-26,Beauty & Personal Care,Electric Razor,4,38.38,0,153.52,24.99,9.21,187.72,Credit Card,Delivered,Next-Day,Website,,1,5.0,
2921165,937852,2025-04-26,Sports & Outdoors,Fitness Tracker Watch,3,78.43,0,235.29,0.0,23.53,258.82,PayPal,Delivered,Standard,Marketplace,,7,5.0,
2019438,206604,2025-04-26,Office Supplies,File Folders Pack,3,30.62,0,91.86,12.99,11.94,116.79,PayPal,Delivered,Express,Website,,3,5.0,
8910549,412449,2025-04-26,Electronics,Streaming Media Player,1,513.35,0,513.35,12.99,41.07,567.41,Debit Card,Delivered,Express,Website,,3,,
1861710,622527,2025-04-26,Toys & Games,Outdoor Water Blaster,2,27.26,0,54.52,14.99,8.72,78.23,PayPal,Delivered,,Website,,3,,
5970107,356115,2025-04-27,Sports & Outdoors,Basketball,4,48.73,15,165.68,12.99,10.36,189.03,Apple Pay,Delivered,Express,Website,SAVE20,3,5.0,
2318892,592322,2025-04-27,Clothing,Rain Jacket,3,65.22,0,195.66,0.0,31.31,226.97,PayPal,Delivered,Standard,Website,,7,,
1051366,588665,2025-04-27,Home & Kitchen,Cutlery Set,1,57.41,0,57.41,5.99,4.74,68.14,Credit Card,Delivered,Standard,Website,,7,4.0,
6805947,512617,2025-04-28,Home & Kitchen,Stand Mixer,2,151.08,30,211.51,0.0,13.22,224.73,Apple Pay,Delivered,Standard,Website,HOLIDAY25,7,5.0,
1356607,177611,2025-04-28,Sports & Outdoors,Hiking Backpack,1,103.88,0,103.88,12.99,13.5,130.37,Credit Card,Delivered,Express,Marketplace,,3,5.0,
7427677,516216,2025-04-28,Grocery,Pasta Variety Pack,6,26.91,0,161.46,0.0,20.99,182.45,Apple Pay,Delivered,Standard,Website,,7,4.0,
7476489,539241,2025-04-28,Clothing,Rain Jacket,2,82.19,0,164.38,0.0,9.86,174.24,PayPal,Delivered,Standard,Website,,7,5.0,
3283233,764214,2025-04-28,Home & Kitchen,Ceramic Dinnerware Set,1,81.57,0,81.57,12.99,4.89,99.45,Credit Card,Delivered,Express,Mobile App,,3,4.0,
6565498,545164,2025-04-28,Clothing,Wool Sweater,2,103.49,0,206.98,24.99,17.08,249.05,Google Pay,Delivered,Next-Day,Website,,1,4.0,
7029992,508791,2025-04-28,Clothing,Summer Dress,2,56.2,0,112.4,0.0,6.74,119.14,Credit Card,Delivered,Standard,Website,,7,4.0,
7514608,343810,2025-04-28,Books,Graphic Novel,6,29.17,0,175.02,0.0,10.5,185.52,,Delivered,Standard,Website,,7,,
9829989,914384,2025-04-29,Electronics,Bluetooth Speaker,1,829.83,0,829.83,0.0,51.86,881.69,Credit Card,Delivered,Standard,Mobile App,,7,5.0,
9526610,654615,2025-04-29,Home & Kitchen,Coffee Maker,1,39.59,0,39.59,5.99,2.57,48.15,Debit Card,Shipped,Standard,Marketplace,,7,,
5021586,384588,2025-04-29,Beauty & Personal Care,Hair Dryer,1,17.0,0,17.0,5.99,1.4,24.39,Debit Card,Processing,Standard,Marketplace,,7,,
3074402,371674,2025-04-29,Toys & Games,Educational STEM Kit,2,36.41,0,72.82,5.99,9.47,88.28,Apple Pay,Delivered,Standard,Website,,7,5.0,
7724443,720159,2025-04-29,Toys & Games,Remote Control Car,2,55.82,0,111.64,0.0,6.7,118.34,Credit Card,Delivered,Standard,Website,,7,4.0,
4953653,698930,2025-04-29,Home & Kitchen,LED Desk Lamp,2,91.93,20,147.09,0.0,11.77,158.86,PayPal,Delivered,Standard,Mobile App,HOLIDAY25,7,5.0,
9425520,903815,2025-04-29,Electronics,4K Smart TV,2,201.82,0,403.64,0.0,80.73,484.37,Credit Card,Delivered,Standard,Marketplace,,7,,
6348866,555402,2025-04-29,Sports & Outdoors,Yoga Mat,2,35.92,0,71.84,5.99,11.49,89.32,Debit Card,Delivered,Standard,Website,,7,4.0,
6425278,490206,2025-04-30,Grocery,Extra Virgin Olive Oil,1,19.64,0,19.64,14.99,2.55,37.18,Credit Card,Returned,Express,Marketplace,,3,,Defective Item
3504395,801962,2025-04-30,Electronics,Wireless Earbuds,1,800.5,0,800.5,0.0,48.03,848.53,Credit Card,Delivered,Standard,Website,,7,,
9775644,974063,2025-04-30,Books,Historical Biography,1,14.12,0,14.12,5.99,0.85,20.96,Credit Card,Delivered,Standard,Website,,7,,
6167660,827382,2025-04-30,Pet Supplies,Bird Cage,1,85.78,15,72.91,14.99,9.48,97.38,Credit Card,Delivered,Express,Website,HOLIDAY25,3,,
2210184,248547,2025-04-30,Books,Graphic Novel,1,6.77,10,6.09,5.99,0.37,12.45,Debit Card,Delivered,,Marketplace,VIP15,7,3.0,
8769935,226126,2025-04-30,Clothing,Baseball Cap,1,40.4,0,40.4,5.99,2.42,48.81,Credit Card,Delivered,Standard,Mobile App,,7,,
5622901,209703,2025-04-30,Clothing,Summer Dress,5,40.75,0,203.75,0.0,12.22,215.97,Credit Card,Delivered,Free Pickup,Website,,0,5.0,
9241681,953629,2025-04-30,Clothing,Baseball Cap,2,15.96,0,31.92,5.99,2.63,40.54,Credit Card,Delivered,Standard,Mobile App,,7,5.0,
9845419,368724,2025-04-30,Sports & Outdoors,Mountain Bike Helmet,1,28.85,0,28.85,5.99,1.73,36.57,PayPal,Delivered,Standard,Marketplace,,7,4.0,
9463270,908295,2025-04-30,Electronics,Wireless Mouse,3,504.66,25,1135.49,0.0,227.1,1362.59,Apple Pay,Delivered,Standard,Website,SAVE20,7,4.0,
3845850,588166,2025-04-30,Home & Kitchen,Memory Foam Pillow,1,294.27,0,294.27,0.0,17.66,311.93,Debit Card,Returned,Standard,Website,,7,,Better Price Found
3382074,801630,2025-05-01,Electronics,Laptop Stand,1,75.29,5,71.53,14.99,4.47,90.99,Google Pay,Delivered,Express,Website,WELCOME10,3,5.0,
9263009,429344,2025-05-01,Toys & Games,Action Figure,4,50.88,0,203.52,0.0,12.21,215.73,Credit Card,Delivered,Standard,Marketplace,,7,4.0,
7186356,969091,2025-05-01,Home & Kitchen,Non-Stick Frying Pan,2,86.63,0,173.26,0.0,34.65,207.91,PayPal,Delivered,Standard,Mobile App,,7,2.0,
1568172,182540,2025-05-01,Office Supplies,Whiteboard,2,120.78,5,229.48,0.0,13.77,243.25,PayPal,Delivered,Standard,Mobile App,WELCOME10,7,5.0,
4783336,175936,2025-05-01,Home & Kitchen,Non-Stick Frying Pan,3,89.98,0,269.94,12.99,16.87,299.8,PayPal,Delivered,Express,Website,,3,5.0,
7808061,304008,2025-05-01,Clothing,Running Shoes,1,71.93,0,71.93,14.99,4.32,91.24,Credit Card,Delivered,Express,Mobile App,,3,3.0,
5952184,918349,2025-05-01,Beauty & Personal Care,Hair Dryer,3,21.23,25,47.77,5.99,2.99,56.75,PayPal,Delivered,Standard,Website,VIP15,7,5.0,
6361121,784274,2025-05-01,Sports & Outdoors,Camping Tent,2,208.51,15,354.47,12.99,22.15,389.61,Google Pay,Delivered,Express,Marketplace,SUMMER10,3,5.0,
2025171,359234,2025-05-01,Toys & Games,Board Game Classic,2,30.76,0,61.52,5.99,6.15,73.66,Google Pay,Delivered,Standard,Website,,7,5.0,
3124708,926740,2025-05-02,Sports & Outdoors,Basketball,1,107.32,0,107.32,12.99,6.71,127.02,Credit Card,Delivered,Express,Mobile App,,3,4.0,
5857349,196023,2025-05-02,Electronics,Bluetooth Speaker,1,1200.0,0,1200.0,12.99,75.0,1287.99,Credit Card,Delivered,Express,Website,,3,5.0,
4665481,476547,2025-05-02,Sports & Outdoors,Yoga Mat,1,49.39,0,49.39,27.99,2.96,80.34,Gift Card,Delivered,Next-Day,Website,,1,4.0,
1395473,645986,2025-05-02,Sports & Outdoors,Insulated Water Bottle,1,19.29,0,19.29,5.99,1.54,26.82,PayPal,Delivered,Standard,Website,,7,4.0,
5263650,545164,2025-05-02,Electronics,Mechanical Keyboard,2,446.49,0,892.98,24.99,55.81,973.78,PayPal,Shipped,Next-Day,Marketplace,,1,,
2686046,622669,2025-05-02,Office Supplies,Ergonomic Office Chair,4,48.99,0,195.96,0.0,12.25,208.21,Credit Card,Delivered,Standard,Website,,7,,
2044357,926740,2025-05-02,Toys & Games,Educational STEM Kit,2,50.04,0,100.08,0.0,6.26,106.34,PayPal,Delivered,Standard,Mobile App,,7,,
3784124,837709,2025-05-02,Clothing,Men's Denim Jacket,3,37.27,0,111.81,24.99,6.71,143.51,Credit Card,Delivered,Next-Day,Website,,1,2.0,
8764463,516468,2025-05-02,Electronics,Bluetooth Speaker,1,516.3,0,516.3,0.0,41.3,557.6,Credit Card,Delivered,Standard,Mobile App,,7,,
9834350,768338,2025-05-02,Sports & Outdoors,Mountain Bike Helmet,2,58.7,0,117.4,12.99,18.78,149.17,PayPal,Cancelled,Express,Website,,3,,
4971707,121565,2025-05-03,Grocery,Organic Coffee Beans,4,19.62,0,78.48,0.0,7.85,86.33,Credit Card,Cancelled,Standard,Mobile App,,7,,
8103273,515308,2025-05-03,Electronics,Wireless Earbuds,1,306.05,15,260.14,0.0,26.01,286.15,Debit Card,Returned,,Website,SAVE20,7,,Better Price Found
5825808,588665,2025-05-03,Clothing,Slim Fit Jeans,1,93.93,0,93.93,0.0,18.79,112.72,Credit Card,Delivered,Standard,Mobile App,,7,,
1734646,823673,2025-05-03,Home & Kitchen,Cotton Bed Sheets,1,127.33,0,127.33,0.0,7.64,134.97,PayPal,Delivered,Free Pickup,Mobile App,,0,5.0,
3623328,530251,2025-05-03,Books,Self-Help Guide,1,15.36,15,13.06,27.99,1.08,42.13,Credit Card,Delivered,Next-Day,Mobile App,FREESHIP,1,3.0,
2648733,764665,2025-05-03,Clothing,Rain Jacket,1,106.84,0,106.84,0.0,6.41,113.25,Credit Card,Delivered,Standard,Website,,7,5.0,
3107560,711151,2025-05-03,Beauty & Personal Care,Perfume,1,30.93,0,30.93,5.99,4.95,41.87,Credit Card,Returned,Standard,Website,,7,,Arrived Late
9019517,373292,2025-05-04,Books,Poetry Collection,5,17.0,0,85.0,12.99,7.01,105.0,Credit Card,Delivered,Express,Mobile App,,3,4.0,
8674988,396871,2025-05-04,Sports & Outdoors,Adjustable Dumbbell Set,1,208.91,0,208.91,0.0,12.53,221.44,Credit Card,Cancelled,Standard,Website,,7,,
3724373,716918,2025-05-04,Clothing,Men's Denim Jacket,1,65.24,0,65.24,27.99,3.91,97.14,Credit Card,Delivered,Next-Day,Mobile App,,1,,
6380277,467924,2025-05-04,Electronics,Portable Charger,1,307.0,0,307.0,0.0,19.19,326.19,PayPal,Cancelled,Free Pickup,Website,,0,,
8546171,799198,2025-05-04,Beauty & Personal Care,Sunscreen SPF50,1,57.84,0,57.84,14.99,7.52,80.35,Debit Card,Delivered,Express,Mobile App,,3,,
2036530,139108,2025-05-04,Books,Children's Picture Book,1,28.44,0,28.44,27.99,2.35,58.78,PayPal,Delivered,Next-Day,Website,,1,5.0,
3876282,384136,2025-05-04,Clothing,Wool Sweater,2,41.56,0,83.12,12.99,6.65,102.76,Gift Card,Shipped,Express,Website,,3,,
8003758,802647,2025-05-04,Grocery,Extra Virgin Olive Oil,2,23.34,0,46.68,0.0,2.92,49.6,Credit Card,Delivered,Free Pickup,Mobile App,,0,,
9513819,205361,2025-05-04,Beauty & Personal Care,Skincare Gift Set,2,37.75,0,75.5,0.0,15.1,90.6,PayPal,Returned,Free Pickup,Website,,0,,Arrived Late
4772895,757288,2025-05-04,Toys & Games,Action Figure,4,31.35,0,125.4,12.99,10.35,148.74,Debit Card,Delivered,Express,Website,,3,5.0,
5542836,530251,2025-05-05,Grocery,Pasta Variety Pack,1,11.68,0,11.68,5.99,0.73,18.4,Credit Card,Delivered,Standard,Marketplace,,7,5.0,
8264685,916996,2025-05-05,Clothing,Slim Fit Jeans,2,104.78,0,209.56,24.99,12.57,247.12,PayPal,Delivered,Next-Day,Marketplace,,1,,
7776725,591396,2025-05-05,Grocery,Extra Virgin Olive Oil,6,19.76,0,118.56,0.0,7.41,125.97,Debit Card,Returned,Standard,Website,,7,,Arrived Late
4768641,650758,2025-05-05,Books,Children's Picture Book,1,15.03,25,11.27,5.99,0.68,17.94,Credit Card,Cancelled,Standard,Website,HOLIDAY25,7,,
4941265,905920,2025-05-05,Sports & Outdoors,Adjustable Dumbbell Set,1,106.72,0,106.72,12.99,6.94,126.65,Gift Card,Delivered,Express,Website,,3,4.0,
9010856,533723,2025-05-06,Electronics,Smartphone Case,1,408.23,0,408.23,24.99,33.68,466.9,Credit Card,Delivered,Next-Day,Website,,1,,
8105169,371186,2025-05-06,Clothing,Summer Dress,1,35.74,0,35.74,5.99,2.23,43.96,PayPal,Delivered,Standard,Website,,7,4.0,
2168878,216808,2025-05-06,Pet Supplies,Pet Grooming Brush,1,43.31,0,43.31,5.99,2.6,51.9,Apple Pay,Delivered,Standard,Mobile App,,7,,
2759691,519251,2025-05-06,Electronics,Smartphone Case,3,382.5,0,1147.5,12.99,68.85,1229.34,PayPal,Delivered,Express,Website,,3,,
5331462,598248,2025-05-06,Books,Graphic Novel,5,7.94,0,39.7,5.99,2.48,48.17,Debit Card,Delivered,Standard,Website,,7,4.0,
7202486,279683,2025-05-06,Clothing,Men's Denim Jacket,1,93.01,0,93.01,12.99,5.58,111.58,Debit Card,Delivered,Express,Mobile App,,3,,
4249633,764214,2025-05-06,Clothing,Baseball Cap,3,67.51,0,202.53,12.99,16.71,232.23,Credit Card,Delivered,Express,Website,,3,,
8085604,971490,2025-05-06,Electronics,4K Smart TV,1,356.17,0,356.17,12.99,28.49,397.65,PayPal,Returned,Express,Website,,3,,Arrived Late
1547384,664785,2025-05-06,Beauty & Personal Care,Vitamin C Serum,3,26.2,0,78.6,0.0,6.29,84.89,Apple Pay,Delivered,Standard,Website,,7,,
8351656,386699,2025-05-06,Books,Poetry Collection,1,16.36,0,16.36,14.99,0.98,32.33,Google Pay,Delivered,Express,Website,,3,,
6039198,807527,2025-05-06,Office Supplies,Stapler,1,127.06,5,120.71,0.0,7.54,128.25,Gift Card,Delivered,Standard,Website,VIP15,7,4.0,
2702572,762495,2025-05-07,Books,Poetry Collection,5,35.39,0,176.95,0.0,10.62,187.57,Google Pay,Delivered,Standard,Mobile App,,7,2.0,
8007071,182833,2025-05-07,Electronics,Wireless Earbuds,1,925.26,0,925.26,12.99,55.52,993.77,PayPal,Delivered,Express,Mobile App,,3,,
1209334,801962,2025-05-07,Grocery,Granola Cereal,3,15.51,0,46.53,0.0,6.05,52.58,Gift Card,Returned,Free Pickup,Marketplace,,0,,Changed Mind
3343412,697772,2025-05-07,Electronics,Wireless Mouse,3,115.88,0,347.64,0.0,20.86,368.5,PayPal,Delivered,Standard,Website,,7,2.0,
1449215,206604,2025-05-07,Beauty & Personal Care,Shampoo & Conditioner Set,3,40.12,0,120.36,0.0,9.63,129.99,Credit Card,Cancelled,Standard,Website,,7,,
1232177,225902,2025-05-07,Toys & Games,Board Game Classic,1,23.38,0,23.38,14.99,1.4,39.77,Apple Pay,Returned,Express,Website,,3,,Changed Mind
1412632,543559,2025-05-07,Beauty & Personal Care,Sunscreen SPF50,1,10.48,5,9.96,14.99,0.62,25.57,PayPal,Delivered,Express,Website,FLASH30,3,,
3440786,929407,2025-05-07,Beauty & Personal Care,Electric Razor,2,54.18,0,108.36,24.99,7.04,140.39,Debit Card,Delivered,Next-Day,Website,,1,,
5069174,523989,2025-05-07,Toys & Games,Board Game Classic,1,14.12,0,14.12,14.99,1.84,30.95,PayPal,Delivered,Express,Marketplace,,3,3.0,
4732745,175936,2025-05-07,Grocery,Sparkling Water Case,3,26.17,0,78.51,0.0,6.28,84.79,PayPal,Delivered,Standard,Marketplace,,7,4.0,
6185447,773540,2025-05-08,Clothing,Running Shoes,3,57.6,5,164.16,0.0,21.34,185.5,Debit Card,Delivered,Free Pickup,Website,FLASH30,0,,
2525142,374219,2025-05-08,Home & Kitchen,LED Desk Lamp,1,144.05,0,144.05,0.0,28.81,172.86,Credit Card,Delivered,Free Pickup,Mobile App,,0,,
9808690,434006,2025-05-08,Home & Kitchen,Vacuum Cleaner,1,198.79,0,198.79,12.99,0.0,211.78,Google Pay,Returned,Express,Website,,3,,Wrong Size
7598842,691898,2025-05-08,Sports & Outdoors,Adjustable Dumbbell Set,1,56.73,0,56.73,5.99,3.4,66.12,PayPal,Delivered,Standard,Website,,7,4.0,
6522282,215176,2025-05-08,Home & Kitchen,Memory Foam Pillow,1,62.16,0,62.16,5.99,5.13,73.28,Credit Card,Returned,Standard,Website,,7,,Wrong Size
1729131,823673,2025-05-08,Beauty & Personal Care,Facial Moisturizer,8,30.06,0,240.48,12.99,38.48,291.95,Credit Card,Cancelled,Express,Website,,3,,
8190664,181067,2025-05-09,Clothing,Winter Parka,3,25.31,0,75.93,0.0,4.56,80.49,Credit Card,Delivered,Standard,Website,,7,5.0,
9707420,953629,2025-05-09,Beauty & Personal Care,Electric Toothbrush,1,44.37,0,44.37,14.99,2.66,62.02,PayPal,Delivered,Express,Website,,3,5.0,
4871574,724434,2025-05-09,Toys & Games,Card Game Deck,2,39.81,0,79.62,0.0,7.96,87.58,PayPal,Cancelled,Free Pickup,Mobile App,,0,,
8323877,815371,2025-05-09,Clothing,Women's Yoga Pants,2,19.35,0,38.7,5.99,2.42,47.11,Credit Card,Delivered,Standard,Mobile App,,7,4.0,
1539123,206604,2025-05-09,Home & Kitchen,Vacuum Cleaner,1,175.82,30,123.07,0.0,7.69,130.76,PayPal,Delivered,Standard,Website,SUMMER10,7,4.0,
7845947,185715,2025-05-09,Home & Kitchen,Air Fryer,3,104.61,0,313.83,12.99,50.21,377.03,Credit Card,Delivered,Express,Marketplace,,3,5.0,
9206482,180236,2025-05-09,Electronics,Noise-Cancelling Headphones,1,172.49,0,172.49,12.99,10.35,195.83,PayPal,Delivered,Express,Website,,3,,
1258649,442609,2025-05-09,Toys & Games,Outdoor Water Blaster,3,30.13,0,90.39,0.0,18.08,108.47,Credit Card,Returned,Standard,Marketplace,,7,,Not as Described
5992270,367081,2025-05-09,Clothing,Men's Denim Jacket,1,37.27,0,37.27,5.99,2.24,45.5,Debit Card,Cancelled,Standard,Mobile App,,7,,
4615657,207727,2025-05-09,Sports & Outdoors,Fitness Tracker Watch,1,215.16,0,215.16,0.0,40.88,256.04,Google Pay,Delivered,Free Pickup,Marketplace,,0,4.0,
7624467,181380,2025-05-10,Grocery,Dark Chocolate Bar,4,20.74,0,82.96,0.0,5.18,88.14,Credit Card,Delivered,Standard,Mobile App,,7,5.0,
8284549,903532,2025-05-10,Sports & Outdoors,Hiking Backpack,1,192.93,0,192.93,0.0,19.29,212.22,Credit Card,Delivered,Standard,Marketplace,,7,,
9972062,384588,2025-05-10,Clothing,Women's Yoga Pants,3,38.15,15,97.28,0.0,8.03,105.31,Apple Pay,Processing,Free Pickup,Mobile App,VIP15,0,,
8864252,826264,2025-05-10,Grocery,Dark Chocolate Bar,5,12.17,0,60.85,14.99,5.02,80.86,Debit Card,Delivered,Express,Website,,3,3.0,
5119724,588665,2025-05-10,Home & Kitchen,Stand Mixer,3,23.72,0,71.16,5.99,5.69,82.84,Credit Card,Delivered,Standard,Website,,7,2.0,
2189997,490092,2025-05-10,Home & Kitchen,Non-Stick Frying Pan,2,110.24,0,220.48,0.0,28.66,249.14,Credit Card,Returned,Standard,Marketplace,,7,,Not as Described
5156175,672388,2025-05-10,Books,Graphic Novel,5,23.73,10,106.79,0.0,13.88,120.67,,Delivered,Standard,Website,VIP15,7,3.0,
7959047,412449,2025-05-10,Home & Kitchen,Vacuum Cleaner,1,97.95,0,97.95,0.0,6.12,104.07,Credit Card,Delivered,Free Pickup,Website,,0,,
7619452,726938,2025-05-11,Beauty & Personal Care,Hair Dryer,1,44.45,0,44.45,5.99,2.67,53.11,Google Pay,Delivered,Standard,Website,,7,,
8395573,591756,2025-05-11,Office Supplies,Sticky Notes Pack,1,100.14,0,100.14,0.0,6.01,106.15,Credit Card,Delivered,Standard,Mobile App,,7,,
2622985,343810,2025-05-11,Clothing,Men's Denim Jacket,3,56.73,15,144.66,12.99,9.04,166.69,Debit Card,Delivered,Express,Website,SUMMER10,3,4.0,
2160568,476035,2025-05-11,Grocery,Protein Bar Box,3,42.51,25,95.65,0.0,5.98,101.63,Credit Card,Delivered,Standard,Mobile App,FREESHIP,7,4.0,
8117637,969091,2025-05-11,Electronics,Wireless Mouse,1,1200.0,30,840.0,0.0,50.4,890.4,PayPal,Delivered,Standard,Marketplace,WELCOME10,7,,
4816494,591756,2025-05-11,Home & Kitchen,Memory Foam Pillow,1,52.86,0,52.86,14.99,3.17,71.02,PayPal,Delivered,Express,Website,,3,5.0,
4198437,787311,2025-05-11,Home & Kitchen,Coffee Maker,1,87.46,0,87.46,12.99,13.99,114.44,Gift Card,Delivered,Express,Website,,3,,
6385808,343810,2025-05-11,Sports & Outdoors,Fishing Rod,1,99.86,0,99.86,0.0,12.98,112.84,PayPal,Delivered,Standard,Website,,7,4.0,
3459269,226126,2025-05-11,Office Supplies,Label Maker,1,26.34,0,26.34,27.99,1.58,55.91,PayPal,Returned,Next-Day,Mobile App,,1,,Better Price Found
2827678,768338,2025-05-12,Office Supplies,Ballpoint Pen Pack,6,55.74,0,334.44,12.99,66.89,414.32,Credit Card,Shipped,Express,Mobile App,,3,,
6074997,158414,2025-05-12,Sports & Outdoors,Adjustable Dumbbell Set,1,102.25,20,81.8,0.0,6.54,88.34,PayPal,Cancelled,Standard,Website,SAVE20,7,,
7549561,182540,2025-05-12,Beauty & Personal Care,Skincare Gift Set,1,63.36,0,63.36,14.99,5.07,83.42,Debit Card,Delivered,Express,Website,,3,5.0,
9689287,457597,2025-05-12,Clothing,Summer Dress,3,27.87,0,83.61,0.0,10.87,94.48,Credit Card,Delivered,Standard,Mobile App,,7,3.0,
4243341,525803,2025-05-12,Electronics,Bluetooth Speaker,1,738.37,0,738.37,0.0,147.67,886.04,Credit Card,Delivered,Standard,Website,,7,,
3292508,163173,2025-05-12,Clothing,Men's Denim Jacket,5,85.14,30,297.99,0.0,24.58,322.57,Debit Card,Returned,Standard,Mobile App,WELCOME10,7,,Changed Mind
5512022,563213,2025-05-12,Sports & Outdoors,Mountain Bike Helmet,1,37.25,25,27.94,5.99,1.75,35.68,Gift Card,Delivered,Standard,Mobile App,HOLIDAY25,7,,
9323140,250136,2025-05-12,Clothing,Baseball Cap,1,54.64,0,54.64,14.99,7.1,76.73,Credit Card,Delivered,Express,Mobile App,,3,3.0,
4585509,944244,2025-05-12,Sports & Outdoors,Camping Tent,2,110.45,0,220.9,12.99,0.0,233.89,PayPal,Delivered,Express,Website,,3,4.0,
8439968,527694,2025-05-12,Beauty & Personal Care,Electric Toothbrush,1,35.89,0,35.89,27.99,2.15,66.03,PayPal,Delivered,Next-Day,Website,,1,4.0,
1498674,610234,2025-05-13,Electronics,Wireless Mouse,2,588.55,0,1177.1,12.99,235.42,1425.51,Credit Card,Cancelled,Express,Mobile App,,3,,
7952195,588665,2025-05-13,Sports & Outdoors,Insulated Water Bottle,1,35.55,15,30.22,27.99,3.93,62.14,Debit Card,Shipped,Next-Day,Mobile App,HOLIDAY25,1,,
2365831,404286,2025-05-13,Clothing,Men's Denim Jacket,1,141.41,0,141.41,0.0,8.84,150.25,Credit Card,Delivered,Standard,Website,,7,5.0,
4518343,470612,2025-05-13,Electronics,Wireless Earbuds,2,537.9,0,1075.8,12.99,215.16,1303.95,Credit Card,Delivered,Express,Mobile App,,3,5.0,
9020241,929407,2025-05-13,Home & Kitchen,Non-Stick Frying Pan,4,95.44,0,381.76,24.99,31.5,438.25,Apple Pay,Delivered,Next-Day,Website,,1,4.0,
4206079,856071,2025-05-13,Clothing,Cotton T-Shirt,1,36.91,10,33.22,14.99,2.74,50.95,Debit Card,Returned,Express,Marketplace,SUMMER10,3,,Not as Described
9943875,670693,2025-05-13,Books,Historical Biography,1,16.22,0,16.22,5.99,1.3,23.51,Credit Card,Delivered,Standard,Website,,7,,
5781607,451758,2025-05-13,Clothing,Men's Denim Jacket,3,44.5,0,133.5,12.99,11.01,157.5,Credit Card,Delivered,Express,Website,,3,5.0,
4964391,513724,2025-05-13,Electronics,Wireless Earbuds,1,213.75,0,213.75,0.0,17.1,230.85,Debit Card,Delivered,Free Pickup,Mobile App,,0,5.0,
2726574,250897,2025-05-13,Home & Kitchen,Coffee Maker,1,17.56,25,13.17,14.99,0.82,28.98,Credit Card,Delivered,Express,Mobile App,WELCOME10,3,,
7927292,129133,2025-05-13,Books,Fantasy Trilogy Box Set,2,10.99,30,15.39,5.99,1.0,22.38,Debit Card,Delivered,Standard,Mobile App,FLASH30,7,,
8184103,508282,2025-05-14,Beauty & Personal Care,Electric Toothbrush,6,13.71,0,82.26,0.0,10.69,92.95,Credit Card,Delivered,Standard,Mobile App,,7,4.0,
5298856,831938,2025-05-14,Sports & Outdoors,Fishing Rod,1,160.12,0,160.12,0.0,12.81,172.93,Credit Card,Returned,Standard,Website,,7,,Arrived Late
7956599,865643,2025-05-14,Office Supplies,Printer Paper Ream,2,48.11,0,96.22,0.0,7.94,104.16,PayPal,Delivered,Standard,Mobile App,,7,5.0,
6542898,550369,2025-05-14,Clothing,Baseball Cap,5,49.92,0,249.6,0.0,49.92,299.52,PayPal,Delivered,Standard,Website,,7,5.0,
1234114,697324,2025-05-14,Clothing,Running Shoes,1,143.76,25,107.82,24.99,8.63,141.44,PayPal,Delivered,Next-Day,Website,FLASH30,1,3.0,
3327554,404777,2025-05-15,Sports & Outdoors,Fitness Tracker Watch,1,26.53,0,26.53,5.99,2.19,34.71,Debit Card,Delivered,Standard,Website,,7,,
5228356,163173,2025-05-15,Beauty & Personal Care,Vitamin C Serum,1,58.34,0,58.34,14.99,11.67,85.0,Gift Card,Processing,Express,Mobile App,,3,,
7543086,686412,2025-05-15,Clothing,Wool Sweater,2,58.0,20,92.8,0.0,18.56,111.36,Credit Card,Delivered,Standard,Mobile App,WELCOME10,7,5.0,
1236774,861511,2025-05-15,Home & Kitchen,Cutlery Set,2,135.86,15,230.96,0.0,19.05,250.01,Credit Card,Delivered,Standard,Website,WELCOME10,7,5.0,
8399476,512600,2025-05-15,Home & Kitchen,Ceramic Dinnerware Set,1,350.0,0,350.0,0.0,28.88,378.88,Debit Card,Delivered,Standard,Website,,7,4.0,
2562259,461780,2025-05-15,Electronics,Streaming Media Player,1,755.34,0,755.34,12.99,45.32,813.65,Credit Card,Processing,Express,Website,,3,,
4619987,954194,2025-05-15,Sports & Outdoors,Adjustable Dumbbell Set,1,213.21,0,213.21,0.0,21.32,234.53,Credit Card,Cancelled,Standard,Website,,7,,
5635590,805419,2025-05-15,Beauty & Personal Care,Facial Moisturizer,3,91.69,0,275.07,0.0,22.69,297.76,Apple Pay,Delivered,Free Pickup,Website,,0,,
9237398,412449,2025-05-15,Electronics,Bluetooth Speaker,2,631.28,0,1262.56,0.0,164.13,1426.69,Debit Card,Cancelled,Standard,Mobile App,,7,,
3115145,856360,2025-05-15,Clothing,Slim Fit Jeans,1,19.57,0,19.57,27.99,1.61,49.17,PayPal,Delivered,,Mobile App,,1,4.0,
4272727,815371,2025-05-15,Clothing,Winter Parka,1,22.41,0,22.41,5.99,1.4,29.8,Debit Card,Delivered,Standard,Mobile App,,7,2.0,
6964463,720159,2025-05-15,Toys & Games,Action Figure,1,16.61,0,16.61,14.99,3.32,34.92,Debit Card,Delivered,Express,Mobile App,,3,3.0,
5952813,400647,2025-05-16,Clothing,Baseball Cap,1,94.81,0,94.81,24.99,7.58,127.38,Debit Card,Delivered,Next-Day,Marketplace,,1,,
1969524,807606,2025-05-16,Electronics,Smartphone Case,1,383.49,0,383.49,0.0,23.97,407.46,Credit Card,Returned,Standard,Mobile App,,7,,Defective Item
5486387,265163,2025-05-16,Clothing,Winter Parka,1,31.1,0,31.1,5.99,2.49,39.58,Credit Card,Delivered,Standard,Website,,7,4.0,
6846403,992549,2025-05-16,Electronics,Wireless Mouse,3,644.26,0,1932.78,0.0,115.97,2048.75,,Delivered,Standard,Website,,7,4.0,
4410547,806986,2025-05-16,Home & Kitchen,Stand Mixer,1,108.52,0,108.52,0.0,14.11,122.63,Apple Pay,Cancelled,Standard,Marketplace,,7,,
5210174,791259,2025-05-16,Grocery,Extra Virgin Olive Oil,3,23.03,0,69.09,0.0,4.15,73.24,PayPal,Cancelled,Free Pickup,Website,,0,,
1199296,750176,2025-05-16,Beauty & Personal Care,Perfume,1,13.17,0,13.17,14.99,0.79,28.95,Credit Card,Delivered,Express,Mobile App,,3,4.0,
5248624,110880,2025-05-16,Office Supplies,Desk Organizer,2,56.09,10,100.96,24.99,6.31,132.26,PayPal,Delivered,Next-Day,Website,FREESHIP,1,4.0,
2446659,954194,2025-05-16,Home & Kitchen,Non-Stick Frying Pan,1,265.18,0,265.18,0.0,21.88,287.06,Credit Card,Delivered,Standard,Website,,7,5.0,
3481296,613863,2025-05-16,Sports & Outdoors,Fitness Tracker Watch,3,74.94,0,224.82,0.0,35.97,260.79,PayPal,Delivered,Free Pickup,Website,,0,,
9359941,557252,2025-05-17,Books,Cookbook: Weeknight Dinners,5,9.7,0,48.5,14.99,2.91,66.4,Debit Card,Cancelled,Express,Mobile App,,3,,
9293488,379104,2025-05-17,Beauty & Personal Care,Sunscreen SPF50,2,71.63,0,143.26,0.0,8.6,151.86,Credit Card,Delivered,Standard,Mobile App,,7,1.0,
7945318,549826,2025-05-17,Clothing,Running Shoes,3,24.47,0,73.41,5.99,5.87,85.27,Debit Card,Returned,Standard,Website,,7,,Defective Item
9113264,867333,2025-05-17,Electronics,Wireless Mouse,3,186.0,0,558.0,0.0,111.6,669.6,Credit Card,Delivered,Standard,Website,,7,5.0,
8060274,510515,2025-05-17,Office Supplies,Stapler,1,24.59,0,24.59,5.99,1.48,32.06,Credit Card,Delivered,Standard,Mobile App,,7,3.0,
6573297,989986,2025-05-17,Home & Kitchen,Air Fryer,1,100.5,0,100.5,0.0,8.04,108.54,Debit Card,Shipped,Standard,Website,,7,,
4740784,815371,2025-05-17,Grocery,Sparkling Water Case,4,34.33,0,137.32,0.0,17.85,155.17,Credit Card,Delivered,Standard,Marketplace,,7,5.0,
4745148,341690,2025-05-17,Electronics,Bluetooth Speaker,1,326.25,0,326.25,0.0,65.25,391.5,Gift Card,Delivered,Standard,Marketplace,,7,3.0,
9011690,847491,2025-05-17,Electronics,Mechanical Keyboard,1,581.52,25,436.14,24.99,35.98,497.11,Credit Card,Delivered,Next-Day,Mobile App,SUMMER10,1,4.0,
4888481,800045,2025-05-17,Toys & Games,Remote Control Car,2,23.62,0,47.24,0.0,0.0,47.24,Credit Card,Returned,Free Pickup,Marketplace,,0,,Not as Described
5047216,837858,2025-05-17,Clothing,Running Shoes,2,89.15,0,178.3,0.0,10.7,189.0,Apple Pay,Delivered,Standard,Website,,7,,
6151790,494006,2025-05-18,Beauty & Personal Care,Electric Toothbrush,4,25.84,0,103.36,24.99,13.44,141.79,Apple Pay,Delivered,Next-Day,Mobile App,,1,,
2861474,586006,2025-05-18,Pet Supplies,Dog Leash,1,54.12,5,51.41,5.99,3.08,60.48,Debit Card,Processing,Standard,Website,SUMMER10,7,,
9815285,549826,2025-05-18,Beauty & Personal Care,Makeup Palette,2,33.06,10,59.51,5.99,4.91,70.41,Apple Pay,Delivered,Standard,Website,FLASH30,7,4.0,
6266976,368724,2025-05-18,Books,Children's Picture Book,1,33.32,0,33.32,5.99,2.0,41.31,Credit Card,Returned,Standard,Mobile App,,7,,Arrived Late
8499072,684370,2025-05-18,Home & Kitchen,Non-Stick Frying Pan,1,188.88,0,188.88,0.0,37.78,226.66,PayPal,Delivered,Free Pickup,Mobile App,,0,,
3828886,899817,2025-05-18,Books,Mystery Novel,3,12.0,0,36.0,27.99,7.2,71.19,Credit Card,Delivered,Next-Day,Mobile App,,1,4.0,
1856096,353006,2025-05-18,Sports & Outdoors,Adjustable Dumbbell Set,1,59.66,0,59.66,5.99,3.73,69.38,Debit Card,Delivered,Standard,Website,,7,4.0,
8242187,831938,2025-05-18,Pet Supplies,Dog Bed,1,59.58,0,59.58,14.99,4.92,79.49,PayPal,Delivered,Express,Website,,3,5.0,
4879260,415774,2025-05-18,Clothing,Cotton T-Shirt,4,152.53,0,610.12,0.0,36.61,646.73,Debit Card,Delivered,Standard,Marketplace,,7,4.0,
3743726,588166,2025-05-18,Toys & Games,Board Game Classic,3,58.57,0,175.71,0.0,14.5,190.21,,Cancelled,Standard,Website,,7,,
9389807,823556,2025-05-19,Clothing,Rain Jacket,3,19.97,0,59.91,14.99,0.0,74.9,PayPal,Delivered,Express,Website,,3,4.0,
4270728,804118,2025-05-19,Books,Cookbook: Weeknight Dinners,1,32.24,0,32.24,5.99,2.02,40.25,Credit Card,Delivered,Standard,Mobile App,,7,,
7100211,929214,2025-05-19,Home & Kitchen,Cotton Bed Sheets,2,75.52,0,151.04,0.0,12.46,163.5,Credit Card,Delivered,Standard,Website,,7,5.0,
2730683,411928,2025-05-19,Clothing,Men's Denim Jacket,3,63.06,5,179.72,0.0,23.36,203.08,Gift Card,Returned,Standard,Mobile App,VIP15,7,,Better Price Found
6600052,515463,2025-05-19,Clothing,Cotton T-Shirt,2,125.5,15,213.35,0.0,17.07,230.42,Gift Card,Delivered,Standard,Mobile App,SUMMER10,7,5.0,
3644152,226126,2025-05-19,Books,Poetry Collection,3,6.54,0,19.62,14.99,1.23,35.84,Credit Card,Cancelled,Express,Website,,3,,
1945839,702122,2025-05-19,Clothing,Wool Sweater,1,96.81,5,91.97,0.0,5.75,97.72,Debit Card,Delivered,Standard,Website,HOLIDAY25,7,,
2210878,863406,2025-05-19,Office Supplies,Sticky Notes Pack,3,70.58,0,211.74,0.0,16.94,228.68,Credit Card,Delivered,Standard,Mobile App,,7,3.0,
3242683,762648,2025-05-19,Office Supplies,Desk Organizer,4,220.0,0,880.0,0.0,72.6,952.6,Debit Card,Cancelled,Free Pickup,Mobile App,,0,,
2178608,360723,2025-05-19,Home & Kitchen,Coffee Maker,3,114.1,0,342.3,24.99,20.54,387.83,PayPal,Returned,Next-Day,Mobile App,,1,,Arrived Late
3287041,358988,2025-05-20,Clothing,Summer Dress,2,45.21,15,76.86,0.0,4.8,81.66,Debit Card,Delivered,Standard,Website,VIP15,7,3.0,
9147889,346532,2025-05-20,Grocery,Pasta Variety Pack,6,12.88,0,77.28,0.0,6.38,83.66,Credit Card,Delivered,Standard,Website,,7,5.0,
5543556,678850,2025-05-20,Toys & Games,Plush Teddy Bear,2,16.45,25,24.67,27.99,1.54,54.2,Apple Pay,Delivered,Next-Day,Website,SUMMER10,1,4.0,
1497218,436093,2025-05-20,Sports & Outdoors,Fitness Tracker Watch,1,102.04,0,102.04,0.0,13.27,115.31,Credit Card,Delivered,Free Pickup,Website,,0,4.0,
1090793,686576,2025-05-20,Home & Kitchen,Coffee Maker,1,74.14,10,66.73,14.99,5.51,87.23,Debit Card,Delivered,Express,Mobile App,WELCOME10,3,4.0,
1991506,367081,2025-05-21,Clothing,Running Shoes,1,33.52,25,25.14,5.99,1.51,32.64,PayPal,Returned,Standard,Website,VIP15,7,,Arrived Late
4550752,151500,2025-05-21,Clothing,Rain Jacket,2,72.88,0,145.76,24.99,18.95,189.7,Credit Card,Delivered,Next-Day,Website,,1,1.0,
9219150,787199,2025-05-21,Clothing,Winter Parka,1,71.32,0,71.32,27.99,9.27,108.58,Credit Card,Delivered,Next-Day,Website,,1,,
4694782,119435,2025-05-21,Grocery,Extra Virgin Olive Oil,1,30.67,0,30.67,27.99,1.84,60.5,Credit Card,Delivered,Next-Day,Mobile App,,1,3.0,
9890258,821498,2025-05-21,Books,Science Fiction Epic,3,42.14,0,126.42,12.99,7.59,147.0,Credit Card,Delivered,Express,Mobile App,,3,5.0,
8508538,926740,2025-05-21,Clothing,Cotton T-Shirt,1,20.77,0,20.77,5.99,1.25,28.01,PayPal,Returned,Standard,Mobile App,,7,,Arrived Late
7302576,199508,2025-05-21,Beauty & Personal Care,Skincare Gift Set,1,40.4,0,40.4,5.99,2.42,48.81,Credit Card,Delivered,Standard,Mobile App,,7,,
4744289,248547,2025-05-22,Grocery,Organic Coffee Beans,1,32.46,0,32.46,5.99,1.95,40.4,Credit Card,Processing,Standard,Website,,7,,
1105969,939425,2025-05-22,Clothing,Rain Jacket,1,56.42,0,56.42,5.99,4.65,67.06,Debit Card,Delivered,Standard,Mobile App,,7,5.0,
8140111,848646,2025-05-22,Clothing,Summer Dress,1,30.41,0,30.41,14.99,1.82,47.22,Apple Pay,Delivered,Express,Mobile App,,3,,
1393352,698930,2025-05-22,Clothing,Baseball Cap,1,167.99,0,167.99,0.0,21.84,189.83,Debit Card,Delivered,Standard,Website,,7,5.0,
1110837,240201,2025-05-22,Toys & Games,Plush Teddy Bear,1,26.84,0,26.84,27.99,3.49,58.32,Debit Card,Delivered,Next-Day,Mobile App,,1,4.0,
8216609,198172,2025-05-22,Grocery,Sparkling Water Case,1,24.07,0,24.07,5.99,1.44,31.5,PayPal,Delivered,Standard,Website,,7,5.0,
2393892,236288,2025-05-23,Electronics,Smartphone Case,2,199.75,0,399.5,0.0,32.96,432.46,Credit Card,Delivered,Standard,Marketplace,,7,5.0,
5908190,962949,2025-05-23,Clothing,Men's Denim Jacket,5,106.7,0,533.5,0.0,33.34,566.84,PayPal,Shipped,Standard,Website,,7,,
6831316,815371,2025-05-23,Home & Kitchen,Ceramic Dinnerware Set,2,43.45,0,86.9,0.0,5.65,92.55,Gift Card,Delivered,Standard,Website,,7,4.0,
4304963,533723,2025-05-23,Home & Kitchen,LED Desk Lamp,1,104.11,5,98.9,0.0,15.82,114.72,Credit Card,Processing,Free Pickup,Website,HOLIDAY25,0,,
6936475,460687,2025-05-23,Beauty & Personal Care,Skincare Gift Set,1,48.72,0,48.72,14.99,6.33,70.04,Apple Pay,Delivered,Express,Website,,3,5.0,
1779513,959532,2025-05-23,Pet Supplies,Aquarium Filter,1,31.4,0,31.4,27.99,2.59,61.98,Apple Pay,Delivered,Next-Day,Website,,1,5.0,
4083077,608217,2025-05-23,Books,Graphic Novel,1,14.92,0,14.92,5.99,0.9,21.81,Credit Card,Delivered,Standard,Mobile App,,7,,
4753709,842688,2025-05-23,Toys & Games,Board Game Classic,1,20.08,0,20.08,27.99,1.2,49.27,PayPal,Delivered,Next-Day,Website,,1,4.0,
2411050,962949,2025-05-24,Clothing,Cotton T-Shirt,1,134.88,0,134.88,24.99,11.13,171.0,Debit Card,Delivered,Next-Day,Website,,1,,
4040392,557252,2025-05-24,Electronics,4K Smart TV,4,687.52,0,2750.08,0.0,220.01,2970.09,Apple Pay,Cancelled,Standard,Website,,7,,
1743404,261232,2025-05-24,Clothing,Summer Dress,2,79.52,0,159.04,24.99,15.9,199.93,PayPal,Delivered,Next-Day,Marketplace,,1,,
9097463,265163,2025-05-24,Clothing,Summer Dress,1,17.57,0,17.57,5.99,1.05,24.61,Gift Card,Delivered,Standard,Mobile App,,7,,
7183611,771645,2025-05-24,Clothing,Winter Parka,1,21.18,0,21.18,5.99,4.24,31.41,PayPal,Returned,Standard,Mobile App,,7,,Defective Item
7834622,527694,2025-05-24,Office Supplies,File Folders Pack,1,75.12,0,75.12,0.0,4.51,79.63,Credit Card,Delivered,Standard,Website,,7,,
7680499,310345,2025-05-25,Home & Kitchen,Stand Mixer,1,58.93,0,58.93,0.0,7.66,66.59,Credit Card,Delivered,Free Pickup,Website,,0,4.0,
6891156,436577,2025-05-25,Books,Historical Biography,1,20.72,0,20.72,5.99,1.66,28.37,Credit Card,Delivered,Standard,Website,,7,,
9469219,149044,2025-05-25,Electronics,Wireless Mouse,2,1108.91,0,2217.82,0.0,221.78,2439.6,Credit Card,Delivered,Standard,Website,,7,,
6338603,820298,2025-05-25,Electronics,Laptop Stand,1,193.14,30,135.2,12.99,8.11,156.3,Google Pay,Delivered,Express,Website,SAVE20,3,,
8086139,800045,2025-05-25,Grocery,Sparkling Water Case,2,29.87,0,59.74,5.99,5.97,71.7,PayPal,Delivered,Standard,Website,,7,5.0,
1983724,916996,2025-05-25,Beauty & Personal Care,Vitamin C Serum,2,30.32,0,60.64,14.99,3.64,79.27,PayPal,Delivered,Express,Website,,3,3.0,
7033639,697324,2025-05-25,Home & Kitchen,Stand Mixer,1,47.73,0,47.73,5.99,3.94,57.66,Apple Pay,Delivered,Standard,Website,,7,5.0,
5334649,468940,2025-05-25,Toys & Games,Action Figure,1,50.65,0,50.65,14.99,10.13,75.77,Credit Card,Delivered,Express,Website,,3,5.0,
7314892,570217,2025-05-25,Electronics,4K Smart TV,1,758.92,20,607.14,0.0,78.93,686.07,Credit Card,Delivered,Standard,Website,HOLIDAY25,7,,
8853456,392938,2025-05-25,Clothing,Slim Fit Jeans,5,47.42,0,237.1,0.0,14.23,251.33,Credit Card,Delivered,Standard,Mobile App,,7,3.0,
3834404,806683,2025-05-25,Clothing,Winter Parka,3,70.46,0,211.38,12.99,12.68,237.05,Debit Card,Delivered,Express,Mobile App,,3,4.0,
1521336,470612,2025-05-25,Beauty & Personal Care,Facial Moisturizer,4,17.89,0,71.56,5.99,4.29,81.84,PayPal,Delivered,Standard,Website,,7,5.0,
1764311,218848,2025-05-25,Electronics,Streaming Media Player,1,132.05,0,132.05,0.0,13.21,145.26,Credit Card,Delivered,Standard,Mobile App,,7,5.0,
9808755,713629,2025-05-25,Clothing,Rain Jacket,1,132.49,0,132.49,0.0,7.95,140.44,Credit Card,Delivered,Standard,Mobile App,,7,5.0,
3503779,282330,2025-05-26,Electronics,Streaming Media Player,1,384.31,0,384.31,0.0,49.96,434.27,Credit Card,Delivered,Standard,Mobile App,,7,,
8139086,429344,2025-05-26,Electronics,Laptop Stand,2,50.49,0,100.98,24.99,8.33,134.3,Credit Card,Delivered,Next-Day,Marketplace,,1,,
6915349,581702,2025-05-26,Home & Kitchen,Vacuum Cleaner,4,246.08,30,689.02,12.99,41.34,743.35,Credit Card,Delivered,Express,Mobile App,VIP15,3,,
2446833,645241,2025-05-26,Electronics,Streaming Media Player,1,199.48,0,199.48,0.0,16.46,215.94,PayPal,Delivered,Free Pickup,Website,,0,5.0,
5839757,104886,2025-05-26,Home & Kitchen,Cutlery Set,1,105.79,0,105.79,0.0,10.58,116.37,Credit Card,Delivered,Standard,Marketplace,,7,,
4215591,352288,2025-05-26,Electronics,Noise-Cancelling Headphones,3,488.65,25,1099.46,0.0,142.93,1242.39,Debit Card,Delivered,Standard,Marketplace,SUMMER10,7,5.0,
3017726,273715,2025-05-26,Beauty & Personal Care,Sunscreen SPF50,1,32.21,0,32.21,27.99,2.01,62.21,Apple Pay,Delivered,Next-Day,Mobile App,,1,,
3811912,856758,2025-05-26,Beauty & Personal Care,Vitamin C Serum,2,41.26,0,82.52,0.0,16.5,99.02,PayPal,Returned,,Mobile App,,7,,Defective Item
4477755,212415,2025-05-26,Home & Kitchen,Memory Foam Pillow,1,47.06,0,47.06,27.99,3.88,78.93,Credit Card,Delivered,Next-Day,Mobile App,,1,,
6829171,209703,2025-05-26,Beauty & Personal Care,Facial Moisturizer,3,32.82,0,98.46,12.99,9.85,121.3,Debit Card,Delivered,Express,Marketplace,,3,,
4656932,198172,2025-05-26,Electronics,Bluetooth Speaker,1,126.56,0,126.56,24.99,7.59,159.14,Credit Card,Delivered,Next-Day,Website,,1,,
1639184,745022,2025-05-26,Grocery,Mixed Nuts Pack,3,44.91,0,134.73,24.99,8.08,167.8,Debit Card,Delivered,Next-Day,Website,,1,4.0,
9233039,696461,2025-05-26,Clothing,Men's Denim Jacket,1,149.01,0,149.01,24.99,8.94,182.94,Google Pay,Delivered,Next-Day,Website,,1,,
1415294,848713,2025-05-26,Clothing,Summer Dress,4,28.14,0,112.56,12.99,14.63,140.18,Credit Card,Cancelled,Express,Mobile App,,3,,
5864694,622527,2025-05-26,Home & Kitchen,Cotton Bed Sheets,2,214.76,0,429.52,0.0,26.84,456.36,Credit Card,Delivered,Standard,Marketplace,,7,,
3843097,955861,2025-05-26,Clothing,Running Shoes,2,36.81,0,73.62,5.99,5.89,85.5,Debit Card,Delivered,Standard,Mobile App,,7,,
3658821,902957,2025-05-27,Home & Kitchen,Memory Foam Pillow,3,142.68,0,428.04,12.99,35.31,476.34,Debit Card,Cancelled,Express,Marketplace,,3,,
3764552,977095,2025-05-27,Clothing,Wool Sweater,1,53.79,0,53.79,5.99,3.23,63.01,PayPal,Delivered,Standard,Mobile App,,7,,
5845666,371751,2025-05-27,Sports & Outdoors,Adjustable Dumbbell Set,2,14.86,0,29.72,5.99,5.94,41.65,Credit Card,Delivered,Standard,Mobile App,,7,,
1786309,937852,2025-05-27,Clothing,Women's Yoga Pants,1,27.63,0,27.63,5.99,1.73,35.35,PayPal,Delivered,Standard,Website,,7,4.0,
2800782,516468,2025-05-27,Clothing,Summer Dress,2,178.3,0,356.6,0.0,46.36,402.96,Google Pay,Delivered,Standard,Marketplace,,7,2.0,
4951791,385214,2025-05-28,Home & Kitchen,Memory Foam Pillow,1,44.33,0,44.33,5.99,2.77,53.09,PayPal,Delivered,Standard,Mobile App,,7,1.0,
5279385,198172,2025-05-28,Electronics,4K Smart TV,1,402.85,0,402.85,0.0,24.17,427.02,PayPal,Delivered,Standard,Mobile App,,7,,
6023304,404286,2025-05-28,Sports & Outdoors,Fishing Rod,2,80.88,0,161.76,0.0,9.71,171.47,PayPal,Returned,Standard,Website,,7,,Changed Mind
8476060,204309,2025-05-28,Grocery,Organic Coffee Beans,3,31.3,0,93.9,0.0,12.21,106.11,Credit Card,Delivered,Standard,Marketplace,,7,2.0,
9523931,205361,2025-05-28,Home & Kitchen,Cutlery Set,2,100.69,0,201.38,0.0,12.08,213.46,Credit Card,Delivered,Standard,Mobile App,,7,5.0,
6444092,248546,2025-05-28,Home & Kitchen,Non-Stick Frying Pan,1,176.94,25,132.7,0.0,7.96,140.66,Debit Card,Delivered,Standard,Website,SUMMER10,7,4.0,
3371898,384136,2025-05-28,Beauty & Personal Care,Electric Toothbrush,3,23.75,0,71.25,5.99,0.0,77.24,PayPal,Delivered,Standard,Website,,7,,
7574772,773540,2025-05-28,Office Supplies,Ergonomic Office Chair,5,92.79,0,463.95,0.0,27.84,491.79,Debit Card,Delivered,Standard,Website,,7,5.0,
1900247,709428,2025-05-28,Electronics,4K Smart TV,3,106.44,0,319.32,0.0,0.0,319.32,Apple Pay,Cancelled,Free Pickup,Website,,0,,
9825818,520397,2025-05-29,Electronics,Noise-Cancelling Headphones,4,178.21,0,712.84,0.0,0.0,712.84,Credit Card,Delivered,Standard,Mobile App,,7,1.0,
3177162,368724,2025-05-29,Sports & Outdoors,Insulated Water Bottle,1,21.62,15,18.38,5.99,1.1,25.47,Credit Card,Delivered,Standard,Website,SAVE20,7,2.0,
5950867,468940,2025-05-29,Books,Poetry Collection,3,23.09,0,69.27,5.99,9.01,84.27,Credit Card,Delivered,Standard,Website,,7,5.0,
4899727,516216,2025-05-29,Home & Kitchen,LED Desk Lamp,3,230.39,0,691.17,24.99,43.2,759.36,PayPal,Delivered,Next-Day,Website,,1,,
9751690,181777,2025-05-29,Electronics,Mechanical Keyboard,1,413.28,0,413.28,0.0,24.8,438.08,Credit Card,Delivered,Standard,Mobile App,,7,5.0,
4935862,460687,2025-05-29,Books,Graphic Novel,1,11.36,15,9.66,5.99,0.77,16.42,Credit Card,Delivered,Standard,Mobile App,WELCOME10,7,4.0,
1363751,848713,2025-05-29,Home & Kitchen,Cotton Bed Sheets,1,240.71,0,240.71,24.99,15.04,280.74,Debit Card,Delivered,Next-Day,Mobile App,,1,,
5930892,501971,2025-05-29,Electronics,Noise-Cancelling Headphones,2,257.97,0,515.94,0.0,30.96,546.9,PayPal,Delivered,Standard,Mobile App,,7,4.0,
4825099,500693,2025-05-29,Sports & Outdoors,Yoga Mat,1,122.74,0,122.74,12.99,7.36,143.09,Gift Card,Delivered,Express,Website,,3,,
5455508,529534,2025-05-29,Clothing,Cotton T-Shirt,1,48.63,0,48.63,5.99,3.04,57.66,Debit Card,Delivered,Standard,Marketplace,,7,,
8085585,942283,2025-05-29,Books,Fantasy Trilogy Box Set,8,25.7,0,205.6,0.0,12.85,218.45,Gift Card,Delivered,,Mobile App,,7,,
9625403,488554,2025-05-30,Clothing,Rain Jacket,4,85.92,0,343.68,0.0,34.37,378.05,Credit Card,Delivered,Standard,Website,,7,,
9453102,320359,2025-05-30,Sports & Outdoors,Yoga Mat,1,221.32,0,221.32,12.99,22.13,256.44,Credit Card,Delivered,Express,Mobile App,,3,5.0,
9111461,588665,2025-05-30,Books,Fantasy Trilogy Box Set,2,14.43,0,28.86,14.99,1.73,45.58,Debit Card,Delivered,Express,Website,,3,4.0,
7989331,545164,2025-05-30,Home & Kitchen,Air Fryer,1,25.55,0,25.55,27.99,2.04,55.58,Credit Card,Delivered,Next-Day,Marketplace,,1,,
6756048,378752,2025-05-30,Clothing,Men's Denim Jacket,3,43.32,10,116.96,12.99,7.6,137.55,Debit Card,Cancelled,Express,Mobile App,FREESHIP,3,,
2961650,225651,2025-05-30,Electronics,Streaming Media Player,1,305.1,0,305.1,0.0,39.66,344.76,Google Pay,Delivered,Standard,Mobile App,,7,,
1527311,964937,2025-05-30,Clothing,Slim Fit Jeans,2,20.92,15,35.56,14.99,2.93,53.48,Google Pay,Processing,Express,Website,SUMMER10,3,,
3883092,329012,2025-05-30,Office Supplies,Stapler,2,63.31,0,126.62,24.99,10.13,161.74,Debit Card,Delivered,Next-Day,Mobile App,,1,5.0,
2131968,427055,2025-05-30,Beauty & Personal Care,Electric Toothbrush,4,22.91,0,91.64,0.0,0.0,91.64,Debit Card,Delivered,Standard,Mobile App,,7,,
5857622,502006,2025-05-30,Pet Supplies,Bird Cage,1,36.4,0,36.4,5.99,2.18,44.57,Apple Pay,Delivered,Standard,Website,,7,,
9779108,352288,2025-05-30,Electronics,Bluetooth Speaker,4,345.31,0,1381.24,0.0,82.87,1464.11,Credit Card,Delivered,Standard,Mobile App,,7,1.0,
1163834,339714,2025-05-31,Electronics,Wireless Earbuds,1,242.35,0,242.35,0.0,14.54,256.89,Debit Card,Delivered,Standard,Mobile App,,7,5.0,
1415357,258357,2025-05-31,Books,Fantasy Trilogy Box Set,1,13.94,0,13.94,14.99,1.12,30.05,Debit Card,Delivered,Express,Website,,3,,
1940105,383787,2025-05-31,Electronics,Wireless Mouse,1,517.28,0,517.28,12.99,32.33,562.6,PayPal,Cancelled,Express,Mobile App,,3,,
5870735,699053,2025-05-31,Electronics,Smartphone Case,2,219.59,0,439.18,12.99,27.45,479.62,Debit Card,Returned,Express,Marketplace,,3,,Not as Described
8809971,139745,2025-05-31,Home & Kitchen,Vacuum Cleaner,1,171.18,0,171.18,12.99,10.7,194.87,Credit Card,Shipped,Express,Website,,3,,
2001380,550369,2025-05-31,Home & Kitchen,Stand Mixer,2,52.84,0,105.68,0.0,6.34,112.02,Credit Card,Delivered,Free Pickup,Website,,0,4.0,
9108773,516339,2025-05-31,Grocery,Sparkling Water Case,5,15.03,0,75.15,0.0,4.51,79.66,Credit Card,Delivered,Standard,Mobile App,,7,5.0,
6580855,865643,2025-05-31,Sports & Outdoors,Camping Tent,1,46.16,0,46.16,5.99,2.77,54.92,PayPal,Delivered,Standard,Marketplace,,7,4.0,
9626386,548974,2025-05-31,Clothing,Wool Sweater,1,117.67,0,117.67,0.0,9.71,127.38,Apple Pay,Delivered,Standard,Mobile App,,7,5.0,
8076705,429344,2025-06-01,Home & Kitchen,Cutlery Set,4,64.2,0,256.8,0.0,21.19,277.99,Credit Card,Shipped,Standard,Mobile App,,7,,
2992579,942304,2025-06-01,Books,Self-Help Guide,3,12.21,0,36.63,5.99,2.2,44.82,Debit Card,Cancelled,Standard,Website,,7,,
9283729,764258,2025-06-01,Electronics,Bluetooth Speaker,1,165.14,0,165.14,0.0,9.91,175.05,Credit Card,Cancelled,Free Pickup,Website,,0,,
9343518,146484,2025-06-01,Beauty & Personal Care,Skincare Gift Set,2,48.78,15,82.93,12.99,8.29,104.21,Credit Card,Delivered,Express,Mobile App,HOLIDAY25,3,,
5723346,526724,2025-06-01,Home & Kitchen,Coffee Maker,2,188.11,0,376.22,12.99,22.57,411.78,PayPal,Returned,Express,Website,,3,,Not as Described
4039884,698930,2025-06-01,Home & Kitchen,Vacuum Cleaner,1,103.92,0,103.92,0.0,6.24,110.16,PayPal,Delivered,Standard,Mobile App,,7,5.0,
8274930,386699,2025-06-01,Electronics,Noise-Cancelling Headphones,2,95.89,0,191.78,0.0,38.36,230.14,Credit Card,Cancelled,Standard,Website,,7,,
5649420,446431,2025-06-01,Clothing,Running Shoes,2,15.6,15,26.52,5.99,1.59,34.1,Credit Card,Delivered,Standard,Mobile App,VIP15,7,3.0,
7811151,490517,2025-06-01,Sports & Outdoors,Fitness Tracker Watch,1,95.67,0,95.67,12.99,12.44,121.1,Credit Card,Delivered,Express,Website,,3,,
6626759,184960,2025-06-01,Home & Kitchen,Stand Mixer,1,89.06,0,89.06,0.0,7.35,96.41,Credit Card,Shipped,Standard,Website,,7,,
2835880,540156,2025-06-01,Home & Kitchen,Cutlery Set,2,69.12,0,138.24,0.0,11.06,149.3,Credit Card,Returned,Free Pickup,Marketplace,,0,,Not as Described
9645307,175936,2025-06-01,Grocery,Honey Jar,3,17.83,0,53.49,5.99,3.34,62.82,Google Pay,Delivered,Standard,Marketplace,,7,,
4221924,122359,2025-06-01,Electronics,Mechanical Keyboard,2,317.16,0,634.32,0.0,52.33,686.65,Credit Card,Delivered,Standard,Website,,7,5.0,
7789405,497993,2025-06-02,Beauty & Personal Care,Perfume,3,10.61,0,31.83,27.99,0.0,59.82,PayPal,Delivered,Next-Day,Website,,1,5.0,
9279817,244471,2025-06-02,Electronics,4K Smart TV,3,571.62,0,1714.86,0.0,222.93,1937.79,Apple Pay,Delivered,Standard,Website,,7,4.0,
9153124,276672,2025-06-02,Clothing,Slim Fit Jeans,1,20.58,0,20.58,5.99,1.7,28.27,Google Pay,Delivered,Standard,Mobile App,,7,5.0,
4666605,578841,2025-06-02,Grocery,Granola Cereal,8,12.24,0,97.92,24.99,6.36,129.27,Debit Card,Delivered,Next-Day,Website,,1,5.0,
6320332,663408,2025-06-02,Electronics,Bluetooth Speaker,1,776.43,0,776.43,0.0,64.06,840.49,Apple Pay,Delivered,Standard,Mobile App,,7,,
6664676,233128,2025-06-02,Clothing,Cotton T-Shirt,3,119.56,0,358.68,12.99,21.52,393.19,Credit Card,Delivered,Express,Mobile App,,3,,
7871508,177611,2025-06-02,Office Supplies,Notebook Set,4,68.24,0,272.96,0.0,21.84,294.8,Credit Card,Delivered,Standard,Mobile App,,7,,
4243778,807606,2025-06-02,Toys & Games,Action Figure,2,16.62,0,33.24,5.99,1.99,41.22,Apple Pay,Delivered,Standard,Website,,7,,
3742087,713629,2025-06-02,Office Supplies,Label Maker,3,84.73,0,254.19,0.0,16.52,270.71,Credit Card,Delivered,Standard,Website,,7,,
6637277,964937,2025-06-02,Books,Children's Picture Book,1,24.38,0,24.38,14.99,4.88,44.25,Debit Card,Shipped,Express,Website,,3,,
6080348,315385,2025-06-02,Electronics,Bluetooth Speaker,2,253.99,0,507.98,0.0,41.91,549.89,Credit Card,Delivered,Standard,Website,,7,,
7930248,545164,2025-06-02,Office Supplies,Desk Organizer,4,75.26,0,301.04,12.99,60.21,374.24,PayPal,Delivered,Express,Website,,3,4.0,
1990069,599375,2025-06-02,Home & Kitchen,Air Fryer,1,45.15,0,45.15,5.99,3.72,54.86,Debit Card,Delivered,Standard,Mobile App,,7,,
7787680,216395,2025-06-02,Toys & Games,Action Figure,3,59.11,0,177.33,0.0,10.64,187.97,Debit Card,Delivered,Standard,Marketplace,,7,3.0,
1314844,182540,2025-06-02,Pet Supplies,Dog Leash,1,17.63,0,17.63,14.99,1.45,34.07,PayPal,Returned,Express,Website,,3,,Defective Item
1319757,589943,2025-06-02,Toys & Games,Outdoor Water Blaster,2,21.02,0,42.04,5.99,2.52,50.55,PayPal,Delivered,Standard,Website,,7,4.0,
8461581,717284,2025-06-02,Office Supplies,Ballpoint Pen Pack,1,7.34,0,7.34,0.0,0.73,8.07,Credit Card,Delivered,Free Pickup,Website,,0,,
8941716,543559,2025-06-03,Clothing,Men's Denim Jacket,2,85.25,10,153.45,0.0,9.59,163.04,Credit Card,Delivered,Standard,Marketplace,WELCOME10,7,3.0,
5695719,861837,2025-06-03,Books,Poetry Collection,1,9.38,0,9.38,5.99,0.59,15.96,Debit Card,Delivered,Standard,Mobile App,,7,4.0,
2115229,717194,2025-06-03,Electronics,Noise-Cancelling Headphones,1,217.66,0,217.66,0.0,0.0,217.66,Debit Card,Shipped,Free Pickup,Website,,0,,
6929756,622527,2025-06-03,Beauty & Personal Care,Electric Razor,2,21.94,20,35.1,5.99,2.19,43.28,Credit Card,Delivered,Standard,Website,FREESHIP,7,4.0,
2837913,696461,2025-06-03,Sports & Outdoors,Yoga Mat,1,28.75,0,28.75,5.99,2.37,37.11,PayPal,Delivered,Standard,Website,,7,,
1867003,693028,2025-06-03,Home & Kitchen,Cutlery Set,1,125.17,0,125.17,12.99,25.03,163.19,Credit Card,Cancelled,Express,Website,,3,,
3592830,889948,2025-06-03,Beauty & Personal Care,Shampoo & Conditioner Set,1,41.59,0,41.59,14.99,2.5,59.08,Credit Card,Delivered,Express,Marketplace,,3,4.0,
2069758,195758,2025-06-04,Electronics,Wireless Mouse,1,347.56,20,278.05,0.0,16.68,294.73,Credit Card,Delivered,Standard,Marketplace,SAVE20,7,,
8094535,800785,2025-06-04,Home & Kitchen,Vacuum Cleaner,1,95.19,0,95.19,12.99,7.85,116.03,PayPal,Delivered,Express,Website,,3,3.0,
3048586,182540,2025-06-04,Grocery,Green Tea Bags,4,16.04,30,44.91,14.99,2.69,62.59,Credit Card,Delivered,Express,Mobile App,HOLIDAY25,3,4.0,
6339400,771645,2025-06-04,Electronics,Noise-Cancelling Headphones,1,203.87,0,203.87,12.99,12.23,229.09,Credit Card,Delivered,Express,Website,,3,5.0,
5846008,507886,2025-06-04,Electronics,Streaming Media Player,1,418.28,0,418.28,12.99,34.51,465.78,Debit Card,Delivered,Express,Mobile App,,3,,
5104311,116154,2025-06-04,Electronics,Mechanical Keyboard,3,98.22,0,294.66,12.99,19.15,326.8,PayPal,Delivered,Express,Website,,3,4.0,
9830856,370685,2025-06-04,Clothing,Wool Sweater,1,96.64,0,96.64,0.0,6.04,102.68,Credit Card,Delivered,Free Pickup,Marketplace,,0,4.0,
7163094,598248,2025-06-04,Clothing,Running Shoes,1,61.72,0,61.72,14.99,5.09,81.8,Credit Card,Returned,Express,Website,,3,,Arrived Late
7192870,564162,2025-06-04,Electronics,Streaming Media Player,1,371.47,0,371.47,0.0,30.65,402.12,PayPal,Delivered,Standard,Marketplace,,7,,
5262434,714776,2025-06-04,Grocery,Mixed Nuts Pack,4,17.1,0,68.4,5.99,8.89,83.28,Credit Card,Delivered,Standard,Website,,7,4.0,
2509742,837709,2025-06-05,Office Supplies,File Folders Pack,3,42.08,5,119.93,12.99,7.2,140.12,Apple Pay,Delivered,Express,Mobile App,FLASH30,3,,
7226636,969906,2025-06-05,Clothing,Men's Denim Jacket,5,31.43,0,157.15,12.99,9.82,179.96,Debit Card,Cancelled,Express,Marketplace,,3,,
6217114,666744,2025-06-05,Electronics,Mechanical Keyboard,1,486.29,0,486.29,0.0,40.12,526.41,Debit Card,Delivered,Standard,Marketplace,,7,,
3477087,281969,2025-06-05,Office Supplies,Ballpoint Pen Pack,1,220.0,25,165.0,0.0,21.45,186.45,Debit Card,Delivered,Standard,Website,WELCOME10,7,5.0,
3635167,971490,2025-06-05,Toys & Games,Plush Teddy Bear,3,14.18,0,42.54,14.99,5.53,63.06,Credit Card,Delivered,Express,Website,,3,5.0,
1772666,697772,2025-06-05,Beauty & Personal Care,Sunscreen SPF50,4,54.67,0,218.68,0.0,13.12,231.8,Google Pay,Delivered,Free Pickup,Mobile App,,0,5.0,
2455913,542798,2025-06-06,Home & Kitchen,Coffee Maker,3,203.43,0,610.29,12.99,50.35,673.63,Credit Card,Delivered,Express,Website,,3,4.0,
5711257,687179,2025-06-06,Books,Children's Picture Book,1,9.44,0,9.44,5.99,0.78,16.21,Debit Card,Delivered,Standard,Website,,7,,
7349295,763562,2025-06-06,Home & Kitchen,Memory Foam Pillow,4,36.28,0,145.12,12.99,8.71,166.82,Google Pay,Shipped,Express,Marketplace,,3,,
9237444,471106,2025-06-06,Beauty & Personal Care,Sunscreen SPF50,1,33.25,0,33.25,5.99,2.0,41.24,Apple Pay,Cancelled,Standard,Website,,7,,
5281445,582249,2025-06-06,Sports & Outdoors,Camping Tent,1,61.76,0,61.76,5.99,3.86,71.61,PayPal,Delivered,Standard,Website,,7,4.0,
1584642,942045,2025-06-06,Electronics,Bluetooth Speaker,1,368.93,0,368.93,0.0,73.79,442.72,Credit Card,Delivered,Standard,Marketplace,,7,,
5088220,415774,2025-06-06,Clothing,Men's Denim Jacket,2,55.39,0,110.78,12.99,22.16,145.93,PayPal,Delivered,Express,Mobile App,,3,4.0,
3352271,433355,2025-06-06,Grocery,Green Tea Bags,3,17.11,0,51.33,5.99,3.08,60.4,Debit Card,Returned,Standard,Website,,7,,Not as Described
2265845,764214,2025-06-07,Sports & Outdoors,Adjustable Dumbbell Set,1,54.22,0,54.22,0.0,7.05,61.27,PayPal,Returned,Free Pickup,Mobile App,,0,,Wrong Size
4890904,233128,2025-06-07,Electronics,Wireless Mouse,1,1200.0,0,1200.0,0.0,72.0,1272.0,Google Pay,Delivered,Standard,Website,,7,5.0,
4806286,703930,2025-06-07,Grocery,Sparkling Water Case,4,31.32,0,125.28,0.0,25.06,150.34,Credit Card,Delivered,Standard,Mobile App,,7,5.0,
3411575,148019,2025-06-07,Sports & Outdoors,Fishing Rod,1,56.11,0,56.11,5.99,4.49,66.59,Gift Card,Delivered,Standard,Website,,7,4.0,
4921072,564162,2025-06-07,Sports & Outdoors,Fishing Rod,4,41.93,0,167.72,24.99,13.42,206.13,Apple Pay,Delivered,Next-Day,Mobile App,,1,5.0,
3082101,672388,2025-06-07,Sports & Outdoors,Adjustable Dumbbell Set,1,139.02,25,104.27,12.99,6.26,123.52,PayPal,Returned,Express,Mobile App,HOLIDAY25,3,,Better Price Found
5635422,392938,2025-06-07,Clothing,Rain Jacket,3,50.77,0,152.31,0.0,9.14,161.45,Credit Card,Delivered,Standard,Website,,7,,
4721537,673226,2025-06-08,Grocery,Extra Virgin Olive Oil,4,26.02,25,78.06,12.99,5.07,96.12,PayPal,Shipped,Express,Website,FREESHIP,3,,
9173362,807143,2025-06-08,Sports & Outdoors,Fishing Rod,1,34.11,0,34.11,5.99,6.82,46.92,Google Pay,Delivered,Standard,Website,,7,4.0,
1690830,842688,2025-06-08,Beauty & Personal Care,Sunscreen SPF50,1,19.25,0,19.25,5.99,1.16,26.4,PayPal,Cancelled,Standard,Mobile App,,7,,
1721930,343810,2025-06-08,Home & Kitchen,Stand Mixer,1,19.56,0,19.56,14.99,2.54,37.09,Google Pay,Cancelled,Express,Marketplace,,3,,
6894493,279737,2025-06-08,Beauty & Personal Care,Shampoo & Conditioner Set,2,17.17,0,34.34,14.99,2.83,52.16,Credit Card,Cancelled,Express,Mobile App,,3,,
6734615,226229,2025-06-08,Toys & Games,Action Figure,2,20.48,10,36.86,5.99,2.21,45.06,Credit Card,Delivered,Standard,Marketplace,FREESHIP,7,,
7274739,321283,2025-06-08,Electronics,Laptop Stand,1,242.79,0,242.79,12.99,0.0,255.78,Google Pay,Delivered,Express,Website,,3,5.0,
5476198,225738,2025-06-08,Toys & Games,Outdoor Water Blaster,2,30.56,0,61.12,5.99,5.04,72.15,Debit Card,Delivered,Standard,Website,,7,,
8252925,750599,2025-06-09,Sports & Outdoors,Mountain Bike Helmet,1,94.93,30,66.45,5.99,0.0,72.44,Google Pay,Cancelled,Standard,Website,SAVE20,7,,
7027230,557252,2025-06-09,Sports & Outdoors,Basketball,1,37.28,0,37.28,27.99,2.24,67.51,PayPal,Delivered,Next-Day,Mobile App,,1,,
6657658,424619,2025-06-09,Office Supplies,Sticky Notes Pack,1,95.69,0,95.69,0.0,5.74,101.43,Credit Card,Delivered,Standard,Mobile App,,7,4.0,
8814036,856071,2025-06-09,Sports & Outdoors,Fitness Tracker Watch,1,104.99,20,83.99,12.99,16.8,113.78,Debit Card,Delivered,Express,Website,SAVE20,3,,
8956565,486138,2025-06-09,Toys & Games,Plush Teddy Bear,1,19.25,10,17.32,5.99,1.04,24.35,Debit Card,Delivered,Standard,Marketplace,FLASH30,7,5.0,
3877023,386699,2025-06-09,Sports & Outdoors,Camping Tent,1,64.91,25,48.68,14.99,4.02,67.69,Credit Card,Delivered,Express,Website,FLASH30,3,4.0,
5162664,928439,2025-06-09,Books,Personal Finance 101,1,11.24,0,11.24,14.99,1.46,27.69,PayPal,Delivered,Express,Mobile App,,3,3.0,
7515797,860304,2025-06-09,Home & Kitchen,Coffee Maker,3,86.87,0,260.61,0.0,15.64,276.25,Credit Card,Delivered,Standard,Mobile App,,7,5.0,
1321226,312650,2025-06-09,Sports & Outdoors,Insulated Water Bottle,1,60.32,0,60.32,5.99,3.62,69.93,Google Pay,Delivered,Standard,Mobile App,,7,5.0,
1381450,686412,2025-06-09,Books,Historical Biography,1,15.55,15,13.22,14.99,0.79,29.0,PayPal,Delivered,Express,Website,SAVE20,3,,
7164522,436577,2025-06-09,Electronics,Bluetooth Speaker,1,1013.62,0,1013.62,0.0,60.82,1074.44,PayPal,Processing,Standard,Website,,7,,
5171986,352288,2025-06-09,Toys & Games,Action Figure,1,14.55,0,14.55,14.99,1.16,30.7,Debit Card,Delivered,Express,Mobile App,,3,4.0,
6427343,842688,2025-06-09,Beauty & Personal Care,Shampoo & Conditioner Set,1,45.08,0,45.08,5.99,2.82,53.89,Credit Card,Delivered,Standard,Website,,7,4.0,
2737001,764101,2025-06-09,Books,Poetry Collection,2,16.83,0,33.66,14.99,2.02,50.67,PayPal,Returned,Express,Marketplace,,3,,Changed Mind
2741588,157373,2025-06-10,Grocery,Honey Jar,3,31.41,15,80.1,0.0,4.81,84.91,Debit Card,Returned,Standard,Website,SUMMER10,7,,Better Price Found
6911543,802087,2025-06-10,Home & Kitchen,Memory Foam Pillow,1,94.22,0,94.22,0.0,5.65,99.87,Credit Card,Delivered,Standard,Marketplace,,7,5.0,
3677712,282330,2025-06-10,Home & Kitchen,Cotton Bed Sheets,1,104.92,0,104.92,12.99,6.56,124.47,Credit Card,Returned,Express,Website,,3,,Better Price Found
2886404,209703,2025-06-10,Books,Mystery Novel,1,10.85,0,10.85,14.99,0.68,26.52,PayPal,Delivered,Express,Mobile App,,3,,
8774476,525803,2025-06-10,Home & Kitchen,Non-Stick Frying Pan,2,123.13,0,246.26,0.0,14.78,261.04,Debit Card,Cancelled,Standard,Website,,7,,
3068488,939225,2025-06-10,Beauty & Personal Care,Electric Toothbrush,3,25.02,0,75.06,0.0,4.69,79.75,PayPal,Delivered,Standard,Mobile App,,7,,
9714081,306555,2025-06-10,Clothing,Baseball Cap,2,56.65,0,113.3,0.0,7.08,120.38,Debit Card,Delivered,Standard,Website,,7,5.0,
6285309,783187,2025-06-10,Beauty & Personal Care,Makeup Palette,1,37.87,0,37.87,5.99,4.92,48.78,PayPal,Delivered,Standard,Mobile App,,7,4.0,
9149483,139108,2025-06-10,Toys & Games,Building Block Set,4,70.67,0,282.68,0.0,17.67,300.35,Credit Card,Returned,Standard,Website,,7,,Arrived Late
9685992,355903,2025-06-10,Beauty & Personal Care,Hair Dryer,1,53.11,0,53.11,14.99,4.25,72.35,Credit Card,Delivered,Express,Marketplace,,3,5.0,
5464175,385214,2025-06-10,Beauty & Personal Care,Shampoo & Conditioner Set,5,38.52,0,192.6,0.0,12.04,204.64,,Cancelled,Standard,Website,,7,,
8702639,199508,2025-06-10,Toys & Games,Remote Control Car,1,37.98,30,26.59,14.99,1.6,43.18,Debit Card,Cancelled,Express,Mobile App,VIP15,3,,
8197811,368795,2025-06-11,Clothing,Winter Parka,1,37.52,0,37.52,5.99,2.35,45.86,Credit Card,Returned,,Website,,7,,Not as Described
9021226,226126,2025-06-11,Clothing,Summer Dress,3,35.14,0,105.42,0.0,13.7,119.12,Credit Card,Returned,Free Pickup,Marketplace,,0,,Arrived Late
2581816,522163,2025-06-11,Clothing,Summer Dress,2,85.09,5,161.67,12.99,9.7,184.36,Credit Card,Delivered,Express,Mobile App,FREESHIP,3,,
8451540,931973,2025-06-11,Home & Kitchen,Memory Foam Pillow,2,74.27,0,148.54,0.0,12.25,160.79,Credit Card,Delivered,Standard,Website,,7,5.0,
3723448,297200,2025-06-11,Clothing,Baseball Cap,3,46.35,0,139.05,0.0,8.34,147.39,Credit Card,Delivered,Free Pickup,Marketplace,,0,4.0,
9324116,729597,2025-06-11,Beauty & Personal Care,Shampoo & Conditioner Set,1,23.5,0,23.5,5.99,0.0,29.49,Google Pay,Delivered,Standard,Marketplace,,7,5.0,
3458692,355903,2025-06-11,Home & Kitchen,Coffee Maker,2,104.84,0,209.68,0.0,17.3,226.98,PayPal,Returned,Standard,Marketplace,,7,,Defective Item
5666481,198172,2025-06-11,Home & Kitchen,Vacuum Cleaner,2,136.43,25,204.64,0.0,16.88,221.52,PayPal,Delivered,Standard,Mobile App,FLASH30,7,4.0,
6051716,220678,2025-06-11,Sports & Outdoors,Adjustable Dumbbell Set,2,100.35,0,200.7,0.0,12.04,212.74,Apple Pay,Delivered,Standard,Website,,7,,
8198370,341690,2025-06-11,Clothing,Men's Denim Jacket,1,20.81,5,19.77,14.99,1.19,35.95,Credit Card,Delivered,Express,Website,FREESHIP,3,4.0,
1221191,415774,2025-06-11,Office Supplies,Ballpoint Pen Pack,2,98.09,0,196.18,24.99,11.77,232.94,PayPal,Delivered,Next-Day,Mobile App,,1,,
7658019,757288,2025-06-11,Electronics,Portable Charger,1,544.74,15,463.03,0.0,27.78,490.81,Debit Card,Delivered,Standard,Website,HOLIDAY25,7,,
3160969,157373,2025-06-11,Grocery,Sparkling Water Case,2,9.38,30,13.13,14.99,1.71,29.83,Google Pay,Returned,Express,Website,HOLIDAY25,3,,Wrong Size
5028646,498642,2025-06-12,Home & Kitchen,Vacuum Cleaner,3,65.0,0,195.0,12.99,25.35,233.34,Credit Card,Cancelled,Express,Mobile App,,3,,
8140706,848646,2025-06-12,Beauty & Personal Care,Vitamin C Serum,3,14.18,30,29.78,14.99,1.86,46.63,Debit Card,Returned,Express,Website,FLASH30,3,,Arrived Late
2112288,476035,2025-06-12,Clothing,Slim Fit Jeans,1,48.67,0,48.67,5.99,3.04,57.7,PayPal,Delivered,Standard,Marketplace,,7,4.0,
5515213,934214,2025-06-12,Books,Fantasy Trilogy Box Set,2,7.7,0,15.4,0.0,2.0,17.4,Credit Card,Delivered,Free Pickup,Website,,0,,
4206112,717194,2025-06-12,Electronics,Laptop Stand,1,190.99,20,152.79,0.0,9.17,161.96,Credit Card,Cancelled,Standard,Website,WELCOME10,7,,
3630368,799198,2025-06-12,Home & Kitchen,Non-Stick Frying Pan,1,231.63,0,231.63,0.0,14.48,246.11,PayPal,Cancelled,Standard,Mobile App,,7,,
5869693,157373,2025-06-13,Home & Kitchen,Stand Mixer,2,49.56,0,99.12,12.99,12.89,125.0,PayPal,Delivered,Express,Marketplace,,3,5.0,
6852897,215098,2025-06-13,Books,Mystery Novel,2,20.82,0,41.64,5.99,8.33,55.96,Apple Pay,Delivered,Standard,Marketplace,,7,2.0,
3780921,379104,2025-06-13,Clothing,Slim Fit Jeans,1,81.71,20,65.37,14.99,4.09,84.45,PayPal,Delivered,Express,Website,FREESHIP,3,4.0,
1844433,400584,2025-06-13,Books,Fantasy Trilogy Box Set,1,20.36,15,17.31,14.99,1.04,33.34,PayPal,Delivered,Express,Website,FREESHIP,3,4.0,
9975181,867333,2025-06-13,Home & Kitchen,Non-Stick Frying Pan,2,83.51,0,167.02,0.0,10.02,177.04,Apple Pay,Delivered,Free Pickup,Website,,0,,
5447421,512617,2025-06-13,Books,Self-Help Guide,1,24.75,10,22.28,14.99,1.34,38.61,PayPal,Delivered,Express,Website,SAVE20,3,5.0,
2723506,568336,2025-06-13,Clothing,Wool Sweater,2,72.92,0,145.84,12.99,9.12,167.95,Debit Card,Delivered,Express,Website,,3,5.0,
5343561,441378,2025-06-13,Electronics,Wireless Earbuds,1,190.93,0,190.93,0.0,11.46,202.39,PayPal,Delivered,Free Pickup,Marketplace,,0,4.0,
6705470,672388,2025-06-13,Toys & Games,Action Figure,2,35.14,0,70.28,27.99,4.22,102.49,Debit Card,Delivered,Next-Day,Mobile App,,1,,
3292021,343810,2025-06-13,Clothing,Rain Jacket,1,54.33,0,54.33,5.99,3.4,63.72,Credit Card,Delivered,Standard,Website,,7,4.0,
7992275,939225,2025-06-14,Home & Kitchen,Memory Foam Pillow,1,120.47,0,120.47,12.99,7.53,140.99,Apple Pay,Delivered,Express,Website,,3,4.0,
3965234,184063,2025-06-14,Electronics,Wireless Earbuds,2,131.0,0,262.0,0.0,34.06,296.06,Debit Card,Delivered,Standard,Website,,7,5.0,
5735010,962688,2025-06-14,Electronics,Laptop Stand,1,1145.02,20,916.02,0.0,57.25,973.27,Debit Card,Delivered,Standard,Website,SUMMER10,7,2.0,
8837089,265163,2025-06-14,Electronics,Smartphone Case,3,118.15,25,265.84,12.99,21.93,300.76,Debit Card,Delivered,Express,Website,FLASH30,3,,
6962777,282050,2025-06-14,Toys & Games,Puzzle 1000pc,1,13.6,0,13.6,5.99,2.18,21.77,Google Pay,Delivered,Standard,Website,,7,4.0,
5404954,304008,2025-06-14,Electronics,Mechanical Keyboard,4,233.81,0,935.24,12.99,77.16,1025.39,Debit Card,Delivered,Express,Website,,3,5.0,
2358606,638422,2025-06-15,Office Supplies,Notebook Set,2,20.97,0,41.94,0.0,2.52,44.46,Debit Card,Delivered,Free Pickup,Mobile App,,0,3.0,
8481270,729597,2025-06-15,Beauty & Personal Care,Makeup Palette,1,17.2,0,17.2,5.99,1.08,24.27,PayPal,Delivered,Standard,Mobile App,,7,3.0,
1204137,550369,2025-06-15,Home & Kitchen,Non-Stick Frying Pan,2,109.71,0,219.42,12.99,14.26,246.67,Credit Card,Delivered,Express,Marketplace,,3,5.0,
3932469,199508,2025-06-15,Electronics,Smartphone Case,2,250.96,0,501.92,0.0,31.37,533.29,PayPal,Delivered,Standard,Website,,7,,
3878030,496735,2025-06-15,Home & Kitchen,Vacuum Cleaner,2,104.82,30,146.75,0.0,8.8,155.55,Credit Card,Delivered,Standard,Mobile App,VIP15,7,4.0,
4778478,642033,2025-06-15,Beauty & Personal Care,Makeup Palette,2,44.68,0,89.36,0.0,8.94,98.3,PayPal,Returned,Standard,Marketplace,,7,,Arrived Late
5425260,848713,2025-06-15,Grocery,Organic Coffee Beans,2,6.61,0,13.22,27.99,0.79,42.0,Debit Card,Delivered,Next-Day,Website,,1,5.0,
5171924,964937,2025-06-15,Home & Kitchen,Vacuum Cleaner,1,98.92,0,98.92,0.0,12.86,111.78,Credit Card,Delivered,Standard,Mobile App,,7,4.0,
9127199,619405,2025-06-15,Home & Kitchen,Stand Mixer,1,101.07,0,101.07,12.99,13.14,127.2,PayPal,Delivered,Express,Website,,3,4.0,
8385977,438706,2025-06-15,Sports & Outdoors,Fishing Rod,1,171.82,0,171.82,24.99,10.31,207.12,Credit Card,Delivered,Next-Day,Website,,1,5.0,
1852703,197643,2025-06-15,Books,Children's Picture Book,1,12.25,0,12.25,0.0,0.77,13.02,Credit Card,Delivered,Free Pickup,Marketplace,,0,,
5772288,895645,2025-06-16,Clothing,Cotton T-Shirt,1,25.48,0,25.48,14.99,3.31,43.78,Credit Card,Delivered,Express,Marketplace,,3,2.0,
9349778,997140,2025-06-16,Grocery,Pasta Variety Pack,3,29.27,0,87.81,12.99,5.27,106.07,Debit Card,Delivered,Express,Mobile App,,3,,
7688126,639465,2025-06-16,Electronics,Wireless Earbuds,2,1200.0,0,2400.0,0.0,192.0,2592.0,PayPal,Delivered,Standard,Mobile App,,7,,
8894153,530251,2025-06-16,Toys & Games,Building Block Set,4,8.98,0,35.92,5.99,2.24,44.15,Apple Pay,Delivered,Standard,Mobile App,,7,5.0,
7782945,638422,2025-06-16,Electronics,Smartphone Case,3,235.36,0,706.08,0.0,44.13,750.21,Debit Card,Delivered,Standard,Mobile App,,7,4.0,
7074264,381636,2025-06-16,Office Supplies,Whiteboard,1,37.39,5,35.52,5.99,2.22,43.73,PayPal,Delivered,Standard,Mobile App,SAVE20,7,,
4251197,104886,2025-06-16,Electronics,Wireless Mouse,1,907.71,0,907.71,0.0,90.77,998.48,Credit Card,Delivered,Standard,Mobile App,,7,5.0,
6328574,341690,2025-06-17,Clothing,Baseball Cap,1,85.22,0,85.22,12.99,7.03,105.24,PayPal,Delivered,Express,Mobile App,,3,,
9831162,249284,2025-06-17,Beauty & Personal Care,Skincare Gift Set,1,44.98,0,44.98,5.99,9.0,59.97,Debit Card,Delivered,Standard,Mobile App,,7,4.0,
6263940,774402,2025-06-17,Clothing,Running Shoes,2,117.5,0,235.0,24.99,18.8,278.79,PayPal,Delivered,Next-Day,Website,,1,,
6870081,221043,2025-06-17,Clothing,Running Shoes,1,77.13,0,77.13,0.0,15.43,92.56,PayPal,Cancelled,Free Pickup,Marketplace,,0,,
4508424,568336,2025-06-17,Home & Kitchen,Cotton Bed Sheets,1,41.99,0,41.99,0.0,3.46,45.45,Credit Card,Delivered,Free Pickup,Marketplace,,0,4.0,
3176776,631761,2025-06-17,Electronics,Smartphone Case,1,301.8,20,241.44,0.0,15.09,256.53,Google Pay,Shipped,Standard,Website,WELCOME10,7,,
3531318,488082,2025-06-17,Electronics,Streaming Media Player,1,135.47,0,135.47,0.0,17.61,153.08,Google Pay,Returned,Standard,Mobile App,,7,,Wrong Size
3998970,104925,2025-06-17,Sports & Outdoors,Insulated Water Bottle,1,55.63,0,55.63,27.99,3.62,87.24,Gift Card,Delivered,Next-Day,Website,,1,4.0,
2085112,305163,2025-06-17,Clothing,Women's Yoga Pants,2,78.22,0,156.44,12.99,9.39,178.82,Credit Card,Delivered,Express,Mobile App,,3,4.0,
6827503,212415,2025-06-17,Clothing,Wool Sweater,1,132.06,20,105.65,0.0,6.6,112.25,PayPal,Delivered,Standard,Mobile App,SUMMER10,7,4.0,
4629600,392938,2025-06-18,Electronics,Smartphone Case,1,393.72,0,393.72,12.99,32.48,439.19,Google Pay,Delivered,Express,Mobile App,,3,,
6634438,867333,2025-06-18,Clothing,Summer Dress,3,125.05,0,375.15,12.99,71.28,459.42,Debit Card,Delivered,Express,Marketplace,,3,5.0,
1682947,761450,2025-06-18,Pet Supplies,Cat Litter Box,1,54.98,0,54.98,5.99,3.3,64.27,Debit Card,Cancelled,Standard,Marketplace,,7,,
7161813,240201,2025-06-18,Electronics,4K Smart TV,1,268.05,0,268.05,0.0,34.85,302.9,Debit Card,Delivered,,Mobile App,,7,,
2353287,360723,2025-06-18,Clothing,Winter Parka,4,52.36,0,209.44,0.0,12.57,222.01,Debit Card,Delivered,Free Pickup,Website,,0,5.0,
7236459,316724,2025-06-18,Sports & Outdoors,Fitness Tracker Watch,2,94.91,0,189.82,12.99,11.86,214.67,Google Pay,Delivered,Express,Mobile App,,3,5.0,
7316960,378752,2025-06-18,Grocery,Extra Virgin Olive Oil,5,26.9,30,94.15,24.99,5.88,125.02,Credit Card,Delivered,Next-Day,Website,FLASH30,1,4.0,
1027089,339071,2025-06-18,Beauty & Personal Care,Shampoo & Conditioner Set,2,19.37,0,38.74,14.99,2.42,56.15,Google Pay,Cancelled,Express,Website,,3,,
3538083,383904,2025-06-18,Beauty & Personal Care,Makeup Palette,3,30.57,0,91.71,0.0,7.34,99.05,Google Pay,Delivered,Standard,Website,,7,4.0,
6653387,485092,2025-06-18,Home & Kitchen,Air Fryer,1,26.4,0,26.4,5.99,1.58,33.97,PayPal,Shipped,Standard,Website,,7,,
8668223,210439,2025-06-18,Grocery,Sparkling Water Case,2,26.38,5,50.12,14.99,4.13,69.24,Credit Card,Delivered,Express,Mobile App,HOLIDAY25,3,3.0,
5824022,744635,2025-06-19,Grocery,Extra Virgin Olive Oil,2,8.7,30,12.18,5.99,1.0,19.17,Debit Card,Delivered,Standard,Marketplace,FLASH30,7,5.0,
9060253,698930,2025-06-19,Clothing,Baseball Cap,3,63.41,0,190.23,0.0,38.05,228.28,Credit Card,Cancelled,Standard,Marketplace,,7,,
8717115,370685,2025-06-19,Sports & Outdoors,Fishing Rod,2,91.55,25,137.32,12.99,11.33,161.64,Google Pay,Delivered,Express,Website,SAVE20,3,4.0,
7987140,974063,2025-06-19,Clothing,Summer Dress,1,30.57,0,30.57,5.99,6.11,42.67,Debit Card,Delivered,Standard,Website,,7,4.0,
7712748,510515,2025-06-19,Clothing,Rain Jacket,7,54.93,0,384.51,12.99,31.72,429.22,Credit Card,Delivered,Express,Website,,3,4.0,
6395221,804118,2025-06-19,Beauty & Personal Care,Perfume,1,23.47,5,22.3,5.99,1.34,29.63,Debit Card,Delivered,Standard,Mobile App,WELCOME10,7,1.0,
9228313,695078,2025-06-19,Books,Mystery Novel,3,19.74,0,59.22,5.99,0.0,65.21,Credit Card,Delivered,Standard,Website,,7,5.0,
5538414,265163,2025-06-19,Home & Kitchen,Stand Mixer,1,64.97,0,64.97,27.99,4.06,97.02,Debit Card,Delivered,Next-Day,Website,,1,,
5356455,721746,2025-06-19,Home & Kitchen,Cutlery Set,1,67.03,0,67.03,14.99,4.02,86.04,Credit Card,Delivered,Express,Website,,3,,
6332028,965874,2025-06-20,Clothing,Slim Fit Jeans,1,121.2,20,96.96,0.0,7.76,104.72,Credit Card,Delivered,Standard,Website,SUMMER10,7,5.0,
3676013,619405,2025-06-20,Grocery,Honey Jar,2,31.51,0,63.02,0.0,5.2,68.22,Google Pay,Delivered,Free Pickup,Mobile App,,0,5.0,
4916609,837858,2025-06-20,Clothing,Baseball Cap,1,30.25,25,22.69,14.99,1.47,39.15,Debit Card,Cancelled,Express,Website,SUMMER10,3,,
6870110,526706,2025-06-20,Books,Historical Biography,2,10.52,15,17.88,5.99,1.12,24.99,Credit Card,Returned,Standard,Website,WELCOME10,7,,Changed Mind
2666347,813189,2025-06-20,Toys & Games,Board Game Classic,2,53.85,0,107.7,12.99,6.46,127.15,Google Pay,Delivered,Express,Website,,3,,
4665827,928439,2025-06-20,Books,Personal Finance 101,1,21.66,0,21.66,5.99,1.3,28.95,Credit Card,Delivered,Standard,Mobile App,,7,,
9851257,846055,2025-06-21,Clothing,Rain Jacket,1,15.52,0,15.52,5.99,1.28,22.79,Credit Card,Delivered,Standard,Mobile App,,7,3.0,
9483490,549826,2025-06-21,Sports & Outdoors,Yoga Mat,4,72.73,0,290.92,0.0,37.82,328.74,PayPal,Delivered,Standard,Mobile App,,7,5.0,
7253932,199508,2025-06-21,Home & Kitchen,Ceramic Dinnerware Set,1,71.2,25,53.4,5.99,4.41,63.8,Apple Pay,Delivered,Standard,Website,FLASH30,7,5.0,
9598828,827382,2025-06-21,Books,Self-Help Guide,1,28.65,0,28.65,5.99,1.72,36.36,Apple Pay,Delivered,Standard,Mobile App,,7,5.0,
4388429,713629,2025-06-21,Clothing,Cotton T-Shirt,1,29.66,0,29.66,27.99,2.45,60.1,Apple Pay,Delivered,Next-Day,Website,,1,4.0,
3003345,184063,2025-06-21,Clothing,Wool Sweater,1,79.52,0,79.52,24.99,4.77,109.28,Credit Card,Delivered,Next-Day,Website,,1,,
6148984,198172,2025-06-21,Electronics,4K Smart TV,2,557.74,0,1115.48,24.99,223.1,1363.57,Credit Card,Delivered,Next-Day,Website,,1,,
2140693,236288,2025-06-21,Electronics,Wireless Mouse,1,362.58,0,362.58,0.0,29.91,392.49,Debit Card,Returned,Standard,Website,,7,,Arrived Late
9809941,907465,2025-06-22,Clothing,Cotton T-Shirt,1,28.49,0,28.49,5.99,1.71,36.19,Credit Card,Delivered,Standard,Mobile App,,7,,
8383255,254111,2025-06-22,Beauty & Personal Care,Vitamin C Serum,1,36.81,0,36.81,14.99,2.3,54.1,Google Pay,Delivered,Express,Website,,3,,
5988994,663408,2025-06-22,Home & Kitchen,Air Fryer,1,43.52,0,43.52,27.99,3.59,75.1,Credit Card,Delivered,Next-Day,Marketplace,,1,4.0,
7660484,221043,2025-06-22,Clothing,Women's Yoga Pants,3,42.9,0,128.7,0.0,10.62,139.32,Credit Card,Delivered,Standard,Website,,7,,
7000269,430623,2025-06-22,Clothing,Running Shoes,1,44.75,0,44.75,5.99,2.8,53.54,PayPal,Delivered,Standard,Mobile App,,7,4.0,
1476438,550369,2025-06-22,Sports & Outdoors,Insulated Water Bottle,1,71.68,0,71.68,14.99,5.91,92.58,Gift Card,Delivered,Express,Website,,3,,
4078657,121565,2025-06-22,Books,Graphic Novel,1,13.24,15,11.25,14.99,1.46,27.7,Apple Pay,Delivered,Express,Mobile App,FREESHIP,3,5.0,
7641299,549826,2025-06-22,Beauty & Personal Care,Shampoo & Conditioner Set,5,23.07,0,115.35,0.0,18.46,133.81,Credit Card,Delivered,Free Pickup,Website,,0,5.0,
4919595,532647,2025-06-22,Toys & Games,Action Figure,1,10.2,0,10.2,5.99,1.33,17.52,Credit Card,Delivered,Standard,Website,,7,2.0,
4782093,504905,2025-06-22,Home & Kitchen,Cutlery Set,1,109.96,0,109.96,0.0,6.87,116.83,Gift Card,Delivered,Standard,Website,,7,5.0,
8179414,525803,2025-06-23,Books,Graphic Novel,2,10.88,0,21.76,5.99,1.36,29.11,Credit Card,Delivered,Standard,Website,,7,1.0,
2220377,415774,2025-06-23,Sports & Outdoors,Yoga Mat,1,186.0,0,186.0,12.99,24.18,223.17,Debit Card,Delivered,Express,Mobile App,,3,,
8888156,675360,2025-06-23,Grocery,Granola Cereal,5,11.75,0,58.75,14.99,3.52,77.26,Credit Card,Delivered,Express,Website,,3,3.0,
9847774,622527,2025-06-23,Home & Kitchen,Stand Mixer,4,209.01,0,836.04,12.99,83.6,932.63,Apple Pay,Delivered,Express,Mobile App,,3,3.0,
7937235,146484,2025-06-23,Home & Kitchen,Cutlery Set,2,105.43,0,210.86,24.99,17.4,253.25,Gift Card,Delivered,Next-Day,Website,,1,4.0,
3441943,703930,2025-06-23,Books,Science Fiction Epic,1,33.44,10,30.1,14.99,1.81,46.9,Debit Card,Returned,Express,Mobile App,HOLIDAY25,3,,Changed Mind
9822893,392938,2025-06-23,Home & Kitchen,Non-Stick Frying Pan,2,92.34,0,184.68,0.0,11.54,196.22,Debit Card,Delivered,Standard,Website,,7,5.0,
9205850,664785,2025-06-23,Books,Fantasy Trilogy Box Set,2,20.29,0,40.58,5.99,6.49,53.06,Debit Card,Shipped,Standard,Website,,7,,
7459408,341690,2025-06-24,Home & Kitchen,Non-Stick Frying Pan,2,65.09,0,130.18,0.0,8.14,138.32,Credit Card,Delivered,Standard,Mobile App,,7,5.0,
8498763,690537,2025-06-24,Clothing,Winter Parka,3,122.97,0,368.91,12.99,30.44,412.34,Credit Card,Delivered,Express,Website,,3,3.0,
7073340,316704,2025-06-24,Home & Kitchen,Cotton Bed Sheets,3,157.89,0,473.67,0.0,28.42,502.09,Credit Card,Delivered,Standard,Marketplace,,7,5.0,
2158492,539241,2025-06-24,Clothing,Men's Denim Jacket,3,102.0,0,306.0,12.99,19.12,338.11,Google Pay,Delivered,Express,Website,,3,4.0,
1675887,189971,2025-06-24,Electronics,Portable Charger,1,544.2,5,516.99,12.99,32.31,562.29,PayPal,Returned,Express,Mobile App,FREESHIP,3,,Changed Mind
3727693,216808,2025-06-24,Electronics,4K Smart TV,1,246.75,5,234.41,0.0,37.51,271.92,Debit Card,Returned,Free Pickup,Website,FLASH30,0,,Wrong Size
3338617,263224,2025-06-25,Grocery,Protein Bar Box,4,28.27,0,113.08,0.0,6.78,119.86,Credit Card,Delivered,Standard,Website,,7,,
6677249,856360,2025-06-25,Electronics,Streaming Media Player,2,167.83,0,335.66,0.0,20.14,355.8,Google Pay,Returned,Standard,Website,,7,,Better Price Found
4797976,754764,2025-06-25,Electronics,4K Smart TV,2,935.21,25,1402.82,0.0,115.73,1518.55,Google Pay,Cancelled,Standard,Website,HOLIDAY25,7,,
1258921,943477,2025-06-25,Toys & Games,Puzzle 1000pc,2,9.89,0,19.78,5.99,1.24,27.01,PayPal,Processing,Standard,Marketplace,,7,,
7683255,198172,2025-06-25,Books,Fantasy Trilogy Box Set,6,12.04,0,72.24,14.99,4.33,91.56,PayPal,Delivered,Express,Website,,3,5.0,
8535734,570736,2025-06-25,Books,Self-Help Guide,1,18.54,5,17.61,14.99,2.29,34.89,Credit Card,Delivered,Express,Website,VIP15,3,5.0,
7161758,401813,2025-06-25,Home & Kitchen,LED Desk Lamp,1,269.75,0,269.75,24.99,16.18,310.92,Credit Card,Delivered,Next-Day,Website,,1,5.0,
9794539,922291,2025-06-25,Toys & Games,Action Figure,1,16.07,0,16.07,14.99,1.0,32.06,PayPal,Returned,Express,Website,,3,,Better Price Found
1627019,352288,2025-06-26,Clothing,Cotton T-Shirt,3,54.13,0,162.39,12.99,21.11,196.49,Debit Card,Delivered,Express,Website,,3,,
3789371,865916,2025-06-26,Clothing,Women's Yoga Pants,4,99.24,0,396.96,12.99,24.81,434.76,Credit Card,Delivered,Express,Website,,3,,
9001162,823673,2025-06-26,Electronics,Wireless Mouse,1,96.38,0,96.38,12.99,6.26,115.63,PayPal,Delivered,Express,Website,,3,5.0,
7108523,940382,2025-06-26,Books,Mystery Novel,1,8.86,20,7.09,5.99,0.43,13.51,Apple Pay,Delivered,Standard,Mobile App,FLASH30,7,,
2862932,157373,2025-06-26,Sports & Outdoors,Adjustable Dumbbell Set,1,91.78,10,82.6,12.99,5.16,100.75,Debit Card,Delivered,Express,Website,FREESHIP,3,,
3814755,494006,2025-06-26,Beauty & Personal Care,Skincare Gift Set,1,21.29,0,21.29,14.99,1.28,37.56,Credit Card,Delivered,Express,Mobile App,,3,,
3964296,695165,2025-06-26,Clothing,Winter Parka,5,33.65,20,134.6,0.0,8.75,143.35,Debit Card,Cancelled,Standard,Marketplace,FREESHIP,7,,
5952588,116043,2025-06-26,Toys & Games,Card Game Deck,1,55.5,0,55.5,5.99,3.33,64.82,Google Pay,Delivered,Standard,Website,,7,2.0,
4440585,914384,2025-06-27,Home & Kitchen,Stand Mixer,2,91.29,0,182.58,0.0,15.06,197.64,Credit Card,Delivered,Free Pickup,Website,,0,4.0,
5794796,639465,2025-06-27,Clothing,Cotton T-Shirt,2,22.9,0,45.8,5.99,3.66,55.45,Debit Card,Cancelled,Standard,Website,,7,,
2419352,339071,2025-06-27,Sports & Outdoors,Fitness Tracker Watch,1,48.52,0,48.52,5.99,4.0,58.51,Debit Card,Returned,Standard,Marketplace,,7,,Better Price Found
7315104,709428,2025-06-27,Office Supplies,File Folders Pack,1,52.23,0,52.23,5.99,3.39,61.61,PayPal,Returned,Standard,Website,,7,,Arrived Late
2920003,117556,2025-06-27,Clothing,Rain Jacket,3,75.62,0,226.86,12.99,13.61,253.46,PayPal,Delivered,Express,Website,,3,5.0,
8758704,726938,2025-06-27,Clothing,Winter Parka,3,42.01,0,126.03,0.0,10.08,136.11,Debit Card,Delivered,Standard,Website,,7,,
8852757,315385,2025-06-27,Books,Mystery Novel,1,16.49,0,16.49,5.99,1.07,23.55,Credit Card,Returned,Standard,Mobile App,,7,,Arrived Late
4570689,622523,2025-06-27,Clothing,Rain Jacket,2,114.01,0,228.02,0.0,18.81,246.83,Credit Card,Delivered,Free Pickup,Marketplace,,0,5.0,
7402458,529534,2025-06-27,Sports & Outdoors,Camping Tent,1,47.44,0,47.44,5.99,2.85,56.28,PayPal,Delivered,Standard,Mobile App,,7,,
7446709,645241,2025-06-27,Books,Cookbook: Weeknight Dinners,1,20.01,0,20.01,0.0,1.2,21.21,Credit Card,Delivered,Free Pickup,Marketplace,,0,,
3363250,943477,2025-06-27,Clothing,Women's Yoga Pants,4,60.3,0,241.2,24.99,19.9,286.09,Credit Card,Delivered,Next-Day,Marketplace,,1,,
4512672,545164,2025-06-28,Grocery,Mixed Nuts Pack,1,30.79,0,30.79,5.99,2.54,39.32,PayPal,Delivered,Standard,Mobile App,,7,5.0,
9617946,210439,2025-06-28,Electronics,Portable Charger,1,330.25,0,330.25,0.0,33.02,363.27,PayPal,Delivered,Standard,Website,,7,2.0,
9276251,513724,2025-06-28,Books,Graphic Novel,4,36.07,0,144.28,12.99,9.02,166.29,Credit Card,Delivered,Express,Mobile App,,3,4.0,
6111166,922291,2025-06-28,Sports & Outdoors,Fishing Rod,1,119.22,0,119.22,0.0,7.45,126.67,Debit Card,Delivered,Free Pickup,Mobile App,,0,,
3464236,856071,2025-06-29,Electronics,Mechanical Keyboard,1,574.11,0,574.11,0.0,47.36,621.47,Credit Card,Delivered,Free Pickup,Marketplace,,0,4.0,
1860476,230606,2025-06-29,Home & Kitchen,Memory Foam Pillow,2,89.12,0,178.24,0.0,11.14,189.38,PayPal,Returned,Standard,Mobile App,,7,,Changed Mind
6001239,860304,2025-06-29,Beauty & Personal Care,Electric Toothbrush,1,74.93,0,74.93,27.99,4.5,107.42,PayPal,Cancelled,Next-Day,Mobile App,,1,,
6726677,554014,2025-06-29,Beauty & Personal Care,Vitamin C Serum,2,25.19,0,50.38,14.99,3.02,68.39,Google Pay,Delivered,Express,Website,,3,,
1493342,971490,2025-06-29,Toys & Games,Outdoor Water Blaster,1,47.85,0,47.85,0.0,2.99,50.84,Debit Card,Returned,Free Pickup,Mobile App,,0,,Defective Item
7532937,996684,2025-06-29,Books,Mystery Novel,2,33.27,0,66.54,5.99,8.65,81.18,Debit Card,Delivered,Standard,Website,,7,3.0,
1612604,599375,2025-06-29,Home & Kitchen,Ceramic Dinnerware Set,1,45.84,5,43.55,14.99,3.59,62.13,PayPal,Delivered,Express,Marketplace,FLASH30,3,5.0,
7593782,942283,2025-06-30,Sports & Outdoors,Camping Tent,1,114.59,0,114.59,0.0,9.45,124.04,Credit Card,Delivered,Standard,Mobile App,,7,3.0,
4257062,783187,2025-06-30,Beauty & Personal Care,Makeup Palette,3,54.38,0,163.14,12.99,10.2,186.33,Credit Card,Delivered,Express,Website,,3,,
2844056,469380,2025-06-30,Sports & Outdoors,Camping Tent,1,76.45,0,76.45,0.0,6.31,82.76,Debit Card,Delivered,Standard,Website,,7,5.0,
9963334,865643,2025-06-30,Grocery,Green Tea Bags,4,17.88,15,60.79,5.99,3.8,70.58,Debit Card,Delivered,Standard,Mobile App,SUMMER10,7,,
8202728,226229,2025-06-30,Sports & Outdoors,Fitness Tracker Watch,4,28.27,0,113.08,24.99,0.0,138.07,PayPal,Delivered,Next-Day,Mobile App,,1,3.0,
9489611,745821,2025-06-30,Electronics,Wireless Mouse,4,1200.0,0,4800.0,12.99,300.0,5112.99,PayPal,Delivered,Express,Website,,3,4.0,
5329924,814732,2025-07-01,Toys & Games,Puzzle 1000pc,4,44.08,0,176.32,24.99,14.55,215.86,PayPal,Returned,Next-Day,Marketplace,,1,,Better Price Found
1521471,383904,2025-07-01,Sports & Outdoors,Mountain Bike Helmet,2,152.63,0,305.26,24.99,19.08,349.33,Apple Pay,Delivered,Next-Day,Marketplace,,1,1.0,
9621738,934214,2025-07-01,Clothing,Winter Parka,1,83.79,0,83.79,12.99,5.03,101.81,Google Pay,Delivered,Express,Mobile App,,3,4.0,
4514426,550369,2025-07-01,Clothing,Baseball Cap,2,58.64,0,117.28,0.0,9.68,126.96,Google Pay,Delivered,Standard,Mobile App,,7,4.0,
8403913,275250,2025-07-01,Home & Kitchen,Vacuum Cleaner,3,35.03,0,105.09,0.0,6.31,111.4,PayPal,Delivered,Standard,Website,,7,,
3104793,429344,2025-07-01,Electronics,Laptop Stand,2,607.58,0,1215.16,0.0,157.97,1373.13,PayPal,Delivered,Standard,Website,,7,,
3649883,429344,2025-07-01,Clothing,Summer Dress,2,92.58,0,185.16,0.0,15.28,200.44,Google Pay,Shipped,Standard,Mobile App,,7,,
4190937,122576,2025-07-01,Grocery,Green Tea Bags,2,20.36,20,32.58,14.99,2.61,50.18,Debit Card,Delivered,Express,Website,SUMMER10,3,4.0,
8147429,965592,2025-07-01,Clothing,Rain Jacket,2,102.37,0,204.74,0.0,16.89,221.63,Credit Card,Delivered,Free Pickup,Mobile App,,0,5.0,
9571878,966726,2025-07-01,Grocery,Organic Coffee Beans,3,39.11,0,117.33,0.0,9.68,127.01,PayPal,Delivered,Standard,Marketplace,,7,5.0,
2239334,341690,2025-07-02,Beauty & Personal Care,Electric Razor,1,21.6,0,21.6,5.99,0.0,27.59,PayPal,Delivered,Standard,Website,,7,,
7532576,864201,2025-07-02,Grocery,Organic Coffee Beans,2,35.12,0,70.24,27.99,14.05,112.28,Google Pay,Delivered,Next-Day,Mobile App,,1,,
7959968,956979,2025-07-02,Beauty & Personal Care,Perfume,1,33.04,0,33.04,5.99,2.73,41.76,Apple Pay,Delivered,Standard,Mobile App,,7,,
9260966,861511,2025-07-03,Clothing,Baseball Cap,3,69.38,0,208.14,0.0,17.17,225.31,PayPal,Delivered,Standard,Website,,7,,
5495178,699053,2025-07-03,Beauty & Personal Care,Facial Moisturizer,2,15.72,10,28.3,0.0,1.77,30.07,Apple Pay,Cancelled,Free Pickup,Marketplace,SAVE20,0,,
8376399,974275,2025-07-03,Clothing,Men's Denim Jacket,3,40.77,10,110.08,0.0,9.08,119.16,Google Pay,Delivered,Standard,Mobile App,FREESHIP,7,5.0,
2850361,899817,2025-07-03,Clothing,Wool Sweater,2,14.42,0,28.84,27.99,1.87,58.7,Credit Card,Delivered,Next-Day,Website,,1,4.0,
7588688,966251,2025-07-03,Toys & Games,Outdoor Water Blaster,1,34.59,0,34.59,27.99,2.16,64.74,Credit Card,Delivered,Next-Day,Mobile App,,1,5.0,
3454305,610234,2025-07-04,Books,Graphic Novel,2,28.33,0,56.66,5.99,3.4,66.05,PayPal,Delivered,Standard,Mobile App,,7,5.0,
7074144,320359,2025-07-04,Grocery,Green Tea Bags,4,55.0,0,220.0,0.0,13.2,233.2,Apple Pay,Delivered,Standard,Website,,7,,
7296529,250897,2025-07-04,Office Supplies,Stapler,2,49.91,0,99.82,0.0,6.24,106.06,Debit Card,Delivered,Standard,Mobile App,,7,,
1676184,212415,2025-07-05,Clothing,Wool Sweater,1,105.27,20,84.22,12.99,16.84,114.05,PayPal,Delivered,Express,Mobile App,VIP15,3,,
7331341,475813,2025-07-05,Clothing,Rain Jacket,2,96.54,0,193.08,0.0,15.93,209.01,PayPal,Delivered,Standard,Mobile App,,7,,
8213817,383904,2025-07-05,Toys & Games,Doll House,3,71.7,0,215.1,0.0,12.91,228.01,PayPal,Delivered,Standard,Website,,7,5.0,
6577065,750599,2025-07-05,Home & Kitchen,Air Fryer,3,157.43,0,472.29,0.0,30.7,502.99,Credit Card,Delivered,Standard,Website,,7,3.0,
1963147,933359,2025-07-05,Clothing,Baseball Cap,1,105.12,0,105.12,0.0,16.82,121.94,PayPal,Delivered,Standard,Mobile App,,7,4.0,
1922753,106619,2025-07-05,Beauty & Personal Care,Vitamin C Serum,1,35.63,0,35.63,5.99,2.85,44.47,PayPal,Returned,Standard,Website,,7,,Changed Mind
3864300,842688,2025-07-05,Clothing,Wool Sweater,1,69.33,0,69.33,5.99,4.33,79.65,Apple Pay,Delivered,Standard,Website,,7,,
5662693,261376,2025-07-05,Beauty & Personal Care,Shampoo & Conditioner Set,3,31.44,0,94.32,0.0,5.9,100.22,PayPal,Delivered,Standard,Website,,7,,
7217937,764258,2025-07-05,Grocery,Protein Bar Box,2,55.0,0,110.0,0.0,8.8,118.8,PayPal,Delivered,Standard,Mobile App,,7,,
3077702,227041,2025-07-05,Clothing,Baseball Cap,4,77.01,25,231.03,0.0,13.86,244.89,Google Pay,Delivered,Standard,Mobile App,FLASH30,7,5.0,
5315844,122359,2025-07-05,Clothing,Men's Denim Jacket,1,78.36,0,78.36,12.99,4.7,96.05,PayPal,Delivered,Express,Mobile App,,3,5.0,
1062915,369772,2025-07-05,Office Supplies,Desk Organizer,4,99.61,0,398.44,12.99,23.91,435.34,Credit Card,Delivered,Express,Mobile App,,3,2.0,
4200684,490071,2025-07-05,Clothing,Rain Jacket,5,27.55,0,137.75,0.0,11.36,149.11,PayPal,Delivered,Standard,Mobile App,,7,,
8272532,819092,2025-07-05,Grocery,Granola Cereal,2,44.64,0,89.28,24.99,7.14,121.41,PayPal,Cancelled,Next-Day,Website,,1,,
1717434,181431,2025-07-05,Clothing,Men's Denim Jacket,4,64.27,0,257.08,24.99,21.21,303.28,PayPal,Delivered,Next-Day,Website,,1,5.0,
2949412,138889,2025-07-06,Pet Supplies,Cat Litter Box,1,17.04,0,17.04,5.99,1.36,24.39,Credit Card,Delivered,Standard,Website,,7,4.0,
9393884,593374,2025-07-06,Sports & Outdoors,Fishing Rod,2,129.61,0,259.22,0.0,15.55,274.77,Debit Card,Delivered,Standard,Website,,7,,
9116415,177611,2025-07-06,Home & Kitchen,Stand Mixer,1,228.66,0,228.66,0.0,14.86,243.52,Google Pay,Returned,Standard,Marketplace,,7,,Defective Item
2360552,111069,2025-07-06,Beauty & Personal Care,Electric Toothbrush,3,55.83,0,167.49,24.99,13.82,206.3,Credit Card,Delivered,Next-Day,Marketplace,,1,5.0,
3922577,764665,2025-07-06,Electronics,Laptop Stand,2,200.28,0,400.56,0.0,33.05,433.61,Credit Card,Delivered,Free Pickup,Marketplace,,0,5.0,
3778823,182540,2025-07-06,Clothing,Women's Yoga Pants,1,20.17,0,20.17,5.99,1.61,27.77,Google Pay,Delivered,Standard,Mobile App,,7,2.0,
4505656,709481,2025-07-07,Clothing,Rain Jacket,1,91.86,20,73.49,14.99,4.59,93.07,Debit Card,Delivered,Express,Marketplace,SUMMER10,3,4.0,
6356329,471106,2025-07-07,Beauty & Personal Care,Skincare Gift Set,1,27.74,0,27.74,5.99,2.29,36.02,Credit Card,Delivered,Standard,Website,,7,,
9969972,953629,2025-07-08,Home & Kitchen,Non-Stick Frying Pan,3,209.5,0,628.5,0.0,39.28,667.78,Apple Pay,Delivered,Standard,Marketplace,,7,4.0,
9207072,654364,2025-07-08,Beauty & Personal Care,Electric Toothbrush,2,59.27,0,118.54,0.0,9.78,128.32,PayPal,Delivered,Standard,Website,,7,4.0,
5650775,965874,2025-07-08,Home & Kitchen,Cutlery Set,1,88.29,25,66.22,27.99,3.97,98.18,PayPal,Delivered,Next-Day,Website,SAVE20,1,,
6686051,962688,2025-07-08,Electronics,4K Smart TV,2,224.62,0,449.24,0.0,58.4,507.64,Debit Card,Delivered,Standard,Mobile App,,7,,
3698664,378752,2025-07-08,Toys & Games,Action Figure,1,34.21,0,34.21,14.99,6.84,56.04,Apple Pay,Delivered,Express,Website,,3,5.0,
6279959,157373,2025-07-08,Home & Kitchen,Air Fryer,1,90.6,0,90.6,0.0,7.47,98.07,Credit Card,Delivered,Standard,Mobile App,,7,,
9179289,145116,2025-07-08,Beauty & Personal Care,Facial Moisturizer,1,40.65,20,32.52,5.99,1.95,40.46,Debit Card,Returned,Standard,Website,WELCOME10,7,,Changed Mind
3686209,670928,2025-07-08,Books,Self-Help Guide,3,21.39,30,44.92,0.0,8.53,53.45,Apple Pay,Delivered,Free Pickup,Website,FLASH30,0,4.0,
8267158,696461,2025-07-09,Sports & Outdoors,Mountain Bike Helmet,3,300.0,20,720.0,0.0,59.4,779.4,PayPal,Delivered,Standard,Website,FREESHIP,7,5.0,
2547031,139108,2025-07-09,Sports & Outdoors,Basketball,1,53.45,0,53.45,5.99,3.34,62.78,Credit Card,Delivered,Standard,Mobile App,,7,5.0,
5925805,924384,2025-07-09,Books,Fantasy Trilogy Box Set,3,21.85,0,65.55,0.0,5.41,70.96,Google Pay,Cancelled,Free Pickup,Website,,0,,
3328017,177411,2025-07-09,Beauty & Personal Care,Perfume,2,8.79,0,17.58,5.99,1.05,24.62,Debit Card,Delivered,Standard,Website,,7,,
9764564,185515,2025-07-09,Sports & Outdoors,Fitness Tracker Watch,1,90.27,0,90.27,0.0,14.44,104.71,Credit Card,Delivered,Standard,Website,,7,4.0,
2489560,622527,2025-07-09,Beauty & Personal Care,Hair Dryer,4,36.83,0,147.32,0.0,9.21,156.53,Credit Card,Returned,Standard,Mobile App,,7,,Not as Described
2101537,672511,2025-07-10,Sports & Outdoors,Fitness Tracker Watch,3,110.83,15,282.62,12.99,17.66,313.27,Apple Pay,Cancelled,Express,Mobile App,SAVE20,3,,
9970645,600859,2025-07-10,Beauty & Personal Care,Vitamin C Serum,2,32.87,10,59.17,5.99,4.88,70.04,PayPal,Delivered,Standard,Website,SUMMER10,7,,
5631670,946473,2025-07-10,Clothing,Cotton T-Shirt,5,33.38,0,166.9,0.0,10.85,177.75,PayPal,Delivered,Standard,Mobile App,,7,4.0,
4987527,996684,2025-07-10,Electronics,4K Smart TV,1,880.04,0,880.04,0.0,52.8,932.84,Credit Card,Returned,Standard,Website,,7,,Not as Described
2521234,176016,2025-07-11,Grocery,Honey Jar,2,20.33,0,40.66,14.99,2.64,58.29,Gift Card,Delivered,Express,Website,,3,,
7523315,889948,2025-07-11,Grocery,Granola Cereal,2,22.23,0,44.46,5.99,5.78,56.23,Apple Pay,Cancelled,Standard,Website,,7,,
5232188,769586,2025-07-11,Clothing,Summer Dress,2,60.7,0,121.4,12.99,10.02,144.41,,Delivered,Express,Mobile App,,3,,
3931601,177611,2025-07-11,Sports & Outdoors,Hiking Backpack,1,76.69,30,53.68,14.99,3.22,71.89,Debit Card,Processing,Express,Mobile App,SUMMER10,3,,
4193790,323441,2025-07-11,Pet Supplies,Cat Litter Box,2,69.88,0,139.76,12.99,8.74,161.49,PayPal,Returned,Express,Website,,3,,Better Price Found
5851064,543108,2025-07-11,Clothing,Baseball Cap,2,54.38,0,108.76,24.99,14.14,147.89,Apple Pay,Returned,Next-Day,Marketplace,,1,,Not as Described
6398540,236288,2025-07-11,Electronics,Wireless Earbuds,1,214.43,15,182.27,12.99,11.39,206.65,Credit Card,Delivered,Express,Mobile App,SAVE20,3,,
9579723,287382,2025-07-11,Beauty & Personal Care,Electric Razor,1,14.93,30,10.45,5.99,0.65,17.09,Debit Card,Delivered,Standard,Website,VIP15,7,2.0,
1686998,762495,2025-07-12,Grocery,Granola Cereal,2,19.01,20,30.42,5.99,1.83,38.24,Credit Card,Delivered,Standard,Website,HOLIDAY25,7,2.0,
8184447,638422,2025-07-12,Toys & Games,Doll House,4,24.13,0,96.52,0.0,5.79,102.31,Google Pay,Delivered,Standard,Marketplace,,7,3.0,
8236188,316724,2025-07-12,Home & Kitchen,Vacuum Cleaner,1,87.87,5,83.48,0.0,5.01,88.49,Debit Card,Delivered,Standard,Website,VIP15,7,5.0,
7079542,352288,2025-07-12,Beauty & Personal Care,Vitamin C Serum,2,10.81,15,18.38,14.99,1.52,34.89,Google Pay,Delivered,Express,Marketplace,FLASH30,3,5.0,
1331420,119023,2025-07-12,Electronics,Portable Charger,1,169.92,0,169.92,0.0,10.62,180.54,Credit Card,Delivered,Standard,Website,,7,,
9859938,436093,2025-07-12,Books,Poetry Collection,5,15.25,0,76.25,12.99,6.29,95.53,PayPal,Delivered,Express,Website,,3,4.0,
5774419,848646,2025-07-12,Electronics,Bluetooth Speaker,2,296.35,0,592.7,0.0,37.04,629.74,Credit Card,Delivered,Standard,Mobile App,,7,,
2888757,597561,2025-07-12,Home & Kitchen,Air Fryer,1,291.93,0,291.93,0.0,18.25,310.18,Debit Card,Cancelled,Standard,Mobile App,,7,,
2995477,370685,2025-07-12,Electronics,Smartphone Case,1,587.41,15,499.3,0.0,29.96,529.26,Debit Card,Delivered,Standard,Website,WELCOME10,7,4.0,
2376505,388496,2025-07-12,Grocery,Pasta Variety Pack,2,19.15,0,38.3,27.99,3.06,69.35,Credit Card,Delivered,Next-Day,Marketplace,,1,5.0,
9253635,697324,2025-07-12,Home & Kitchen,Stand Mixer,1,111.75,0,111.75,0.0,9.22,120.97,Apple Pay,Delivered,Standard,Website,,7,5.0,
4541988,608217,2025-07-12,Clothing,Men's Denim Jacket,5,57.27,0,286.35,12.99,17.18,316.52,PayPal,Delivered,Express,Website,,3,5.0,
5967022,226126,2025-07-12,Electronics,4K Smart TV,4,255.16,0,1020.64,12.99,61.24,1094.87,Credit Card,Delivered,Express,Mobile App,,3,,
3369994,461780,2025-07-12,Electronics,Noise-Cancelling Headphones,2,256.74,0,513.48,0.0,32.09,545.57,Debit Card,Delivered,Standard,Mobile App,,7,4.0,
8834567,717284,2025-07-12,Toys & Games,Card Game Deck,1,57.91,0,57.91,5.99,4.78,68.68,Debit Card,Delivered,Standard,Mobile App,,7,,
9669594,438636,2025-07-13,Grocery,Sparkling Water Case,4,23.88,0,95.52,0.0,7.88,103.4,Debit Card,Delivered,Standard,Website,,7,4.0,
3807952,557486,2025-07-13,Office Supplies,Ballpoint Pen Pack,5,32.54,0,162.7,0.0,10.17,172.87,PayPal,Delivered,,Mobile App,,0,,
5497254,501851,2025-07-13,Books,Self-Help Guide,2,9.48,0,18.96,27.99,1.14,48.09,,Delivered,Next-Day,Website,,1,,
5714084,542798,2025-07-13,Electronics,Wireless Earbuds,1,200.43,0,200.43,0.0,16.03,216.46,Credit Card,Delivered,Standard,Website,,7,,
7962768,138889,2025-07-13,Clothing,Running Shoes,1,47.87,0,47.87,5.99,2.99,56.85,Apple Pay,Delivered,Standard,Website,,7,4.0,
1502424,494006,2025-07-13,Sports & Outdoors,Mountain Bike Helmet,2,57.71,0,115.42,0.0,15.0,130.42,Debit Card,Delivered,Standard,Marketplace,,7,,
9326788,516216,2025-07-13,Home & Kitchen,Memory Foam Pillow,1,166.67,0,166.67,0.0,10.0,176.67,Debit Card,Returned,Standard,Mobile App,,7,,Wrong Size
7085173,424590,2025-07-13,Grocery,Mixed Nuts Pack,4,24.53,20,78.5,0.0,0.0,78.5,Apple Pay,Delivered,Standard,Website,FREESHIP,7,5.0,
7975043,956979,2025-07-13,Home & Kitchen,Stand Mixer,1,200.55,0,200.55,12.99,12.53,226.07,PayPal,Delivered,Express,Mobile App,,3,5.0,
1730663,491298,2025-07-13,Beauty & Personal Care,Skincare Gift Set,1,53.1,0,53.1,27.99,3.19,84.28,Credit Card,Returned,Next-Day,Mobile App,,1,,Changed Mind
7955212,468940,2025-07-13,Office Supplies,Ballpoint Pen Pack,5,44.8,0,224.0,0.0,14.0,238.0,Credit Card,Delivered,Standard,Website,,7,4.0,
6395094,849763,2025-07-14,Grocery,Pasta Variety Pack,4,12.39,10,44.6,5.99,2.68,53.27,Debit Card,Delivered,Standard,Website,FREESHIP,7,,
4924605,842688,2025-07-14,Books,Mystery Novel,2,13.74,5,26.11,27.99,1.57,55.67,Gift Card,Delivered,Next-Day,Website,HOLIDAY25,1,4.0,
1769948,965592,2025-07-14,Beauty & Personal Care,Sunscreen SPF50,2,34.35,0,68.7,14.99,4.29,87.98,Credit Card,Delivered,Express,Website,,3,5.0,
1573521,549826,2025-07-14,Grocery,Organic Coffee Beans,1,14.93,15,12.69,5.99,1.05,19.73,Debit Card,Delivered,Standard,Website,FLASH30,7,,
1374922,769586,2025-07-14,Office Supplies,Desk Organizer,4,51.54,0,206.16,0.0,17.01,223.17,PayPal,Returned,Standard,Mobile App,,7,,Better Price Found
3986486,282330,2025-07-15,Toys & Games,Action Figure,2,26.93,0,53.86,5.99,3.37,63.22,Debit Card,Returned,Standard,Website,,7,,Changed Mind
7714665,815371,2025-07-15,Books,Cookbook: Weeknight Dinners,4,32.32,0,129.28,0.0,10.34,139.62,PayPal,Delivered,Standard,Mobile App,,7,4.0,
3491709,133646,2025-07-15,Beauty & Personal Care,Electric Toothbrush,2,28.95,0,57.9,5.99,3.47,67.36,Credit Card,Delivered,Standard,Marketplace,,7,,
3631365,711151,2025-07-15,Toys & Games,Puzzle 1000pc,1,16.95,25,12.71,5.99,0.76,19.46,Debit Card,Delivered,Standard,Website,FLASH30,7,5.0,
8352048,400584,2025-07-15,Sports & Outdoors,Hiking Backpack,3,118.37,0,355.11,0.0,22.19,377.3,Credit Card,Cancelled,Standard,Website,,7,,
4943212,843122,2025-07-15,Toys & Games,Building Block Set,4,20.3,10,73.08,5.99,5.85,84.92,Credit Card,Delivered,Standard,Website,SAVE20,7,4.0,
3273291,549078,2025-07-15,Home & Kitchen,Memory Foam Pillow,2,77.75,10,139.95,0.0,8.4,148.35,Apple Pay,Returned,Free Pickup,Website,SUMMER10,0,,Better Price Found
6360560,868822,2025-07-15,Clothing,Cotton T-Shirt,1,62.86,0,62.86,27.99,5.03,95.88,PayPal,Returned,Next-Day,Mobile App,,1,,Arrived Late
4613992,867333,2025-07-16,Electronics,Wireless Mouse,1,881.41,0,881.41,0.0,55.09,936.5,Debit Card,Delivered,Standard,Marketplace,,7,,
5488005,999753,2025-07-16,Beauty & Personal Care,Makeup Palette,2,15.8,10,28.44,5.99,3.7,38.13,Debit Card,Delivered,Standard,Mobile App,FREESHIP,7,4.0,
6192581,549826,2025-07-16,Office Supplies,Label Maker,4,164.92,0,659.68,0.0,54.42,714.1,Debit Card,Delivered,,Mobile App,,7,,
7211604,753798,2025-07-16,Beauty & Personal Care,Perfume,2,35.73,0,71.46,5.99,14.29,91.74,Credit Card,Delivered,Standard,Website,,7,,
7955664,557252,2025-07-16,Sports & Outdoors,Insulated Water Bottle,3,112.43,0,337.29,24.99,27.83,390.11,Credit Card,Processing,Next-Day,Website,,1,,
1594997,312879,2025-07-16,Toys & Games,Outdoor Water Blaster,1,18.55,0,18.55,5.99,1.86,26.4,Google Pay,Delivered,Standard,Marketplace,,7,4.0,
8939550,598994,2025-07-16,Electronics,Portable Charger,1,314.82,20,251.86,0.0,50.37,302.23,Google Pay,Delivered,Standard,Website,HOLIDAY25,7,5.0,
7920921,539241,2025-07-16,Office Supplies,Whiteboard,1,82.31,0,82.31,0.0,10.7,93.01,Apple Pay,Delivered,Standard,Mobile App,,7,4.0,
2905588,591756,2025-07-17,Clothing,Wool Sweater,1,31.81,0,31.81,5.99,1.91,39.71,Credit Card,Returned,Standard,Marketplace,,7,,Wrong Size
6583441,282330,2025-07-17,Beauty & Personal Care,Makeup Palette,2,27.95,0,55.9,5.99,4.61,66.5,Credit Card,Returned,Standard,Website,,7,,Wrong Size
3734108,210439,2025-07-17,Electronics,Wireless Earbuds,1,190.09,0,190.09,0.0,0.0,190.09,Debit Card,Delivered,Standard,Website,,7,4.0,
3286546,902174,2025-07-17,Office Supplies,Desk Organizer,5,108.21,0,541.05,12.99,44.64,598.68,Debit Card,Processing,Express,Mobile App,,3,,
9386822,360723,2025-07-17,Toys & Games,Board Game Classic,2,20.15,30,28.21,0.0,2.26,30.47,Credit Card,Delivered,Free Pickup,Website,FREESHIP,0,,
6230639,999753,2025-07-17,Books,Science Fiction Epic,3,21.25,0,63.75,5.99,5.1,74.84,Credit Card,Delivered,Standard,Mobile App,,7,,
8899061,384136,2025-07-17,Office Supplies,Printer Paper Ream,1,115.57,0,115.57,24.99,7.22,147.78,Credit Card,Delivered,Next-Day,Mobile App,,1,5.0,
6272837,800785,2025-07-17,Clothing,Cotton T-Shirt,4,65.61,0,262.44,12.99,16.4,291.83,Credit Card,Delivered,Express,Website,,3,5.0,
2162876,343652,2025-07-18,Home & Kitchen,Ceramic Dinnerware Set,1,78.02,0,78.02,0.0,0.0,78.02,PayPal,Cancelled,Standard,Website,,7,,
5325921,953629,2025-07-18,Electronics,Mechanical Keyboard,1,664.09,0,664.09,0.0,132.82,796.91,Credit Card,Delivered,Standard,Mobile App,,7,,
6036974,865643,2025-07-18,Sports & Outdoors,Yoga Mat,2,131.91,0,263.82,0.0,0.0,263.82,PayPal,Delivered,Standard,Website,,7,,
7909670,638422,2025-07-18,Electronics,Smartphone Case,1,614.9,15,522.66,12.99,32.67,568.32,Credit Card,Delivered,Express,Marketplace,SUMMER10,3,,
6666107,622523,2025-07-18,Electronics,Wireless Earbuds,1,433.84,0,433.84,0.0,26.03,459.87,Credit Card,Delivered,Standard,Marketplace,,7,,
9362001,540156,2025-07-18,Clothing,Wool Sweater,2,102.83,10,185.09,0.0,15.27,200.36,Credit Card,Delivered,Standard,Mobile App,WELCOME10,7,4.0,
6707613,526706,2025-07-18,Beauty & Personal Care,Makeup Palette,1,13.85,5,13.16,5.99,0.79,19.94,Debit Card,Delivered,Standard,Website,FREESHIP,7,4.0,
4337651,581702,2025-07-18,Home & Kitchen,Memory Foam Pillow,1,92.73,10,83.46,0.0,16.69,100.15,Debit Card,Delivered,Standard,Marketplace,SAVE20,7,4.0,
7136930,132452,2025-07-18,Sports & Outdoors,Hiking Backpack,1,19.3,0,19.3,27.99,1.21,48.5,Credit Card,Delivered,Next-Day,Marketplace,,1,5.0,
9839429,813035,2025-07-18,Sports & Outdoors,Resistance Bands Set,1,41.88,0,41.88,0.0,3.46,45.34,Debit Card,Delivered,Free Pickup,Mobile App,,0,4.0,
3298479,520397,2025-07-19,Office Supplies,Desk Organizer,2,38.58,20,61.73,5.99,0.0,67.72,PayPal,Delivered,Standard,Mobile App,VIP15,7,5.0,
8160874,131620,2025-07-19,Toys & Games,Remote Control Car,4,72.1,0,288.4,12.99,23.79,325.18,Debit Card,Delivered,Express,Mobile App,,3,,
3749723,756541,2025-07-19,Beauty & Personal Care,Makeup Palette,1,51.21,0,51.21,14.99,3.33,69.53,Gift Card,Delivered,Express,Website,,3,,
1599993,304008,2025-07-19,Toys & Games,Plush Teddy Bear,2,23.03,0,46.06,5.99,2.76,54.81,Credit Card,Delivered,Standard,Mobile App,,7,5.0,
9667476,236288,2025-07-19,Books,Cookbook: Weeknight Dinners,3,16.3,0,48.9,5.99,0.0,54.89,Gift Card,Delivered,Standard,Mobile App,,7,1.0,
3129389,608288,2025-07-19,Clothing,Running Shoes,2,56.43,0,112.86,0.0,7.05,119.91,Apple Pay,Delivered,Standard,Marketplace,,7,5.0,
3763334,210439,2025-07-19,Pet Supplies,Dog Bed,2,138.82,5,263.76,12.99,21.76,298.51,Google Pay,Returned,Express,Mobile App,VIP15,3,,Arrived Late
3099380,578841,2025-07-20,Grocery,Pasta Variety Pack,9,31.26,0,281.34,0.0,53.45,334.79,Credit Card,Delivered,Standard,Website,,7,,
6131459,773267,2025-07-20,Grocery,Protein Bar Box,4,5.17,0,20.68,0.0,1.29,21.97,Apple Pay,Delivered,Free Pickup,Website,,0,5.0,
4003884,564162,2025-07-20,Books,Mystery Novel,5,18.89,0,94.45,0.0,15.11,109.56,Debit Card,Cancelled,Standard,Website,,7,,
9584961,637499,2025-07-20,Grocery,Dark Chocolate Bar,1,13.67,0,13.67,5.99,0.82,20.48,Apple Pay,Delivered,Standard,Marketplace,,7,5.0,
5070081,250136,2025-07-20,Clothing,Baseball Cap,1,51.28,20,41.02,5.99,2.67,49.68,PayPal,Delivered,Standard,Website,SAVE20,7,4.0,
8582630,941827,2025-07-20,Clothing,Summer Dress,1,24.73,0,24.73,5.99,0.0,30.72,Debit Card,Delivered,Standard,Website,,7,,
6718015,525803,2025-07-20,Sports & Outdoors,Hiking Backpack,2,147.05,0,294.1,12.99,0.0,307.09,Debit Card,Cancelled,Express,Marketplace,,3,,
5305032,842688,2025-07-20,Electronics,4K Smart TV,1,259.63,15,220.69,24.99,22.07,267.75,Credit Card,Delivered,Next-Day,Marketplace,FREESHIP,1,,
5668497,726518,2025-07-20,Electronics,Noise-Cancelling Headphones,1,393.18,0,393.18,0.0,23.59,416.77,Google Pay,Delivered,Standard,Mobile App,,7,5.0,
3188857,225902,2025-07-20,Electronics,Portable Charger,2,736.39,5,1399.14,12.99,83.95,1496.08,Debit Card,Delivered,Express,Website,FLASH30,3,,
1941222,908295,2025-07-21,Grocery,Extra Virgin Olive Oil,4,8.99,30,25.17,5.99,1.51,32.67,Credit Card,Delivered,Standard,Website,SUMMER10,7,5.0,
9264193,248039,2025-07-21,Sports & Outdoors,Basketball,1,284.31,0,284.31,0.0,45.49,329.8,Credit Card,Cancelled,Standard,Mobile App,,7,,
1795524,281969,2025-07-21,Clothing,Cotton T-Shirt,1,105.42,0,105.42,0.0,8.43,113.85,Debit Card,Delivered,Standard,Mobile App,,7,,
7141113,820298,2025-07-21,Beauty & Personal Care,Shampoo & Conditioner Set,1,12.26,0,12.26,5.99,0.74,18.99,PayPal,Returned,Standard,Website,,7,,Changed Mind
1935310,211308,2025-07-21,Electronics,Portable Charger,1,613.66,0,613.66,12.99,36.82,663.47,Credit Card,Delivered,Express,Mobile App,,3,5.0,
9584479,969906,2025-07-21,Books,Self-Help Guide,2,6.87,10,12.37,14.99,1.61,28.97,Debit Card,Delivered,,Marketplace,WELCOME10,3,,
5286681,279683,2025-07-21,Electronics,Streaming Media Player,2,355.64,25,533.46,0.0,106.69,640.15,PayPal,Shipped,Standard,Website,FREESHIP,7,,
4653636,985541,2025-07-21,Electronics,Streaming Media Player,2,210.61,15,358.04,24.99,71.61,454.64,Google Pay,Delivered,Next-Day,Website,FREESHIP,1,3.0,
6289050,823686,2025-07-21,Beauty & Personal Care,Vitamin C Serum,2,95.0,10,171.0,12.99,22.23,206.22,Google Pay,Delivered,Express,Mobile App,FREESHIP,3,,
8351733,826264,2025-07-21,Clothing,Cotton T-Shirt,2,110.14,0,220.28,0.0,13.77,234.05,Apple Pay,Delivered,Standard,Website,,7,,
4278056,222847,2025-07-21,Electronics,Streaming Media Player,1,323.01,0,323.01,0.0,20.19,343.2,Credit Card,Delivered,Standard,Website,,7,,
6679043,734020,2025-07-22,Books,Self-Help Guide,2,13.57,0,27.14,5.99,2.24,35.37,Debit Card,Returned,Standard,Mobile App,,7,,Wrong Size
3077081,587634,2025-07-22,Beauty & Personal Care,Electric Razor,4,18.33,0,73.32,5.99,4.4,83.71,Credit Card,Delivered,Standard,Mobile App,,7,,
2234871,171208,2025-07-22,Office Supplies,Label Maker,2,38.79,0,77.58,0.0,4.85,82.43,Credit Card,Delivered,Standard,Website,,7,5.0,
7498389,698930,2025-07-22,Sports & Outdoors,Basketball,2,107.12,0,214.24,24.99,13.39,252.62,Apple Pay,Delivered,Next-Day,Mobile App,,1,,
9945397,236956,2025-07-22,Electronics,Bluetooth Speaker,1,249.84,0,249.84,0.0,15.62,265.46,Credit Card,Delivered,Standard,Website,,7,,
3052390,360723,2025-07-22,Clothing,Baseball Cap,1,31.56,0,31.56,5.99,5.05,42.6,PayPal,Delivered,Standard,Website,,7,4.0,
9688270,929214,2025-07-22,Toys & Games,Board Game Classic,2,46.65,10,83.97,0.0,5.46,89.43,Credit Card,Delivered,Standard,Mobile App,FLASH30,7,,
6610247,548974,2025-07-22,Electronics,Smartphone Case,3,185.88,0,557.64,0.0,33.46,591.1,PayPal,Delivered,Standard,Website,,7,5.0,
1878393,983619,2025-07-22,Beauty & Personal Care,Skincare Gift Set,1,56.51,5,53.68,14.99,4.43,73.1,Credit Card,Delivered,Express,Mobile App,FLASH30,3,,
9417689,928439,2025-07-22,Toys & Games,Remote Control Car,1,15.81,0,15.81,14.99,1.3,32.1,Credit Card,Delivered,Express,Website,,3,,
9002693,476501,2025-07-22,Books,Mystery Novel,5,15.75,0,78.75,0.0,6.3,85.05,Debit Card,Delivered,Standard,Mobile App,,7,5.0,
5674261,802087,2025-07-22,Books,Graphic Novel,1,18.01,0,18.01,5.99,1.08,25.08,PayPal,Delivered,Standard,Website,,7,,
9655279,670883,2025-07-23,Electronics,Mechanical Keyboard,1,492.86,25,369.64,12.99,22.18,404.81,Credit Card,Delivered,Express,Mobile App,FLASH30,3,,
8994260,353006,2025-07-23,Beauty & Personal Care,Skincare Gift Set,3,47.96,0,143.88,12.99,18.7,175.57,Apple Pay,Delivered,Express,Marketplace,,3,,
3387381,344803,2025-07-23,Electronics,Laptop Stand,1,168.78,0,168.78,0.0,13.92,182.7,PayPal,Delivered,Standard,Website,,7,3.0,
9315979,359971,2025-07-23,Home & Kitchen,Non-Stick Frying Pan,1,165.06,0,165.06,12.99,26.41,204.46,Debit Card,Delivered,Express,Mobile App,,3,4.0,
4109542,355903,2025-07-23,Home & Kitchen,Cotton Bed Sheets,3,25.75,0,77.25,0.0,4.64,81.89,Debit Card,Delivered,Standard,Marketplace,,7,4.0,
9911713,282330,2025-07-23,Toys & Games,Educational STEM Kit,3,43.26,0,129.78,0.0,0.0,129.78,Credit Card,Delivered,Standard,Mobile App,,7,,
5864409,388826,2025-07-23,Office Supplies,Whiteboard,1,132.21,0,132.21,0.0,7.93,140.14,Google Pay,Delivered,Standard,Mobile App,,7,4.0,
5548501,468940,2025-07-23,Beauty & Personal Care,Sunscreen SPF50,2,56.22,20,89.95,0.0,5.62,95.57,Credit Card,Delivered,Standard,Website,SAVE20,7,2.0,
8817595,469380,2025-07-24,Electronics,Mechanical Keyboard,2,125.22,0,250.44,0.0,20.66,271.1,PayPal,Returned,Standard,Website,,7,,Better Price Found
6578725,652761,2025-07-24,Electronics,Wireless Earbuds,1,322.01,30,225.41,0.0,29.3,254.71,Credit Card,Delivered,Standard,Website,SAVE20,7,,
1406572,395408,2025-07-24,Grocery,Dark Chocolate Bar,6,30.81,0,184.86,12.99,14.79,212.64,PayPal,Delivered,Express,Mobile App,,3,4.0,
4906070,343810,2025-07-24,Beauty & Personal Care,Makeup Palette,1,32.45,0,32.45,5.99,1.95,40.39,PayPal,Delivered,Standard,Mobile App,,7,5.0,
7589707,974063,2025-07-24,Beauty & Personal Care,Perfume,1,27.63,0,27.63,14.99,2.28,44.9,PayPal,Delivered,Express,Mobile App,,3,5.0,
2466466,319318,2025-07-24,Sports & Outdoors,Mountain Bike Helmet,1,101.38,5,96.31,0.0,7.95,104.26,Google Pay,Delivered,Free Pickup,Website,HOLIDAY25,0,,
1820602,388183,2025-07-25,Electronics,Bluetooth Speaker,2,331.36,25,497.04,12.99,31.06,541.09,Credit Card,Delivered,Express,Website,FLASH30,3,4.0,
2590347,622527,2025-07-25,Grocery,Dark Chocolate Bar,1,19.47,0,19.47,5.99,1.61,27.07,Apple Pay,Returned,Standard,Marketplace,,7,,Arrived Late
1375140,312650,2025-07-25,Grocery,Protein Bar Box,5,9.1,0,45.5,5.99,2.84,54.33,Credit Card,Delivered,Standard,Website,,7,,
7812483,713629,2025-07-25,Sports & Outdoors,Resistance Bands Set,2,69.36,0,138.72,12.99,27.74,179.45,Debit Card,Delivered,Express,Website,,3,5.0,
9842752,145116,2025-07-25,Clothing,Cotton T-Shirt,1,32.65,20,26.12,5.99,2.09,34.2,Debit Card,Delivered,Standard,Website,VIP15,7,4.0,
4390171,222847,2025-07-25,Clothing,Winter Parka,2,44.21,5,84.0,0.0,5.04,89.04,Credit Card,Delivered,Free Pickup,Marketplace,VIP15,0,4.0,
2129323,625244,2025-07-25,Clothing,Wool Sweater,3,87.8,25,197.55,0.0,11.85,209.4,Credit Card,Returned,Free Pickup,Website,SAVE20,0,,Defective Item
7768223,934214,2025-07-26,Beauty & Personal Care,Electric Toothbrush,2,35.84,15,60.93,5.99,9.75,76.67,Debit Card,Delivered,Standard,Website,FREESHIP,7,4.0,
5683985,353006,2025-07-26,Clothing,Winter Parka,3,76.83,10,207.44,12.99,12.45,232.88,Debit Card,Delivered,Express,Website,FLASH30,3,,
9948431,597542,2025-07-26,Electronics,Noise-Cancelling Headphones,1,318.22,0,318.22,0.0,19.89,338.11,PayPal,Delivered,Standard,Mobile App,,7,4.0,
3147962,803895,2025-07-26,Electronics,Bluetooth Speaker,1,395.81,10,356.23,0.0,29.39,385.62,Apple Pay,Delivered,Standard,Marketplace,SUMMER10,7,5.0,
3293488,379153,2025-07-26,Sports & Outdoors,Resistance Bands Set,2,24.77,30,34.68,5.99,2.86,43.53,Credit Card,Delivered,Standard,Website,SAVE20,7,4.0,
3790128,820543,2025-07-26,Home & Kitchen,Stand Mixer,1,127.66,0,127.66,0.0,0.0,127.66,Credit Card,Delivered,Standard,Mobile App,,7,5.0,
7146330,768338,2025-07-27,Pet Supplies,Dog Leash,1,79.94,0,79.94,0.0,5.2,85.14,Credit Card,Delivered,Standard,Website,,7,,
5076063,720159,2025-07-27,Clothing,Women's Yoga Pants,1,40.57,0,40.57,0.0,2.43,43.0,PayPal,Delivered,Free Pickup,Marketplace,,0,,
9765779,103940,2025-07-27,Electronics,Portable Charger,1,482.08,0,482.08,12.99,31.34,526.41,Credit Card,Cancelled,Express,Marketplace,,3,,
5228623,441755,2025-07-27,Electronics,Bluetooth Speaker,1,110.82,0,110.82,12.99,8.87,132.68,Debit Card,Delivered,Express,Website,,3,5.0,
9845770,196023,2025-07-27,Pet Supplies,Dog Leash,1,21.3,0,21.3,5.99,1.28,28.57,Credit Card,Delivered,Standard,Mobile App,,7,4.0,
7380523,263224,2025-07-27,Clothing,Summer Dress,1,37.79,30,26.45,14.99,2.18,43.62,Gift Card,Delivered,Express,Website,FREESHIP,3,5.0,
5756215,734020,2025-07-27,Electronics,Wireless Mouse,1,754.07,5,716.37,0.0,42.98,759.35,PayPal,Delivered,Standard,Mobile App,SUMMER10,7,,
6656131,359234,2025-07-27,Toys & Games,Doll House,2,13.94,0,27.88,27.99,1.81,57.68,Credit Card,Cancelled,Next-Day,Website,,1,,
3867221,367081,2025-07-27,Electronics,Smartphone Case,1,231.7,0,231.7,0.0,13.9,245.6,PayPal,Delivered,Standard,Mobile App,,7,5.0,
2104809,856071,2025-07-27,Clothing,Running Shoes,2,58.13,20,93.01,0.0,5.58,98.59,Credit Card,Delivered,Standard,Website,SUMMER10,7,4.0,
3377030,907465,2025-07-27,Clothing,Baseball Cap,5,76.98,0,384.9,0.0,31.75,416.65,Credit Card,Delivered,Standard,Website,,7,,
5450694,515463,2025-07-28,Clothing,Women's Yoga Pants,1,71.36,0,71.36,5.99,4.28,81.63,Debit Card,Delivered,Standard,Website,,7,5.0,
3066763,526724,2025-07-28,Electronics,Wireless Mouse,1,209.61,0,209.61,0.0,17.29,226.9,Credit Card,Delivered,Standard,Website,,7,,
9100672,602801,2025-07-28,Clothing,Running Shoes,3,50.43,20,121.03,0.0,15.73,136.76,Credit Card,Delivered,Standard,Website,FLASH30,7,5.0,
3218169,119435,2025-07-28,Beauty & Personal Care,Perfume,2,36.26,0,72.52,5.99,4.35,82.86,Credit Card,Cancelled,Standard,Mobile App,,7,,
6926604,666211,2025-07-28,Books,Fantasy Trilogy Box Set,2,10.25,15,17.42,27.99,1.44,46.85,PayPal,Cancelled,Next-Day,Website,FLASH30,1,,
6901585,940382,2025-07-28,Beauty & Personal Care,Hair Dryer,1,22.13,30,15.49,5.99,0.93,22.41,Credit Card,Delivered,Standard,Mobile App,WELCOME10,7,,
2414337,408056,2025-07-28,Books,Historical Biography,1,30.73,0,30.73,5.99,1.84,38.56,Credit Card,Returned,Standard,Website,,7,,Not as Described
4989725,944244,2025-07-28,Beauty & Personal Care,Sunscreen SPF50,1,46.66,0,46.66,14.99,3.03,64.68,Credit Card,Cancelled,Express,Mobile App,,3,,
1195471,206604,2025-07-28,Books,Fantasy Trilogy Box Set,3,17.33,0,51.99,5.99,4.16,62.14,Credit Card,Delivered,Standard,Website,,7,4.0,
9517959,809484,2025-07-28,Office Supplies,Desk Organizer,1,18.57,0,18.57,5.99,1.16,25.72,Credit Card,Delivered,Standard,Mobile App,,7,4.0,
5815008,645986,2025-07-28,Sports & Outdoors,Fishing Rod,3,33.95,15,86.57,0.0,5.19,91.76,Debit Card,Delivered,Standard,Website,VIP15,7,2.0,
5438219,599375,2025-07-28,Grocery,Organic Coffee Beans,1,34.23,0,34.23,27.99,6.5,68.72,Credit Card,Delivered,Next-Day,Website,,1,4.0,
4322639,956945,2025-07-28,Office Supplies,Desk Organizer,1,64.28,0,64.28,0.0,3.86,68.14,Debit Card,Delivered,Free Pickup,Marketplace,,0,,
1847157,436093,2025-07-29,Toys & Games,Action Figure,5,110.0,0,550.0,0.0,33.0,583.0,Credit Card,Delivered,Free Pickup,Website,,0,5.0,
9571474,713629,2025-07-29,Office Supplies,Whiteboard,3,116.03,20,278.47,24.99,22.97,326.43,PayPal,Delivered,Next-Day,Website,FREESHIP,1,5.0,
1681482,638422,2025-07-29,Electronics,Mechanical Keyboard,1,478.25,30,334.78,0.0,20.09,354.87,Credit Card,Delivered,Standard,Website,HOLIDAY25,7,5.0,
3787867,522163,2025-07-29,Beauty & Personal Care,Vitamin C Serum,1,44.22,10,39.8,14.99,2.49,57.28,Credit Card,Cancelled,Express,Mobile App,FREESHIP,3,,
8621154,801630,2025-07-29,Office Supplies,Label Maker,2,220.0,0,440.0,0.0,27.5,467.5,Apple Pay,Delivered,Standard,Mobile App,,7,5.0,
5657087,424590,2025-07-29,Electronics,Smartphone Case,1,755.87,0,755.87,0.0,62.36,818.23,PayPal,Returned,Standard,Website,,7,,Defective Item
2582552,226095,2025-07-29,Beauty & Personal Care,Skincare Gift Set,4,86.05,0,344.2,0.0,27.54,371.74,Debit Card,Cancelled,Free Pickup,Website,,0,,
5432798,195250,2025-07-29,Sports & Outdoors,Insulated Water Bottle,1,118.6,0,118.6,12.99,7.12,138.71,Credit Card,Returned,Express,Mobile App,,3,,Better Price Found
8250745,933183,2025-07-30,Books,Poetry Collection,3,29.2,0,87.6,12.99,5.26,105.85,Apple Pay,Delivered,Express,Website,,3,5.0,
5792083,248546,2025-07-30,Electronics,Mechanical Keyboard,1,388.59,30,272.01,0.0,22.44,294.45,Credit Card,Delivered,Standard,Website,SAVE20,7,,
8101517,292941,2025-07-30,Electronics,Wireless Mouse,2,404.81,0,809.62,12.99,161.92,984.53,Google Pay,Cancelled,Express,Mobile App,,3,,
2084749,488554,2025-07-30,Clothing,Women's Yoga Pants,2,50.36,0,100.72,0.0,6.04,106.76,Credit Card,Delivered,Standard,Marketplace,,7,2.0,
7429256,974275,2025-07-30,Clothing,Baseball Cap,4,69.88,15,237.59,12.99,45.14,295.72,Gift Card,Cancelled,Express,Marketplace,SUMMER10,3,,
4258328,501851,2025-07-30,Beauty & Personal Care,Facial Moisturizer,2,70.76,0,141.52,0.0,8.49,150.01,Credit Card,Cancelled,Standard,Website,,7,,
4698044,591794,2025-07-30,Clothing,Baseball Cap,3,58.88,0,176.64,0.0,14.57,191.21,Debit Card,Shipped,Standard,Website,,7,,
9222625,625244,2025-07-30,Electronics,Laptop Stand,2,860.25,0,1720.5,0.0,107.53,1828.03,Credit Card,Delivered,Standard,Website,,7,,
8716749,709428,2025-07-30,Toys & Games,Puzzle 1000pc,1,25.7,0,25.7,14.99,2.12,42.81,Credit Card,Delivered,Express,Mobile App,,3,5.0,
9095307,670693,2025-07-30,Toys & Games,Outdoor Water Blaster,1,106.1,0,106.1,24.99,16.98,148.07,PayPal,Delivered,Next-Day,Mobile App,,1,5.0,
3760960,928439,2025-07-30,Sports & Outdoors,Adjustable Dumbbell Set,1,118.56,0,118.56,24.99,15.41,158.96,Credit Card,Delivered,Next-Day,Marketplace,,1,,
6404872,591396,2025-07-31,Sports & Outdoors,Insulated Water Bottle,2,186.51,0,373.02,0.0,30.77,403.79,PayPal,Delivered,Standard,Marketplace,,7,4.0,
9227302,757288,2025-07-31,Sports & Outdoors,Camping Tent,3,39.23,0,117.69,12.99,9.71,140.39,Apple Pay,Delivered,Express,Mobile App,,3,4.0,
9168703,424619,2025-07-31,Grocery,Granola Cereal,3,16.98,15,43.3,5.99,2.6,51.89,Credit Card,Cancelled,Standard,Marketplace,SUMMER10,7,,
4688990,752908,2025-07-31,Books,Historical Biography,2,10.79,0,21.58,14.99,1.29,37.86,Apple Pay,Returned,Express,Marketplace,,3,,Better Price Found
4136747,964105,2025-07-31,Electronics,Portable Charger,2,322.62,0,645.24,0.0,64.52,709.76,Debit Card,Delivered,Standard,Mobile App,,7,5.0,
3133722,806986,2025-07-31,Home & Kitchen,Air Fryer,2,68.64,0,137.28,24.99,8.58,170.85,Gift Card,Delivered,Next-Day,Website,,1,4.0,
1299436,321653,2025-07-31,Sports & Outdoors,Insulated Water Bottle,2,145.93,0,291.86,0.0,17.51,309.37,,Cancelled,Standard,Mobile App,,7,,
7466233,516216,2025-07-31,Books,Historical Biography,1,8.34,0,8.34,5.99,0.69,15.02,Credit Card,Delivered,Standard,Mobile App,,7,4.0,
1220460,588665,2025-07-31,Sports & Outdoors,Adjustable Dumbbell Set,2,17.95,0,35.9,27.99,2.24,66.13,Apple Pay,Delivered,Next-Day,Mobile App,,1,5.0,
9954118,488554,2025-07-31,Sports & Outdoors,Mountain Bike Helmet,1,52.7,15,44.8,5.99,4.48,55.27,PayPal,Delivered,Standard,Website,WELCOME10,7,,
7437234,470612,2025-08-01,Pet Supplies,Dog Bed,1,9.17,0,9.17,5.99,0.55,15.71,Google Pay,Delivered,Standard,Website,,7,5.0,
2482914,137421,2025-08-01,Home & Kitchen,Non-Stick Frying Pan,1,82.35,0,82.35,0.0,10.71,93.06,Apple Pay,Delivered,Standard,Website,,7,5.0,
8977731,321283,2025-08-01,Sports & Outdoors,Fishing Rod,2,32.93,10,59.27,27.99,0.0,87.26,Apple Pay,Delivered,Next-Day,Website,FLASH30,1,5.0,
8733060,543108,2025-08-01,Sports & Outdoors,Fitness Tracker Watch,2,120.83,15,205.41,24.99,16.95,247.35,Debit Card,Delivered,Next-Day,Mobile App,FREESHIP,1,4.0,
4702783,119023,2025-08-01,Office Supplies,Label Maker,4,34.74,0,138.96,0.0,11.46,150.42,Credit Card,Delivered,Standard,Marketplace,,7,,
6279259,748894,2025-08-01,Beauty & Personal Care,Shampoo & Conditioner Set,3,20.66,0,61.98,14.99,3.72,80.69,PayPal,Delivered,Express,Mobile App,,3,4.0,
5739849,249284,2025-08-01,Home & Kitchen,Cotton Bed Sheets,2,74.84,0,149.68,0.0,19.46,169.14,Debit Card,Delivered,Standard,Website,,7,4.0,
4428155,578841,2025-08-01,Pet Supplies,Cat Litter Box,1,85.2,15,72.42,5.99,5.97,84.38,Google Pay,Returned,Standard,Website,SUMMER10,7,,Better Price Found
1653994,981214,2025-08-01,Home & Kitchen,Non-Stick Frying Pan,4,173.77,0,695.08,0.0,57.34,752.42,Credit Card,Delivered,Free Pickup,Mobile App,,0,,
8555445,908295,2025-08-01,Books,Fantasy Trilogy Box Set,1,16.97,0,16.97,5.99,2.21,25.17,PayPal,Delivered,Standard,Mobile App,,7,5.0,
8400527,944244,2025-08-01,Toys & Games,Card Game Deck,3,26.05,25,58.61,14.99,3.52,77.12,PayPal,Processing,Express,Website,HOLIDAY25,3,,
8607774,789391,2025-08-01,Home & Kitchen,Memory Foam Pillow,1,51.04,0,51.04,5.99,6.64,63.67,Credit Card,Delivered,Standard,Website,,7,5.0,
1127082,163173,2025-08-01,Clothing,Baseball Cap,7,43.46,25,228.17,12.99,13.69,254.85,PayPal,Returned,Express,Marketplace,FREESHIP,3,,Wrong Size
8574870,244471,2025-08-01,Books,Science Fiction Epic,1,39.62,0,39.62,0.0,2.48,42.1,Debit Card,Delivered,Free Pickup,Mobile App,,0,,
1406904,826888,2025-08-01,Clothing,Running Shoes,2,64.15,30,89.81,0.0,5.61,95.42,Apple Pay,Delivered,Standard,Website,SUMMER10,7,,
7094914,874360,2025-08-01,Home & Kitchen,Non-Stick Frying Pan,1,44.65,0,44.65,5.99,3.68,54.32,Credit Card,Returned,Standard,Website,,7,,Wrong Size
1012282,786081,2025-08-01,Home & Kitchen,LED Desk Lamp,4,152.95,0,611.8,0.0,39.77,651.57,PayPal,Delivered,Free Pickup,Mobile App,,0,5.0,
3855469,677977,2025-08-02,Clothing,Rain Jacket,3,48.89,0,146.67,0.0,8.8,155.47,Google Pay,Delivered,Standard,Website,,7,5.0,
7876068,348656,2025-08-02,Electronics,Smartphone Case,1,792.01,0,792.01,12.99,65.34,870.34,Debit Card,Delivered,Express,Website,,3,4.0,
6576569,385214,2025-08-02,Electronics,Wireless Earbuds,2,194.47,0,388.94,12.99,23.34,425.27,Google Pay,Returned,Express,Website,,3,,Defective Item
7910775,717194,2025-08-02,Toys & Games,Educational STEM Kit,1,77.31,0,77.31,0.0,4.64,81.95,Debit Card,Delivered,Standard,Marketplace,,7,,
6261655,865916,2025-08-02,Office Supplies,Ballpoint Pen Pack,1,46.46,5,44.14,14.99,3.64,62.77,Apple Pay,Delivered,Express,Marketplace,VIP15,3,2.0,
4787704,384588,2025-08-02,Grocery,Dark Chocolate Bar,2,21.57,0,43.14,5.99,2.8,51.93,PayPal,Returned,Standard,Mobile App,,7,,Wrong Size
9620901,709428,2025-08-02,Books,Science Fiction Epic,4,8.07,0,32.28,5.99,2.66,40.93,PayPal,Delivered,Standard,Marketplace,,7,,
8867048,956979,2025-08-02,Sports & Outdoors,Yoga Mat,1,222.32,0,222.32,0.0,13.34,235.66,Credit Card,Delivered,Standard,Mobile App,,7,5.0,
3857148,216808,2025-08-02,Pet Supplies,Training Treats,1,16.96,25,12.72,27.99,0.8,41.51,Credit Card,Delivered,Next-Day,Website,SAVE20,1,5.0,
2448180,353006,2025-08-02,Clothing,Cotton T-Shirt,3,34.15,0,102.45,0.0,20.49,122.94,Credit Card,Delivered,Standard,Website,,7,4.0,
5810664,809484,2025-08-02,Clothing,Rain Jacket,1,117.63,0,117.63,0.0,7.06,124.69,Credit Card,Returned,Standard,Website,,7,,Better Price Found
5437570,501851,2025-08-02,Office Supplies,Stapler,3,144.54,0,433.62,0.0,35.77,469.39,Apple Pay,Delivered,Standard,Marketplace,,7,,
8535724,849763,2025-08-02,Beauty & Personal Care,Facial Moisturizer,1,23.8,0,23.8,5.99,1.43,31.22,PayPal,Delivered,Standard,Marketplace,,7,,
7799256,908295,2025-08-02,Electronics,Wireless Mouse,2,147.44,0,294.88,0.0,24.33,319.21,PayPal,Delivered,Free Pickup,Mobile App,,0,5.0,
2332937,547541,2025-08-03,Sports & Outdoors,Insulated Water Bottle,1,107.69,0,107.69,0.0,8.88,116.57,Credit Card,Delivered,Free Pickup,Website,,0,,
7958586,221043,2025-08-03,Electronics,Laptop Stand,2,330.68,25,496.02,0.0,40.92,536.94,Credit Card,Delivered,Standard,Website,VIP15,7,5.0,
4156073,673226,2025-08-03,Clothing,Cotton T-Shirt,1,27.29,0,27.29,14.99,2.25,44.53,PayPal,Returned,Express,Website,,3,,Arrived Late
8996518,822429,2025-08-03,Electronics,Noise-Cancelling Headphones,1,104.25,0,104.25,0.0,6.26,110.51,Credit Card,Cancelled,Standard,Mobile App,,7,,
3701004,753798,2025-08-03,Electronics,Noise-Cancelling Headphones,1,636.74,0,636.74,0.0,38.2,674.94,Credit Card,Shipped,Standard,Marketplace,,7,,
8197219,549078,2025-08-03,Beauty & Personal Care,Hair Dryer,2,7.3,0,14.6,14.99,0.88,30.47,Debit Card,Delivered,Express,Website,,3,4.0,
9087240,250136,2025-08-03,Grocery,Organic Coffee Beans,4,8.26,0,33.04,5.99,1.98,41.01,Credit Card,Delivered,Standard,Website,,7,,
4175456,792986,2025-08-03,Clothing,Wool Sweater,1,31.41,0,31.41,5.99,2.59,39.99,Credit Card,Delivered,Standard,Website,,7,2.0,
8165268,181431,2025-08-03,Electronics,Mechanical Keyboard,1,507.38,0,507.38,12.99,30.44,550.81,Google Pay,Delivered,Express,Mobile App,,3,,
6868867,554014,2025-08-03,Clothing,Slim Fit Jeans,1,29.86,0,29.86,5.99,1.87,37.72,PayPal,Delivered,Standard,Mobile App,,7,,
7633270,944244,2025-08-03,Office Supplies,Stapler,3,60.95,20,146.28,24.99,8.78,180.05,Credit Card,Delivered,Next-Day,Mobile App,FLASH30,1,,
9035461,709428,2025-08-04,Clothing,Rain Jacket,2,12.32,0,24.64,14.99,2.03,41.66,Credit Card,Delivered,Express,Marketplace,,3,,
6794007,636916,2025-08-04,Beauty & Personal Care,Sunscreen SPF50,2,20.5,0,41.0,5.99,2.46,49.45,Credit Card,Delivered,Standard,Website,,7,5.0,
5367404,942283,2025-08-04,Office Supplies,Ergonomic Office Chair,1,98.46,0,98.46,0.0,5.91,104.37,Debit Card,Delivered,Standard,Website,,7,4.0,
8562899,264557,2025-08-04,Grocery,Protein Bar Box,4,14.38,0,57.52,5.99,3.45,66.96,Credit Card,Returned,Standard,Website,,7,,Better Price Found
5460262,542798,2025-08-04,Clothing,Summer Dress,2,97.59,0,195.18,0.0,12.2,207.38,PayPal,Delivered,Standard,Mobile App,,7,3.0,
3177082,504905,2025-08-05,Electronics,Wireless Earbuds,1,1200.0,0,1200.0,0.0,96.0,1296.0,Google Pay,Delivered,Standard,Mobile App,,7,,
1087556,716918,2025-08-05,Home & Kitchen,LED Desk Lamp,1,73.33,0,73.33,14.99,6.05,94.37,Credit Card,Delivered,Express,Marketplace,,3,5.0,
9529818,430623,2025-08-05,Electronics,Streaming Media Player,2,1200.0,0,2400.0,24.99,192.0,2616.99,Credit Card,Delivered,Next-Day,Website,,1,5.0,
9875482,494553,2025-08-05,Grocery,Organic Coffee Beans,4,9.14,30,25.59,5.99,2.56,34.14,PayPal,Delivered,Standard,Website,WELCOME10,7,5.0,
9775138,800259,2025-08-05,Clothing,Baseball Cap,2,55.31,0,110.62,0.0,9.13,119.75,Debit Card,Delivered,Standard,Website,,7,,
8869655,264557,2025-08-05,Beauty & Personal Care,Electric Toothbrush,1,52.05,0,52.05,5.99,3.12,61.16,Credit Card,Delivered,Standard,Website,,7,,
9113190,433581,2025-08-05,Beauty & Personal Care,Vitamin C Serum,1,26.62,0,26.62,5.99,1.66,34.27,Credit Card,Delivered,Standard,Website,,7,4.0,
7835444,672511,2025-08-06,Sports & Outdoors,Fishing Rod,4,187.12,0,748.48,0.0,44.91,793.39,Credit Card,Delivered,Standard,Mobile App,,7,,
2036183,901936,2025-08-06,Home & Kitchen,Vacuum Cleaner,2,227.56,25,341.34,12.99,22.19,376.52,Credit Card,Delivered,Express,Website,HOLIDAY25,3,,
4523503,696461,2025-08-06,Toys & Games,Doll House,4,41.42,15,140.83,0.0,11.27,152.1,Credit Card,Delivered,Standard,Website,SUMMER10,7,,
5094954,786081,2025-08-06,Clothing,Winter Parka,1,77.03,0,77.03,0.0,4.81,81.84,Debit Card,Delivered,Standard,Website,,7,5.0,
4183264,471106,2025-08-06,Clothing,Wool Sweater,1,48.77,0,48.77,5.99,4.02,58.78,Debit Card,Delivered,Standard,Mobile App,,7,5.0,
1735085,516339,2025-08-06,Clothing,Cotton T-Shirt,2,102.6,20,164.16,0.0,10.26,174.42,PayPal,Delivered,Standard,Website,SAVE20,7,5.0,
5191650,642033,2025-08-06,Beauty & Personal Care,Makeup Palette,1,20.04,0,20.04,14.99,1.2,36.23,PayPal,Delivered,Express,Marketplace,,3,4.0,
7275922,773540,2025-08-06,Toys & Games,Board Game Classic,1,26.72,0,26.72,5.99,2.2,34.91,Google Pay,Cancelled,,Website,,7,,
8488532,791259,2025-08-06,Books,Poetry Collection,1,12.48,20,9.98,5.99,0.8,16.77,PayPal,Delivered,Standard,Website,WELCOME10,7,1.0,
1189808,799198,2025-08-06,Grocery,Honey Jar,4,14.16,0,56.64,5.99,3.54,66.17,PayPal,Cancelled,Standard,Mobile App,,7,,
5942062,908295,2025-08-06,Electronics,Laptop Stand,1,581.97,0,581.97,24.99,48.01,654.97,Debit Card,Delivered,Next-Day,Marketplace,,1,,
9903263,663408,2025-08-07,Home & Kitchen,Air Fryer,2,90.94,0,181.88,0.0,10.91,192.79,PayPal,Delivered,Standard,Marketplace,,7,5.0,
5584400,729750,2025-08-07,Beauty & Personal Care,Perfume,2,21.99,15,37.38,14.99,2.24,54.61,Credit Card,Cancelled,Express,Marketplace,SAVE20,3,,
1769289,424619,2025-08-07,Electronics,Bluetooth Speaker,1,47.86,0,47.86,27.99,2.87,78.72,Credit Card,Delivered,Next-Day,Mobile App,,1,,
3545672,429344,2025-08-07,Home & Kitchen,Stand Mixer,1,150.64,0,150.64,12.99,12.05,175.68,Credit Card,Delivered,Express,Mobile App,,3,3.0,
1609707,357643,2025-08-07,Pet Supplies,Pet Grooming Brush,1,95.7,0,95.7,0.0,5.98,101.68,Debit Card,Delivered,Standard,Marketplace,,7,,
5286885,131620,2025-08-07,Office Supplies,Printer Paper Ream,1,23.44,0,23.44,14.99,1.46,39.89,Credit Card,Delivered,Express,Website,,3,,
3350981,177611,2025-08-08,Home & Kitchen,Cotton Bed Sheets,1,37.69,0,37.69,5.99,2.36,46.04,PayPal,Delivered,Standard,Website,,7,,
3344604,476035,2025-08-08,Clothing,Baseball Cap,6,39.2,25,176.4,12.99,10.58,199.97,Google Pay,Delivered,Express,Website,FREESHIP,3,5.0,
8454860,315385,2025-08-08,Toys & Games,Card Game Deck,1,20.61,0,20.61,5.99,1.7,28.3,Credit Card,Returned,Standard,Website,,7,,Defective Item
9108484,942283,2025-08-08,Office Supplies,Sticky Notes Pack,1,55.81,25,41.86,27.99,3.45,73.3,Apple Pay,Delivered,Next-Day,Marketplace,HOLIDAY25,1,5.0,
7027963,157373,2025-08-08,Office Supplies,Notebook Set,3,82.7,0,248.1,24.99,15.51,288.6,PayPal,Returned,Next-Day,Mobile App,,1,,Changed Mind
1149628,602801,2025-08-08,Pet Supplies,Pet Food Bowl Set,3,45.55,30,95.65,0.0,0.0,95.65,Credit Card,Delivered,Standard,Website,HOLIDAY25,7,,
6385578,512665,2025-08-08,Home & Kitchen,Ceramic Dinnerware Set,1,107.21,0,107.21,0.0,8.58,115.79,Google Pay,Delivered,Free Pickup,Website,,0,,
3477455,598994,2025-08-08,Electronics,Noise-Cancelling Headphones,1,109.31,25,81.98,0.0,4.92,86.9,Debit Card,Shipped,Standard,Website,FLASH30,7,,
9214149,709428,2025-08-08,Toys & Games,Puzzle 1000pc,1,48.76,0,48.76,5.99,2.93,57.68,Credit Card,Returned,Standard,Website,,7,,Changed Mind
9799766,964937,2025-08-09,Sports & Outdoors,Yoga Mat,1,54.98,0,54.98,5.99,3.3,64.27,Debit Card,Returned,Standard,Website,,7,,Defective Item
3871959,377565,2025-08-09,Home & Kitchen,Cutlery Set,1,29.27,5,27.81,5.99,2.29,36.09,Debit Card,Delivered,Standard,Marketplace,SAVE20,7,3.0,
9018833,696461,2025-08-09,Electronics,Laptop Stand,1,502.25,0,502.25,0.0,100.45,602.7,PayPal,Delivered,Free Pickup,Website,,0,5.0,
6284026,837858,2025-08-09,Electronics,Portable Charger,1,172.55,0,172.55,0.0,10.35,182.9,Credit Card,Delivered,Standard,Mobile App,,7,5.0,
2488041,914384,2025-08-09,Clothing,Baseball Cap,1,45.66,0,45.66,27.99,3.77,77.42,Credit Card,Delivered,Next-Day,Marketplace,,1,,
5945386,959532,2025-08-09,Beauty & Personal Care,Makeup Palette,2,20.03,25,30.04,5.99,2.48,38.51,Debit Card,Delivered,Standard,Website,HOLIDAY25,7,5.0,
2151679,764665,2025-08-09,Clothing,Baseball Cap,2,180.0,20,288.0,12.99,17.28,318.27,PayPal,Delivered,Express,Marketplace,WELCOME10,3,,
6472893,814732,2025-08-09,Clothing,Rain Jacket,2,23.19,0,46.38,14.99,3.83,65.2,Apple Pay,Delivered,Express,Website,,3,5.0,
2945563,761450,2025-08-09,Electronics,Laptop Stand,1,304.8,5,289.56,0.0,0.0,289.56,Debit Card,Delivered,Standard,Website,SUMMER10,7,4.0,
9918735,639465,2025-08-09,Pet Supplies,Dog Bed,1,73.61,0,73.61,5.99,6.07,85.67,Credit Card,Returned,Standard,Mobile App,,7,,Arrived Late
2641139,316724,2025-08-09,Clothing,Slim Fit Jeans,2,60.12,20,96.19,0.0,7.7,103.89,PayPal,Returned,Standard,Website,SAVE20,7,,Arrived Late
3285962,348656,2025-08-10,Grocery,Pasta Variety Pack,5,14.82,15,62.98,14.99,5.2,83.17,Google Pay,Returned,Express,Website,SUMMER10,3,,Not as Described
8932289,359241,2025-08-10,Clothing,Baseball Cap,2,37.81,0,75.62,12.99,6.24,94.85,Debit Card,Delivered,Express,Website,,3,,
7411994,966726,2025-08-10,Clothing,Slim Fit Jeans,1,30.92,0,30.92,5.99,4.02,40.93,Debit Card,Delivered,Standard,Website,,7,,
9192532,964937,2025-08-10,Grocery,Dark Chocolate Bar,2,17.83,20,28.53,14.99,2.28,45.8,Debit Card,Delivered,Express,Marketplace,HOLIDAY25,3,5.0,
1358016,981214,2025-08-10,Sports & Outdoors,Mountain Bike Helmet,2,36.64,0,73.28,5.99,7.33,86.6,Debit Card,Delivered,Standard,Website,,7,,
7444900,757288,2025-08-10,Clothing,Winter Parka,2,51.42,25,77.13,12.99,4.63,94.75,Google Pay,Processing,Express,Marketplace,WELCOME10,3,,
1113953,757288,2025-08-10,Beauty & Personal Care,Electric Razor,5,27.81,0,139.05,12.99,8.69,160.73,PayPal,Delivered,Express,Website,,3,3.0,
8118475,424590,2025-08-10,Electronics,Bluetooth Speaker,1,837.11,0,837.11,0.0,50.23,887.34,Credit Card,Delivered,Standard,Mobile App,,7,,
4979956,230606,2025-08-10,Books,Personal Finance 101,3,7.49,0,22.47,5.99,1.4,29.86,PayPal,Cancelled,Standard,Marketplace,,7,,
2996087,412449,2025-08-10,Electronics,Wireless Mouse,4,192.04,20,614.53,0.0,36.87,651.4,PayPal,Delivered,Standard,Marketplace,HOLIDAY25,7,5.0,
7409530,547541,2025-08-10,Grocery,Extra Virgin Olive Oil,4,8.91,0,35.64,0.0,2.32,37.96,Credit Card,Delivered,Free Pickup,Website,,0,,
1754553,773540,2025-08-10,Toys & Games,Doll House,2,25.18,0,50.36,5.99,4.15,60.5,Credit Card,Delivered,Standard,Marketplace,,7,5.0,
9238689,826888,2025-08-10,Clothing,Women's Yoga Pants,1,16.31,0,16.31,5.99,1.02,23.32,Gift Card,Cancelled,Standard,Marketplace,,7,,
5591657,172737,2025-08-10,Grocery,Pasta Variety Pack,1,23.06,0,23.06,14.99,0.0,38.05,PayPal,Delivered,Express,Mobile App,,3,5.0,
9102199,717194,2025-08-10,Home & Kitchen,Cutlery Set,2,42.19,0,84.38,0.0,0.0,84.38,PayPal,Processing,Standard,Website,,7,,
7097685,519251,2025-08-10,Beauty & Personal Care,Makeup Palette,3,74.52,0,223.56,12.99,44.71,281.26,Credit Card,Delivered,Express,Mobile App,,3,,
1224366,329012,2025-08-11,Electronics,Noise-Cancelling Headphones,1,437.17,0,437.17,0.0,56.83,494.0,PayPal,Delivered,Standard,Mobile App,,7,3.0,
1918489,549826,2025-08-11,Books,Science Fiction Epic,2,17.9,30,25.06,14.99,1.57,41.62,Google Pay,Delivered,Express,Website,HOLIDAY25,3,,
7640485,748905,2025-08-11,Clothing,Men's Denim Jacket,1,105.9,0,105.9,0.0,6.35,112.25,Credit Card,Delivered,Standard,Website,,7,3.0,
9687936,597542,2025-08-11,Toys & Games,Action Figure,2,29.34,0,58.68,5.99,0.0,64.67,Credit Card,Delivered,Standard,Website,,7,4.0,
3701581,850003,2025-08-11,Grocery,Protein Bar Box,1,6.39,0,6.39,5.99,0.38,12.76,PayPal,Delivered,Standard,Marketplace,,7,4.0,
5592060,194699,2025-08-11,Books,Mystery Novel,4,20.24,25,60.72,27.99,3.64,92.35,PayPal,Delivered,Next-Day,Website,FLASH30,1,,
8489767,999753,2025-08-11,Toys & Games,Educational STEM Kit,1,28.59,0,28.59,0.0,1.72,30.31,Credit Card,Delivered,Free Pickup,Marketplace,,0,5.0,
4259304,233306,2025-08-11,Clothing,Winter Parka,1,17.37,0,17.37,5.99,1.43,24.79,Credit Card,Delivered,Standard,Website,,7,5.0,
4116760,748905,2025-08-11,Clothing,Winter Parka,4,180.0,0,720.0,12.99,59.4,792.39,Credit Card,Returned,Express,Website,,3,,Defective Item
8550317,602801,2025-08-11,Books,Historical Biography,1,45.0,0,45.0,5.99,2.7,53.69,Gift Card,Delivered,Standard,Mobile App,,7,2.0,
2601023,411928,2025-08-11,Books,Self-Help Guide,5,20.26,0,101.3,0.0,8.36,109.66,Credit Card,Delivered,Standard,Marketplace,,7,5.0,
2625447,312650,2025-08-11,Grocery,Extra Virgin Olive Oil,2,18.1,15,30.77,5.99,3.08,39.84,Credit Card,Returned,Standard,Website,FREESHIP,7,,Changed Mind
1187709,607529,2025-08-12,Clothing,Wool Sweater,3,47.22,0,141.66,12.99,11.69,166.34,Credit Card,Delivered,Express,Website,,3,4.0,
6411569,867333,2025-08-12,Sports & Outdoors,Basketball,1,167.9,30,117.53,0.0,7.05,124.58,PayPal,Returned,Standard,Marketplace,SAVE20,7,,Wrong Size
9502615,630731,2025-08-12,Home & Kitchen,LED Desk Lamp,2,188.62,5,358.38,0.0,29.57,387.95,Credit Card,Delivered,Free Pickup,Website,VIP15,0,4.0,
5157910,854948,2025-08-12,Toys & Games,Puzzle 1000pc,2,26.11,0,52.22,5.99,3.13,61.34,Apple Pay,Delivered,Standard,Marketplace,,7,4.0,
9063434,304008,2025-08-12,Office Supplies,Sticky Notes Pack,1,69.76,30,48.83,5.99,4.03,58.85,Apple Pay,Delivered,Standard,Website,FLASH30,7,5.0,
1097007,321653,2025-08-12,Grocery,Granola Cereal,1,22.3,10,20.07,14.99,1.2,36.26,Credit Card,Delivered,Express,Website,FREESHIP,3,5.0,
7175410,515463,2025-08-12,Electronics,Bluetooth Speaker,1,510.76,0,510.76,0.0,30.65,541.41,PayPal,Delivered,Standard,Marketplace,,7,4.0,
4391541,511311,2025-08-12,Grocery,Dark Chocolate Bar,4,27.49,0,109.96,0.0,6.6,116.56,Credit Card,Delivered,Standard,Mobile App,,7,,
9330001,295857,2025-08-13,Toys & Games,Educational STEM Kit,1,13.89,0,13.89,0.0,0.87,14.76,Credit Card,Delivered,Free Pickup,Website,,0,,
3052918,586006,2025-08-13,Beauty & Personal Care,Perfume,3,93.62,0,280.86,0.0,17.55,298.41,Gift Card,Delivered,Standard,Mobile App,,7,,
9867895,934214,2025-08-13,Pet Supplies,Pet Food Bowl Set,1,80.63,0,80.63,24.99,6.65,112.27,PayPal,Delivered,Next-Day,Marketplace,,1,,
5152583,976980,2025-08-13,Electronics,Wireless Mouse,2,387.12,0,774.24,12.99,63.87,851.1,Google Pay,Delivered,Express,Website,,3,,
1338922,684997,2025-08-13,Electronics,Laptop Stand,5,416.37,0,2081.85,0.0,124.91,2206.76,PayPal,Delivered,Standard,Website,,7,,
1245481,344803,2025-08-13,Clothing,Cotton T-Shirt,2,180.0,5,342.0,0.0,34.2,376.2,PayPal,Delivered,Standard,Marketplace,FREESHIP,7,4.0,
3581134,312879,2025-08-13,Sports & Outdoors,Fitness Tracker Watch,2,102.59,20,164.14,0.0,13.54,177.68,Debit Card,Processing,Standard,Mobile App,FLASH30,7,,
5272851,520058,2025-08-13,Toys & Games,Building Block Set,1,28.97,0,28.97,5.99,1.74,36.7,Gift Card,Delivered,Standard,Website,,7,,
4874225,429344,2025-08-13,Books,Cookbook: Weeknight Dinners,2,38.44,25,57.66,5.99,3.6,67.25,Google Pay,Delivered,Standard,Website,WELCOME10,7,4.0,
1626552,350253,2025-08-13,Clothing,Baseball Cap,2,158.64,20,253.82,0.0,20.94,274.76,Credit Card,Delivered,Standard,Mobile App,FLASH30,7,3.0,
9584040,716918,2025-08-13,Clothing,Slim Fit Jeans,3,133.05,15,339.28,12.99,20.36,372.63,Credit Card,Shipped,Express,Marketplace,WELCOME10,3,,
5803765,934214,2025-08-13,Beauty & Personal Care,Electric Razor,1,39.71,0,39.71,5.99,2.38,48.08,Credit Card,Cancelled,Standard,Mobile App,,7,,
2613506,343810,2025-08-13,Clothing,Slim Fit Jeans,5,146.56,0,732.8,0.0,43.97,776.77,Google Pay,Delivered,Standard,Marketplace,,7,,
9794954,408056,2025-08-13,Sports & Outdoors,Basketball,1,33.43,10,30.09,5.99,3.01,39.09,Credit Card,Delivered,Standard,Mobile App,FLASH30,7,,
1027993,195758,2025-08-14,Toys & Games,Card Game Deck,1,75.63,0,75.63,0.0,7.56,83.19,Credit Card,Cancelled,Standard,Marketplace,,7,,
6112970,622527,2025-08-14,Sports & Outdoors,Adjustable Dumbbell Set,1,126.4,0,126.4,24.99,7.9,159.29,PayPal,Delivered,Next-Day,Website,,1,4.0,
2477289,379104,2025-08-14,Electronics,Noise-Cancelling Headphones,3,369.35,0,1108.05,12.99,91.41,1212.45,Debit Card,Delivered,Express,Mobile App,,3,3.0,
7069544,643532,2025-08-14,Books,Historical Biography,1,19.34,0,19.34,14.99,1.21,35.54,Credit Card,Returned,Express,Website,,3,,Better Price Found
1724595,530251,2025-08-14,Toys & Games,Building Block Set,1,110.0,0,110.0,12.99,7.15,130.14,Credit Card,Delivered,Express,Website,,3,4.0,
1286109,895645,2025-08-14,Grocery,Extra Virgin Olive Oil,6,11.73,0,70.38,14.99,4.57,89.94,PayPal,Delivered,Express,Mobile App,,3,4.0,
3081472,798962,2025-08-14,Home & Kitchen,Stand Mixer,1,316.48,0,316.48,0.0,26.11,342.59,Apple Pay,Delivered,Standard,Mobile App,,7,,
4496761,240201,2025-08-14,Clothing,Wool Sweater,2,86.49,0,172.98,0.0,10.38,183.36,Credit Card,Delivered,Standard,Mobile App,,7,2.0,
6516831,581702,2025-08-14,Clothing,Rain Jacket,2,146.22,0,292.44,24.99,38.02,355.45,PayPal,Delivered,Next-Day,Mobile App,,1,5.0,
6274413,492669,2025-08-14,Beauty & Personal Care,Makeup Palette,1,10.3,20,8.24,27.99,1.07,37.3,Credit Card,Delivered,Next-Day,Website,VIP15,1,5.0,
6564707,608217,2025-08-14,Sports & Outdoors,Hiking Backpack,1,147.88,0,147.88,0.0,19.22,167.1,Credit Card,Delivered,Standard,Website,,7,4.0,
2398910,667890,2025-08-14,Grocery,Mixed Nuts Pack,2,7.52,0,15.04,5.99,1.24,22.27,PayPal,Delivered,Standard,Website,,7,5.0,
9446816,526724,2025-08-14,Home & Kitchen,Memory Foam Pillow,2,51.73,0,103.46,0.0,6.21,109.67,Credit Card,Delivered,Free Pickup,Marketplace,,0,4.0,
2130022,265163,2025-08-14,Electronics,Bluetooth Speaker,1,700.84,0,700.84,24.99,43.8,769.63,PayPal,Delivered,Next-Day,Mobile App,,1,5.0,
3680643,476035,2025-08-14,Beauty & Personal Care,Shampoo & Conditioner Set,3,9.17,0,27.51,5.99,2.27,35.77,Credit Card,Delivered,Standard,Marketplace,,7,,
2599374,119435,2025-08-14,Toys & Games,Puzzle 1000pc,1,33.69,0,33.69,5.99,2.7,42.38,Gift Card,Returned,Standard,Marketplace,,7,,Changed Mind
6093862,279683,2025-08-15,Home & Kitchen,Stand Mixer,1,350.0,0,350.0,0.0,21.0,371.0,PayPal,Delivered,Standard,Mobile App,,7,3.0,
3065508,755732,2025-08-15,Clothing,Winter Parka,1,31.49,0,31.49,5.99,2.52,40.0,Credit Card,Delivered,Standard,Mobile App,,7,5.0,
9889421,218562,2025-08-15,Clothing,Men's Denim Jacket,4,20.83,0,83.32,0.0,5.21,88.53,Credit Card,Delivered,Standard,Website,,7,,
6607831,787831,2025-08-15,Home & Kitchen,Coffee Maker,2,180.98,0,361.96,0.0,29.86,391.82,PayPal,Delivered,Standard,Website,,7,,
4588584,240201,2025-08-15,Books,Poetry Collection,1,13.54,0,13.54,5.99,1.08,20.61,Apple Pay,Delivered,Standard,Marketplace,,7,5.0,
7707800,360723,2025-08-15,Sports & Outdoors,Resistance Bands Set,1,126.0,0,126.0,0.0,10.4,136.4,Apple Pay,Cancelled,Standard,Marketplace,,7,,
4031291,498642,2025-08-15,Clothing,Baseball Cap,3,103.64,30,217.64,12.99,13.6,244.23,Credit Card,Delivered,Express,Marketplace,WELCOME10,3,5.0,
6157114,498380,2025-08-16,Books,Fantasy Trilogy Box Set,4,8.07,0,32.28,5.99,4.2,42.47,Credit Card,Delivered,Standard,Marketplace,,7,,
1580359,942283,2025-08-16,Home & Kitchen,Ceramic Dinnerware Set,1,103.53,0,103.53,0.0,8.54,112.07,Google Pay,Delivered,Standard,Website,,7,5.0,
8020619,943477,2025-08-16,Books,Self-Help Guide,2,22.84,0,45.68,5.99,3.77,55.44,Credit Card,Shipped,Standard,Website,,7,,
6379626,664785,2025-08-16,Books,Graphic Novel,4,23.2,0,92.8,12.99,5.8,111.59,Debit Card,Delivered,Express,Website,,3,3.0,
6470207,427679,2025-08-16,Home & Kitchen,Cotton Bed Sheets,2,137.87,0,275.74,0.0,22.75,298.49,Debit Card,Delivered,Standard,Website,,7,,
4647189,312071,2025-08-16,Home & Kitchen,Cutlery Set,1,343.2,0,343.2,0.0,21.45,364.65,Debit Card,Delivered,Standard,Website,,7,4.0,
4719998,974063,2025-08-16,Beauty & Personal Care,Sunscreen SPF50,1,10.4,0,10.4,5.99,0.86,17.25,Google Pay,Delivered,Standard,Mobile App,,7,4.0,
1062990,842688,2025-08-16,Electronics,Laptop Stand,3,419.98,0,1259.94,0.0,78.75,1338.69,PayPal,Delivered,Standard,Marketplace,,7,3.0,
8662505,554597,2025-08-17,Beauty & Personal Care,Facial Moisturizer,1,16.35,0,16.35,14.99,0.98,32.32,Credit Card,Shipped,Express,Mobile App,,3,,
8554772,181380,2025-08-17,Electronics,Portable Charger,1,366.14,0,366.14,12.99,22.88,402.01,Credit Card,Delivered,Express,Mobile App,,3,3.0,
6024634,789391,2025-08-17,Sports & Outdoors,Adjustable Dumbbell Set,1,101.54,0,101.54,0.0,19.29,120.83,Apple Pay,Delivered,Standard,Mobile App,,7,,
2646596,279737,2025-08-17,Clothing,Summer Dress,2,44.78,0,89.56,0.0,5.37,94.93,PayPal,Delivered,Standard,Marketplace,,7,4.0,
7768108,388496,2025-08-17,Toys & Games,Card Game Deck,1,28.7,0,28.7,5.99,1.72,36.41,Google Pay,Shipped,Standard,Mobile App,,7,,
9557289,519251,2025-08-17,Beauty & Personal Care,Makeup Palette,5,35.72,0,178.6,0.0,11.16,189.76,Credit Card,Delivered,Standard,Mobile App,,7,5.0,
8164476,841804,2025-08-17,Books,Historical Biography,4,8.96,0,35.84,14.99,0.0,50.83,Gift Card,Delivered,Express,Mobile App,,3,4.0,
8034498,557252,2025-08-18,Sports & Outdoors,Basketball,3,40.83,5,116.37,0.0,9.6,125.97,Debit Card,Delivered,Standard,Website,SUMMER10,7,5.0,
9480793,837858,2025-08-18,Sports & Outdoors,Fishing Rod,1,129.34,0,129.34,0.0,10.35,139.69,Credit Card,Delivered,Free Pickup,Mobile App,,0,4.0,
1106187,615198,2025-08-18,Clothing,Summer Dress,2,45.07,0,90.14,0.0,5.41,95.55,Apple Pay,Delivered,Free Pickup,Website,,0,4.0,
7120660,992549,2025-08-18,Sports & Outdoors,Camping Tent,1,76.1,10,68.49,27.99,5.65,102.13,Credit Card,Cancelled,Next-Day,Marketplace,VIP15,1,,
2796611,696461,2025-08-18,Clothing,Men's Denim Jacket,3,129.6,0,388.8,0.0,32.08,420.88,Apple Pay,Delivered,Standard,Website,,7,,
1545379,889948,2025-08-18,Beauty & Personal Care,Skincare Gift Set,2,30.67,0,61.34,5.99,3.83,71.16,Credit Card,Delivered,Standard,Website,,7,4.0,
5362549,850003,2025-08-18,Grocery,Sparkling Water Case,4,10.37,0,41.48,5.99,8.3,55.77,PayPal,Delivered,Standard,Mobile App,,7,4.0,
1492751,185715,2025-08-18,Beauty & Personal Care,Electric Razor,1,69.12,0,69.12,14.99,4.15,88.26,Debit Card,Delivered,Express,Mobile App,,3,5.0,
2618927,145116,2025-08-18,Home & Kitchen,Stand Mixer,1,47.32,0,47.32,27.99,2.84,78.15,Credit Card,Delivered,Next-Day,Website,,1,5.0,
3162953,343810,2025-08-18,Electronics,Wireless Earbuds,1,149.15,0,149.15,0.0,11.93,161.08,Credit Card,Delivered,Standard,Website,,7,5.0,
8846374,515308,2025-08-19,Toys & Games,Plush Teddy Bear,1,34.46,10,31.01,14.99,1.86,47.86,Debit Card,Returned,Express,Mobile App,SUMMER10,3,,Changed Mind
2416989,805419,2025-08-19,Electronics,Mechanical Keyboard,4,279.14,0,1116.56,12.99,69.78,1199.33,Credit Card,Shipped,Express,Website,,3,,
5900241,146484,2025-08-19,Home & Kitchen,Cutlery Set,1,97.1,10,87.39,0.0,5.46,92.85,Debit Card,Delivered,Standard,Website,HOLIDAY25,7,4.0,
9208521,513724,2025-08-19,Grocery,Green Tea Bags,1,12.15,25,9.11,14.99,0.57,24.67,Credit Card,Delivered,Express,Marketplace,VIP15,3,,
7641876,199508,2025-08-19,Toys & Games,Remote Control Car,1,38.67,0,38.67,5.99,0.0,44.66,Apple Pay,Delivered,Standard,Marketplace,,7,4.0,
9392131,597542,2025-08-19,Beauty & Personal Care,Vitamin C Serum,3,23.98,0,71.94,5.99,4.32,82.25,Debit Card,Delivered,Standard,Website,,7,5.0,
2103509,194699,2025-08-19,Home & Kitchen,Ceramic Dinnerware Set,2,190.62,0,381.24,0.0,23.83,405.07,PayPal,Delivered,Standard,Marketplace,,7,4.0,
4702530,488554,2025-08-19,Toys & Games,Educational STEM Kit,1,17.53,0,17.53,27.99,2.28,47.8,Apple Pay,Delivered,Next-Day,Mobile App,,1,,
7227986,270348,2025-08-19,Home & Kitchen,Cotton Bed Sheets,4,99.25,0,397.0,12.99,79.4,489.39,PayPal,Cancelled,Express,Website,,3,,
5067939,756766,2025-08-19,Toys & Games,Card Game Deck,1,76.12,0,76.12,0.0,6.28,82.4,Debit Card,Returned,Standard,Marketplace,,7,,Wrong Size
5523523,545164,2025-08-19,Sports & Outdoors,Yoga Mat,1,141.92,0,141.92,0.0,11.71,153.63,Gift Card,Cancelled,Standard,Website,,7,,
7831104,959532,2025-08-20,Electronics,Smartphone Case,1,99.76,0,99.76,12.99,8.23,120.98,Debit Card,Delivered,Express,Website,,3,3.0,
7011756,622523,2025-08-20,Books,Mystery Novel,2,16.08,0,32.16,27.99,2.09,62.24,Debit Card,Delivered,Next-Day,Website,,1,4.0,
1038461,945410,2025-08-20,Grocery,Extra Virgin Olive Oil,2,6.1,0,12.2,5.99,0.0,18.19,Credit Card,Delivered,Standard,Mobile App,,7,,
7729333,388183,2025-08-20,Grocery,Extra Virgin Olive Oil,5,26.5,0,132.5,0.0,10.93,143.43,Apple Pay,Returned,Standard,Mobile App,,7,,Wrong Size
3798679,103940,2025-08-20,Clothing,Women's Yoga Pants,1,147.54,0,147.54,0.0,11.8,159.34,Credit Card,Delivered,Standard,Website,,7,5.0,
1083690,717340,2025-08-20,Beauty & Personal Care,Electric Razor,1,12.09,0,12.09,27.99,0.73,40.81,Debit Card,Delivered,Next-Day,Marketplace,,1,,
1996743,848646,2025-08-20,Books,Fantasy Trilogy Box Set,1,40.71,0,40.71,5.99,3.36,50.06,Credit Card,Delivered,Standard,Marketplace,,7,5.0,
5580865,320359,2025-08-20,Electronics,Streaming Media Player,1,535.09,0,535.09,0.0,42.81,577.9,Debit Card,Delivered,Standard,Website,,7,5.0,
3692935,929407,2025-08-20,Beauty & Personal Care,Sunscreen SPF50,1,30.53,0,30.53,5.99,2.52,39.04,Debit Card,Delivered,Standard,Mobile App,,7,4.0,
9812356,448379,2025-08-20,Beauty & Personal Care,Electric Razor,2,27.3,0,54.6,14.99,3.28,72.87,PayPal,Delivered,Express,Mobile App,,3,3.0,
3705073,653198,2025-08-20,Electronics,Portable Charger,1,357.87,0,357.87,12.99,35.79,406.65,PayPal,Delivered,Express,Website,,3,5.0,
3879077,939225,2025-08-20,Office Supplies,Label Maker,2,107.01,0,214.02,12.99,0.0,227.01,PayPal,Delivered,Express,Marketplace,,3,5.0,
8348404,146484,2025-08-20,Toys & Games,Remote Control Car,1,31.76,0,31.76,5.99,1.98,39.73,Debit Card,Delivered,Standard,Website,,7,5.0,
6134015,763562,2025-08-20,Home & Kitchen,Ceramic Dinnerware Set,2,66.9,0,133.8,12.99,8.03,154.82,Credit Card,Cancelled,Express,Website,,3,,
6621444,942304,2025-08-21,Books,Poetry Collection,1,22.11,0,22.11,5.99,1.77,29.87,Debit Card,Processing,Standard,Mobile App,,7,,
9719913,622527,2025-08-21,Home & Kitchen,Non-Stick Frying Pan,1,113.13,0,113.13,0.0,6.79,119.92,Credit Card,Delivered,Standard,Marketplace,,7,,
9359146,720159,2025-08-21,Pet Supplies,Training Treats,3,113.5,0,340.5,12.99,28.09,381.58,Credit Card,Cancelled,Express,Mobile App,,3,,
6560163,275250,2025-08-21,Beauty & Personal Care,Hair Dryer,1,18.08,0,18.08,5.99,1.13,25.2,PayPal,Returned,Standard,Website,,7,,Changed Mind
9907240,359971,2025-08-21,Electronics,Wireless Mouse,1,666.62,0,666.62,12.99,86.66,766.27,PayPal,Delivered,Express,Mobile App,,3,,
8108285,622523,2025-08-21,Pet Supplies,Cat Scratching Post,3,29.99,5,85.47,0.0,5.13,90.6,Debit Card,Delivered,Standard,Mobile App,FLASH30,7,2.0,
7349954,196023,2025-08-21,Home & Kitchen,LED Desk Lamp,1,245.58,0,245.58,12.99,15.35,273.92,Credit Card,Delivered,Express,Mobile App,,3,5.0,
1156826,969906,2025-08-21,Beauty & Personal Care,Skincare Gift Set,3,39.5,20,94.8,12.99,7.82,115.61,Debit Card,Delivered,Express,Marketplace,FREESHIP,3,4.0,
2485577,698930,2025-08-21,Electronics,Bluetooth Speaker,1,253.0,30,177.1,0.0,11.07,188.17,Credit Card,Delivered,Standard,Mobile App,VIP15,7,5.0,
4385004,513724,2025-08-21,Clothing,Wool Sweater,1,89.85,0,89.85,12.99,5.84,108.68,Google Pay,Delivered,Express,Mobile App,,3,,
5100976,122359,2025-08-21,Toys & Games,Card Game Deck,1,13.09,0,13.09,27.99,0.79,41.87,Gift Card,Delivered,Next-Day,Website,,1,2.0,
2504069,716918,2025-08-21,Clothing,Women's Yoga Pants,1,33.31,0,33.31,5.99,2.75,42.05,Credit Card,Delivered,Standard,Marketplace,,7,5.0,
9729011,433581,2025-08-21,Sports & Outdoors,Fitness Tracker Watch,1,95.58,0,95.58,0.0,12.43,108.01,Debit Card,Delivered,Standard,Website,,7,5.0,
6892022,196023,2025-08-21,Grocery,Green Tea Bags,5,15.24,0,76.2,0.0,15.24,91.44,PayPal,Delivered,Standard,Website,,7,5.0,
2749566,865916,2025-08-21,Clothing,Slim Fit Jeans,3,54.64,30,114.74,0.0,6.88,121.62,Credit Card,Delivered,Standard,Mobile App,SUMMER10,7,,
2847205,816444,2025-08-22,Toys & Games,Outdoor Water Blaster,2,72.84,0,145.68,0.0,12.02,157.7,Debit Card,Delivered,Standard,Website,,7,,
1281577,549078,2025-08-22,Electronics,Laptop Stand,1,190.0,0,190.0,0.0,15.68,205.68,PayPal,Delivered,Standard,Mobile App,,7,5.0,
9990091,813189,2025-08-22,Clothing,Summer Dress,1,67.79,0,67.79,14.99,5.59,88.37,Credit Card,Shipped,Express,Mobile App,,3,,
2315064,222847,2025-08-22,Beauty & Personal Care,Sunscreen SPF50,2,8.55,0,17.1,14.99,1.37,33.46,PayPal,Delivered,Express,Website,,3,,
3450306,806986,2025-08-22,Home & Kitchen,Air Fryer,2,73.65,0,147.3,24.99,9.57,181.86,Debit Card,Delivered,Next-Day,Website,,1,5.0,
1347866,939225,2025-08-22,Toys & Games,Board Game Classic,2,30.61,10,55.1,27.99,4.55,87.64,PayPal,Delivered,Next-Day,Website,VIP15,1,4.0,
3479330,667890,2025-08-22,Beauty & Personal Care,Sunscreen SPF50,1,55.64,0,55.64,5.99,4.59,66.22,Debit Card,Cancelled,Standard,Mobile App,,7,,
9063205,636120,2025-08-22,Clothing,Women's Yoga Pants,2,54.88,0,109.76,0.0,0.0,109.76,PayPal,Delivered,Free Pickup,Marketplace,,0,5.0,
7849759,850003,2025-08-22,Home & Kitchen,Vacuum Cleaner,1,55.24,0,55.24,27.99,3.31,86.54,Credit Card,Delivered,Next-Day,Website,,1,5.0,
7376789,430623,2025-08-23,Electronics,Laptop Stand,2,931.34,0,1862.68,0.0,153.67,2016.35,Credit Card,Delivered,Standard,Website,,7,4.0,
3740635,756541,2025-08-23,Grocery,Sparkling Water Case,2,54.96,0,109.92,0.0,14.29,124.21,PayPal,Delivered,Standard,Website,,7,5.0,
3650729,864201,2025-08-23,Clothing,Winter Parka,1,43.94,0,43.94,14.99,2.86,61.79,Credit Card,Delivered,Express,Mobile App,,3,1.0,
1977790,550528,2025-08-23,Grocery,Sparkling Water Case,4,12.4,10,44.64,0.0,3.68,48.32,PayPal,Delivered,Free Pickup,Mobile App,FREESHIP,0,4.0,
2940135,106365,2025-08-23,Toys & Games,Puzzle 1000pc,3,15.58,0,46.74,5.99,3.04,55.77,Apple Pay,Delivered,Standard,Website,,7,,
7425035,867333,2025-08-23,Electronics,Bluetooth Speaker,1,294.5,0,294.5,0.0,24.3,318.8,Apple Pay,Delivered,Standard,Mobile App,,7,,
6326541,550369,2025-08-23,Home & Kitchen,LED Desk Lamp,1,88.2,0,88.2,0.0,11.47,99.67,Debit Card,Returned,Standard,Website,,7,,Wrong Size
1981116,959532,2025-08-23,Clothing,Men's Denim Jacket,1,40.85,0,40.85,27.99,2.55,71.39,Debit Card,Delivered,Next-Day,Website,,1,5.0,
7940307,360723,2025-08-24,Beauty & Personal Care,Sunscreen SPF50,1,14.07,0,14.07,5.99,1.83,21.89,Credit Card,Cancelled,Standard,Marketplace,,7,,
3265606,954194,2025-08-24,Home & Kitchen,Vacuum Cleaner,1,60.54,0,60.54,14.99,12.11,87.64,Credit Card,Delivered,Express,Mobile App,,3,,
5962691,137421,2025-08-24,Beauty & Personal Care,Electric Toothbrush,1,19.45,0,19.45,5.99,1.6,27.04,Credit Card,Delivered,Standard,Mobile App,,7,4.0,
1950627,926740,2025-08-24,Grocery,Mixed Nuts Pack,3,37.62,0,112.86,0.0,7.05,119.91,Credit Card,Returned,Standard,Marketplace,,7,,Wrong Size
5506919,813547,2025-08-25,Home & Kitchen,Stand Mixer,1,57.78,0,57.78,14.99,4.77,77.54,Credit Card,Delivered,Express,Website,,3,,
6002281,761074,2025-08-25,Clothing,Baseball Cap,2,41.43,0,82.86,0.0,6.84,89.7,Debit Card,Shipped,Standard,Website,,7,,
9712887,360723,2025-08-25,Sports & Outdoors,Resistance Bands Set,1,101.34,0,101.34,12.99,0.0,114.33,Debit Card,Returned,Express,Website,,3,,Defective Item
7815249,441378,2025-08-25,Electronics,Mechanical Keyboard,2,360.03,0,720.06,0.0,45.0,765.06,Credit Card,Delivered,Standard,Mobile App,,7,,
3257959,665395,2025-08-25,Clothing,Summer Dress,1,27.9,0,27.9,5.99,0.0,33.89,Apple Pay,Delivered,Standard,Website,,7,,
2309139,714776,2025-08-25,Electronics,Portable Charger,1,289.01,0,289.01,0.0,23.84,312.85,Credit Card,Delivered,Standard,Website,,7,4.0,
2477505,848646,2025-08-26,Clothing,Women's Yoga Pants,1,75.0,20,60.0,5.99,3.75,69.74,PayPal,Delivered,Standard,Website,FREESHIP,7,4.0,
2947222,483080,2025-08-26,Electronics,Wireless Mouse,2,330.42,0,660.84,0.0,39.65,700.49,Credit Card,Delivered,Standard,Website,,7,4.0,
1525773,853073,2025-08-26,Electronics,Smartphone Case,1,138.83,0,138.83,0.0,9.02,147.85,Credit Card,Delivered,Standard,Website,,7,5.0,
7148010,650325,2025-08-26,Home & Kitchen,Non-Stick Frying Pan,1,102.68,0,102.68,0.0,6.16,108.84,PayPal,Delivered,Standard,Website,,7,,
6037140,491298,2025-08-26,Toys & Games,Educational STEM Kit,3,36.7,0,110.1,24.99,8.81,143.9,Credit Card,Delivered,Next-Day,Website,,1,3.0,
3135918,507886,2025-08-26,Clothing,Rain Jacket,2,39.08,0,78.16,12.99,15.63,106.78,Apple Pay,Delivered,Express,Mobile App,,3,5.0,
7113789,348656,2025-08-26,Clothing,Cotton T-Shirt,1,96.24,25,72.18,5.99,0.0,78.17,Credit Card,Delivered,Standard,Website,FREESHIP,7,,
4292540,622669,2025-08-26,Clothing,Running Shoes,1,23.72,0,23.72,27.99,1.96,53.67,Apple Pay,Cancelled,Next-Day,Website,,1,,
6021309,122359,2025-08-26,Grocery,Dark Chocolate Bar,3,22.9,0,68.7,14.99,5.5,89.19,Gift Card,Returned,Express,Mobile App,,3,,Changed Mind
2707276,408056,2025-08-26,Home & Kitchen,Coffee Maker,3,63.49,0,190.47,0.0,11.43,201.9,Debit Card,Delivered,Standard,Website,,7,4.0,
2156572,800045,2025-08-26,Toys & Games,Plush Teddy Bear,1,92.28,0,92.28,12.99,5.77,111.04,Google Pay,Returned,Express,Website,,3,,Defective Item
1534561,821214,2025-08-27,Clothing,Winter Parka,4,26.78,0,107.12,0.0,21.42,128.54,Credit Card,Shipped,Standard,Mobile App,,7,,
2704628,304008,2025-08-27,Clothing,Women's Yoga Pants,3,30.98,0,92.94,0.0,5.58,98.52,PayPal,Shipped,Free Pickup,Mobile App,,0,,
8573343,104400,2025-08-27,Books,Cookbook: Weeknight Dinners,3,45.0,5,128.25,12.99,10.58,151.82,Credit Card,Delivered,Express,Mobile App,FREESHIP,3,4.0,
9260811,122359,2025-08-27,Pet Supplies,Dog Bed,4,60.32,5,229.22,12.99,0.0,242.21,Google Pay,Delivered,Express,Mobile App,HOLIDAY25,3,5.0,
3711121,697324,2025-08-27,Clothing,Cotton T-Shirt,3,180.0,0,540.0,12.99,35.1,588.09,Credit Card,Delivered,Express,Mobile App,,3,4.0,
1201696,343810,2025-08-27,Clothing,Men's Denim Jacket,1,37.62,0,37.62,14.99,3.1,55.71,Credit Card,Delivered,Express,Mobile App,,3,5.0,
5996954,752908,2025-08-27,Beauty & Personal Care,Sunscreen SPF50,2,11.29,0,22.58,14.99,0.0,37.57,PayPal,Delivered,Express,Marketplace,,3,,
5807884,343810,2025-08-27,Sports & Outdoors,Hiking Backpack,2,211.67,20,338.67,0.0,0.0,338.67,PayPal,Delivered,Standard,Website,SUMMER10,7,5.0,
2833753,868770,2025-08-27,Electronics,Noise-Cancelling Headphones,1,567.33,0,567.33,0.0,46.8,614.13,Google Pay,Delivered,Standard,Mobile App,,7,5.0,
1456828,889948,2025-08-27,Electronics,Bluetooth Speaker,1,536.45,0,536.45,0.0,32.19,568.64,Credit Card,Delivered,Standard,Mobile App,,7,,
5129917,275250,2025-08-27,Books,Historical Biography,1,45.0,0,45.0,27.99,2.81,75.8,Google Pay,Delivered,Next-Day,Mobile App,,1,3.0,
9844992,762977,2025-08-27,Toys & Games,Action Figure,1,61.41,0,61.41,14.99,0.0,76.4,Credit Card,Delivered,Express,Website,,3,,
2064221,543559,2025-08-28,Electronics,Portable Charger,1,205.53,0,205.53,0.0,26.72,232.25,Credit Card,Delivered,Standard,Mobile App,,7,4.0,
4771537,953629,2025-08-28,Home & Kitchen,Cotton Bed Sheets,3,54.82,0,164.46,0.0,10.28,174.74,Credit Card,Delivered,Standard,Marketplace,,7,4.0,
3202897,225182,2025-08-28,Clothing,Slim Fit Jeans,5,11.24,0,56.2,5.99,4.5,66.69,PayPal,Delivered,Standard,Mobile App,,7,4.0,
1428620,856758,2025-08-28,Sports & Outdoors,Insulated Water Bottle,2,60.16,5,114.3,12.99,6.86,134.15,Apple Pay,Returned,Express,Mobile App,HOLIDAY25,3,,Better Price Found
5967868,404777,2025-08-28,Toys & Games,Action Figure,1,27.32,15,23.22,5.99,1.39,30.6,Apple Pay,Delivered,Standard,Marketplace,HOLIDAY25,7,4.0,
8835556,282050,2025-08-28,Clothing,Baseball Cap,2,115.32,0,230.64,0.0,19.03,249.67,Credit Card,Cancelled,Standard,Website,,7,,
5749513,427679,2025-08-28,Grocery,Granola Cereal,4,17.23,0,68.92,5.99,8.96,83.87,Credit Card,Delivered,Standard,Website,,7,,
3108050,496735,2025-08-29,Office Supplies,Desk Organizer,3,63.76,0,191.28,0.0,11.96,203.24,Debit Card,Delivered,Standard,Website,,7,2.0,
7513512,773540,2025-08-29,Grocery,Dark Chocolate Bar,3,11.4,0,34.2,27.99,3.42,65.61,Credit Card,Returned,Next-Day,Mobile App,,1,,Wrong Size
3604184,511311,2025-08-29,Home & Kitchen,Cutlery Set,1,101.69,0,101.69,24.99,13.22,139.9,PayPal,Delivered,Next-Day,Marketplace,,1,5.0,
8281023,470612,2025-08-29,Home & Kitchen,Memory Foam Pillow,1,140.45,10,126.4,0.0,0.0,126.4,PayPal,Delivered,Standard,Website,SUMMER10,7,3.0,
3198448,516339,2025-08-29,Home & Kitchen,LED Desk Lamp,1,83.25,0,83.25,0.0,0.0,83.25,Debit Card,Delivered,Standard,Website,,7,5.0,
9299226,638422,2025-08-29,Electronics,Noise-Cancelling Headphones,2,289.97,0,579.94,0.0,34.8,614.74,Credit Card,Delivered,Standard,Website,,7,,
4552345,519606,2025-08-29,Electronics,Bluetooth Speaker,1,313.85,0,313.85,12.99,19.62,346.46,PayPal,Delivered,Express,Website,,3,,
6973906,116154,2025-08-29,Clothing,Men's Denim Jacket,2,72.23,0,144.46,12.99,8.67,166.12,Credit Card,Delivered,Express,Website,,3,5.0,
5468765,106619,2025-08-29,Home & Kitchen,Cotton Bed Sheets,1,43.53,0,43.53,0.0,2.61,46.14,Credit Card,Returned,Free Pickup,Website,,0,,Not as Described
9384332,928381,2025-08-29,Toys & Games,Puzzle 1000pc,1,73.75,0,73.75,5.99,4.42,84.16,Credit Card,Processing,Standard,Marketplace,,7,,
5688187,542798,2025-08-29,Pet Supplies,Dog Chew Toy,1,55.64,0,55.64,14.99,0.0,70.63,Credit Card,Cancelled,Express,Website,,3,,
2848073,703529,2025-08-30,Toys & Games,Action Figure,1,50.71,0,50.71,5.99,4.06,60.76,Credit Card,Delivered,Standard,Mobile App,,7,,
8642705,501851,2025-08-30,Office Supplies,Ballpoint Pen Pack,3,119.77,0,359.31,0.0,71.86,431.17,Google Pay,Delivered,Standard,Website,,7,,
7246960,112534,2025-08-30,Electronics,Laptop Stand,2,621.22,0,1242.44,0.0,0.0,1242.44,Debit Card,Returned,Standard,Website,,7,,Arrived Late
8045390,554597,2025-08-30,Clothing,Men's Denim Jacket,2,45.97,5,87.34,12.99,5.24,105.57,PayPal,Delivered,Express,Website,WELCOME10,3,,
3396401,581702,2025-08-30,Toys & Games,Puzzle 1000pc,3,87.09,0,261.27,24.99,16.33,302.59,PayPal,Cancelled,Next-Day,Mobile App,,1,,
8899258,610234,2025-08-30,Books,Poetry Collection,1,18.85,0,18.85,5.99,1.13,25.97,Google Pay,Returned,Standard,Website,,7,,Not as Described
8385562,709428,2025-08-30,Toys & Games,Board Game Classic,1,19.71,0,19.71,27.99,1.18,48.88,Gift Card,Delivered,Next-Day,Mobile App,,1,5.0,
5511690,425339,2025-08-30,Office Supplies,File Folders Pack,1,49.88,15,42.4,14.99,6.78,64.17,PayPal,Delivered,Express,Mobile App,HOLIDAY25,3,4.0,
7603109,343810,2025-08-30,Books,Science Fiction Epic,4,16.68,10,60.05,5.99,3.6,69.64,PayPal,Delivered,Standard,Website,VIP15,7,3.0,
6714915,248546,2025-08-30,Clothing,Rain Jacket,2,24.58,0,49.16,5.99,2.95,58.1,Credit Card,Delivered,Standard,Mobile App,,7,,
8370254,555402,2025-08-30,Clothing,Running Shoes,1,71.03,0,71.03,5.99,4.26,81.28,Credit Card,Delivered,Standard,Mobile App,,7,4.0,
7304284,798962,2025-08-30,Beauty & Personal Care,Electric Razor,1,27.61,0,27.61,27.99,1.66,57.26,Credit Card,Delivered,Next-Day,Website,,1,5.0,
6655101,764258,2025-08-30,Clothing,Women's Yoga Pants,2,70.67,0,141.34,0.0,8.83,150.17,PayPal,Cancelled,Standard,Website,,7,,
8927591,806683,2025-08-30,Beauty & Personal Care,Sunscreen SPF50,1,12.2,0,12.2,5.99,0.73,18.92,Debit Card,Cancelled,Standard,Website,,7,,
4176956,359971,2025-08-31,Electronics,4K Smart TV,1,159.18,25,119.38,0.0,7.46,126.84,Apple Pay,Delivered,Standard,Mobile App,VIP15,7,4.0,
8297031,498380,2025-08-31,Books,Mystery Novel,4,11.99,5,45.56,5.99,7.29,58.84,Apple Pay,Delivered,Standard,Website,SUMMER10,7,3.0,
3625538,850003,2025-08-31,Beauty & Personal Care,Sunscreen SPF50,1,31.12,0,31.12,27.99,1.94,61.05,PayPal,Delivered,Next-Day,Mobile App,,1,5.0,
7723189,850003,2025-08-31,Clothing,Summer Dress,1,104.6,0,104.6,0.0,6.28,110.88,PayPal,Delivered,Standard,Mobile App,,7,4.0,
4116517,539241,2025-08-31,Clothing,Women's Yoga Pants,1,38.83,0,38.83,14.99,3.2,57.02,PayPal,Delivered,Express,Marketplace,,3,5.0,
5283118,771645,2025-08-31,Electronics,Mechanical Keyboard,2,907.45,0,1814.9,24.99,0.0,1839.89,PayPal,Delivered,Next-Day,Website,,1,,
4573421,408428,2025-08-31,Clothing,Men's Denim Jacket,2,123.08,0,246.16,0.0,20.31,266.47,PayPal,Returned,Standard,Website,,7,,Arrived Late
9863421,761074,2025-08-31,Clothing,Rain Jacket,2,71.73,25,107.6,0.0,8.61,116.21,PayPal,Delivered,Standard,Website,SAVE20,7,5.0,
9778401,515463,2025-08-31,Books,Fantasy Trilogy Box Set,1,16.38,0,16.38,14.99,1.35,32.72,Credit Card,Delivered,Express,Website,,3,,
4735874,549078,2025-08-31,Sports & Outdoors,Fishing Rod,1,137.35,0,137.35,0.0,8.93,146.28,PayPal,Delivered,Standard,Mobile App,,7,5.0,
7458262,343810,2025-09-01,Electronics,Smartphone Case,2,191.79,0,383.58,12.99,23.01,419.58,Credit Card,Returned,Express,Website,,3,,Arrived Late
1485961,929407,2025-09-01,Books,Poetry Collection,4,23.09,0,92.36,24.99,5.77,123.12,Google Pay,Returned,Next-Day,Mobile App,,1,,Better Price Found
8196084,963639,2025-09-01,Office Supplies,File Folders Pack,3,73.5,0,220.5,12.99,13.23,246.72,Debit Card,Returned,Express,Website,,3,,Better Price Found
9677197,380844,2025-09-01,Sports & Outdoors,Camping Tent,2,112.3,0,224.6,12.99,18.53,256.12,Apple Pay,Delivered,Express,Mobile App,,3,3.0,
4144804,436093,2025-09-01,Clothing,Rain Jacket,5,176.36,0,881.8,24.99,70.54,977.33,Apple Pay,Delivered,Next-Day,Website,,1,5.0,
5225017,196023,2025-09-01,Clothing,Slim Fit Jeans,3,77.71,0,233.13,0.0,14.57,247.7,Debit Card,Delivered,Standard,Marketplace,,7,4.0,
8840185,236288,2025-09-02,Pet Supplies,Dog Chew Toy,2,46.23,0,92.46,24.99,7.63,125.08,PayPal,Delivered,Next-Day,Mobile App,,1,,
4738496,850003,2025-09-02,Toys & Games,Plush Teddy Bear,1,46.65,0,46.65,5.99,3.85,56.49,Gift Card,Cancelled,Standard,Website,,7,,
8439446,279737,2025-09-02,Grocery,Granola Cereal,5,13.36,0,66.8,27.99,13.36,108.15,Credit Card,Delivered,Next-Day,Website,,1,5.0,
9640732,607529,2025-09-02,Clothing,Women's Yoga Pants,1,99.15,30,69.4,5.99,0.0,75.39,Gift Card,Delivered,Standard,Mobile App,SUMMER10,7,4.0,
8504634,972701,2025-09-03,Beauty & Personal Care,Electric Razor,2,24.15,0,48.3,5.99,2.9,57.19,Credit Card,Delivered,Standard,Website,,7,5.0,
3316080,837858,2025-09-03,Toys & Games,Outdoor Water Blaster,2,67.81,0,135.62,12.99,11.19,159.8,Credit Card,Delivered,Express,Marketplace,,3,,
7542026,245011,2025-09-03,Beauty & Personal Care,Hair Dryer,5,95.0,0,475.0,12.99,38.0,525.99,Debit Card,Cancelled,Express,Marketplace,,3,,
5969052,667890,2025-09-03,Clothing,Winter Parka,3,57.41,0,172.23,0.0,10.33,182.56,Credit Card,Processing,Standard,Mobile App,,7,,
4506249,138111,2025-09-03,Electronics,Wireless Mouse,1,136.37,20,109.1,0.0,6.55,115.65,Gift Card,Cancelled,Free Pickup,Website,FLASH30,0,,
8921323,138889,2025-09-03,Grocery,Sparkling Water Case,5,11.15,0,55.75,27.99,3.34,87.08,Debit Card,Delivered,Next-Day,Website,,1,5.0,
7499838,282050,2025-09-04,Electronics,Bluetooth Speaker,1,786.96,0,786.96,12.99,102.3,902.25,Debit Card,Delivered,Express,Website,,3,5.0,
8269385,815371,2025-09-04,Beauty & Personal Care,Skincare Gift Set,3,24.89,0,74.67,5.99,6.16,86.82,Apple Pay,Delivered,Standard,Website,,7,5.0,
2773464,899817,2025-09-05,Sports & Outdoors,Fishing Rod,2,182.94,0,365.88,24.99,21.95,412.82,Credit Card,Delivered,Next-Day,Website,,1,,
5022346,931973,2025-09-05,Toys & Games,Building Block Set,3,47.58,20,114.19,0.0,9.42,123.61,Debit Card,Returned,Free Pickup,Mobile App,SUMMER10,0,,Better Price Found
4592182,634704,2025-09-05,Office Supplies,Whiteboard,6,101.97,5,581.23,12.99,36.33,630.55,Debit Card,Delivered,,Mobile App,FREESHIP,3,5.0,
5397339,131620,2025-09-05,Home & Kitchen,Ceramic Dinnerware Set,2,119.94,0,239.88,12.99,14.39,267.26,Credit Card,Delivered,Express,Mobile App,,3,,
6305747,757288,2025-09-05,Clothing,Cotton T-Shirt,1,81.55,0,81.55,0.0,6.73,88.28,Credit Card,Delivered,Standard,Marketplace,,7,5.0,
3635355,457597,2025-09-05,Toys & Games,Remote Control Car,5,34.01,0,170.05,12.99,13.6,196.64,Debit Card,Delivered,Express,Mobile App,,3,,
8837164,195758,2025-09-05,Beauty & Personal Care,Skincare Gift Set,2,58.62,0,117.24,0.0,11.72,128.96,Credit Card,Delivered,Standard,Mobile App,,7,5.0,
4392251,185555,2025-09-06,Home & Kitchen,Air Fryer,3,100.55,0,301.65,0.0,19.61,321.26,Credit Card,Delivered,Standard,Mobile App,,7,,
2212553,928381,2025-09-06,Home & Kitchen,Memory Foam Pillow,1,77.24,0,77.24,12.99,15.45,105.68,PayPal,Delivered,Express,Mobile App,,3,,
8701613,587093,2025-09-06,Home & Kitchen,Coffee Maker,3,39.63,0,118.89,12.99,7.73,139.61,Apple Pay,Shipped,Express,Mobile App,,3,,
8847581,631761,2025-09-06,Books,Science Fiction Epic,2,19.43,0,38.86,27.99,3.21,70.06,Debit Card,Delivered,Next-Day,Website,,1,5.0,
7531156,790359,2025-09-06,Electronics,Noise-Cancelling Headphones,1,268.7,0,268.7,0.0,34.93,303.63,Gift Card,Delivered,Standard,Mobile App,,7,,
6539247,787311,2025-09-06,Home & Kitchen,LED Desk Lamp,1,334.09,0,334.09,12.99,21.72,368.8,PayPal,Returned,Express,Website,,3,,Not as Described
3620814,568238,2025-09-06,Beauty & Personal Care,Hair Dryer,1,20.67,25,15.5,0.0,1.28,16.78,Debit Card,Returned,Free Pickup,Website,HOLIDAY25,0,,Defective Item
3786800,773267,2025-09-06,Office Supplies,Printer Paper Ream,1,209.85,0,209.85,24.99,16.79,251.63,Debit Card,Delivered,Next-Day,Website,,1,,
2557905,570736,2025-09-06,Clothing,Men's Denim Jacket,1,82.57,30,57.8,5.99,3.47,67.26,PayPal,Delivered,Standard,Website,SUMMER10,7,5.0,
4732041,287382,2025-09-07,Electronics,Noise-Cancelling Headphones,2,105.01,10,189.02,0.0,11.34,200.36,Credit Card,Returned,Free Pickup,Website,SAVE20,0,,Changed Mind
4032423,670233,2025-09-07,Sports & Outdoors,Resistance Bands Set,1,82.47,10,74.22,5.99,4.64,84.85,Credit Card,Delivered,Standard,Website,HOLIDAY25,7,5.0,
6907763,800785,2025-09-07,Toys & Games,Educational STEM Kit,4,42.07,0,168.28,12.99,26.92,208.19,Google Pay,Delivered,Express,Website,,3,,
2811993,265163,2025-09-07,Office Supplies,Printer Paper Ream,1,59.65,0,59.65,5.99,3.73,69.37,Credit Card,Delivered,Standard,Website,,7,5.0,
4810718,944244,2025-09-07,Office Supplies,Printer Paper Ream,1,131.05,25,98.29,0.0,5.9,104.19,Google Pay,Delivered,Standard,Website,HOLIDAY25,7,,
1132267,122359,2025-09-07,Electronics,Portable Charger,1,130.13,0,130.13,0.0,7.81,137.94,PayPal,Cancelled,Standard,Mobile App,,7,,
3809753,773540,2025-09-07,Books,Self-Help Guide,3,16.97,0,50.91,27.99,3.31,82.21,Credit Card,Returned,Next-Day,Marketplace,,1,,Better Price Found
2646711,761074,2025-09-07,Clothing,Women's Yoga Pants,2,25.84,30,36.18,14.99,2.26,53.43,Credit Card,Delivered,Express,Mobile App,FLASH30,3,,
4777735,764214,2025-09-07,Home & Kitchen,Memory Foam Pillow,2,350.0,15,595.0,24.99,0.0,619.99,Gift Card,Delivered,Next-Day,Mobile App,SAVE20,1,,
8431627,757288,2025-09-07,Grocery,Honey Jar,1,15.44,0,15.44,5.99,1.24,22.67,PayPal,Cancelled,Standard,Website,,7,,
2971829,181067,2025-09-08,Beauty & Personal Care,Vitamin C Serum,1,25.9,0,25.9,14.99,2.14,43.03,Debit Card,Delivered,Express,Website,,3,5.0,
4313292,476035,2025-09-08,Toys & Games,Action Figure,1,11.07,0,11.07,5.99,0.66,17.72,Credit Card,Processing,Standard,Mobile App,,7,,
7839952,182540,2025-09-08,Electronics,4K Smart TV,1,452.6,0,452.6,12.99,27.16,492.75,Apple Pay,Delivered,Express,Mobile App,,3,2.0,
3907943,107065,2025-09-09,Toys & Games,Building Block Set,2,98.0,30,137.2,0.0,10.98,148.18,Apple Pay,Delivered,Standard,Mobile App,FLASH30,7,,
5781968,924384,2025-09-09,Beauty & Personal Care,Perfume,2,33.03,0,66.06,5.99,4.13,76.18,Credit Card,Returned,Standard,Mobile App,,7,,Better Price Found
3646924,962949,2025-09-09,Electronics,Mechanical Keyboard,2,234.24,0,468.48,24.99,29.28,522.75,PayPal,Cancelled,Next-Day,Website,,1,,
2564541,956945,2025-09-09,Grocery,Mixed Nuts Pack,2,9.48,15,16.12,5.99,0.97,23.08,Apple Pay,Delivered,Standard,Website,FLASH30,7,5.0,
4984422,199508,2025-09-09,Home & Kitchen,Cotton Bed Sheets,2,191.59,0,383.18,12.99,22.99,419.16,Credit Card,Delivered,Express,Mobile App,,3,4.0,
8702368,221043,2025-09-09,Electronics,Mechanical Keyboard,1,318.78,0,318.78,0.0,19.92,338.7,Credit Card,Cancelled,Standard,Mobile App,,7,,
5440345,748905,2025-09-09,Clothing,Slim Fit Jeans,1,133.97,0,133.97,0.0,8.04,142.01,Credit Card,Delivered,Standard,Website,,7,4.0,
4099361,315385,2025-09-10,Toys & Games,Plush Teddy Bear,2,93.55,0,187.1,24.99,24.32,236.41,Credit Card,Delivered,Next-Day,Marketplace,,1,,
2116291,513724,2025-09-10,Beauty & Personal Care,Electric Toothbrush,3,27.37,20,65.69,5.99,3.94,75.62,Debit Card,Shipped,Standard,Mobile App,SAVE20,7,,
6809759,304008,2025-09-10,Books,Science Fiction Epic,5,23.12,0,115.6,0.0,7.22,122.82,Credit Card,Shipped,Standard,Website,,7,,
1224083,820543,2025-09-10,Electronics,Smartphone Case,1,119.88,0,119.88,12.99,7.19,140.06,Credit Card,Cancelled,Express,Mobile App,,3,,
7010223,768338,2025-09-10,Home & Kitchen,LED Desk Lamp,2,148.88,10,267.98,0.0,22.11,290.09,Debit Card,Delivered,Standard,Website,VIP15,7,5.0,
2425411,543559,2025-09-10,Beauty & Personal Care,Perfume,2,22.33,0,44.66,5.99,8.49,59.14,Debit Card,Delivered,Standard,Mobile App,,7,5.0,
4324540,847515,2025-09-11,Home & Kitchen,Ceramic Dinnerware Set,2,208.45,0,416.9,12.99,34.39,464.28,Credit Card,Delivered,Express,Website,,3,,
8138374,375123,2025-09-11,Electronics,Portable Charger,1,297.17,0,297.17,0.0,17.83,315.0,PayPal,Delivered,Standard,Website,,7,5.0,
4029927,204309,2025-09-11,Electronics,Smartphone Case,1,283.01,0,283.01,0.0,16.98,299.99,Google Pay,Delivered,Standard,Website,,7,,
3636792,229964,2025-09-11,Clothing,Women's Yoga Pants,2,33.17,0,66.34,5.99,0.0,72.33,PayPal,Delivered,Standard,Mobile App,,7,,
5187275,790359,2025-09-11,Toys & Games,Outdoor Water Blaster,2,41.01,0,82.02,0.0,5.13,87.15,Gift Card,Returned,Standard,Website,,7,,Arrived Late
7173851,902174,2025-09-11,Clothing,Wool Sweater,2,52.81,20,84.5,0.0,5.07,89.57,Credit Card,Delivered,Standard,Website,FLASH30,7,5.0,
9445409,929407,2025-09-11,Home & Kitchen,Stand Mixer,1,100.06,0,100.06,0.0,6.0,106.06,Apple Pay,Delivered,Free Pickup,Mobile App,,0,5.0,
3296433,865643,2025-09-11,Grocery,Protein Bar Box,6,20.34,0,122.04,0.0,7.32,129.36,Debit Card,Delivered,,Mobile App,,7,5.0,
8713301,924384,2025-09-11,Books,Personal Finance 101,1,20.94,0,20.94,5.99,1.68,28.61,Apple Pay,Processing,Standard,Website,,7,,
6473188,963639,2025-09-12,Home & Kitchen,Stand Mixer,3,36.4,0,109.2,0.0,9.01,118.21,PayPal,Delivered,Standard,Marketplace,,7,,
9373352,865643,2025-09-12,Home & Kitchen,Vacuum Cleaner,1,174.11,0,174.11,0.0,22.63,196.74,Apple Pay,Delivered,Standard,Website,,7,5.0,
5756768,501851,2025-09-12,Home & Kitchen,Ceramic Dinnerware Set,3,92.21,0,276.63,0.0,17.29,293.92,Google Pay,Delivered,Standard,Mobile App,,7,,
5662446,384136,2025-09-12,Toys & Games,Action Figure,3,53.74,0,161.22,0.0,9.67,170.89,Google Pay,Shipped,Standard,Mobile App,,7,,
3345503,374219,2025-09-12,Sports & Outdoors,Yoga Mat,2,83.1,0,166.2,12.99,10.39,189.58,Credit Card,Delivered,Express,Website,,3,4.0,
5790789,436093,2025-09-13,Clothing,Summer Dress,2,54.93,0,109.86,0.0,9.06,118.92,PayPal,Delivered,Standard,Mobile App,,7,,
5795608,842688,2025-09-13,Clothing,Running Shoes,1,170.04,0,170.04,24.99,10.63,205.66,Gift Card,Delivered,Next-Day,Mobile App,,1,3.0,
4068760,985541,2025-09-13,Office Supplies,Stapler,3,119.47,0,358.41,12.99,23.3,394.7,PayPal,Delivered,Express,Website,,3,5.0,
8017129,202299,2025-09-13,Grocery,Protein Bar Box,2,14.13,0,28.26,14.99,1.84,45.09,Credit Card,Delivered,Express,Website,,3,5.0,
7688183,964105,2025-09-13,Books,Fantasy Trilogy Box Set,3,16.2,0,48.6,5.99,3.04,57.63,Credit Card,Delivered,Standard,Website,,7,4.0,
3730282,446431,2025-09-13,Home & Kitchen,Coffee Maker,2,129.63,5,246.3,0.0,16.01,262.31,PayPal,Delivered,Standard,Mobile App,HOLIDAY25,7,,
9511527,216808,2025-09-13,Clothing,Cotton T-Shirt,1,28.8,0,28.8,27.99,2.38,59.17,Debit Card,Delivered,Next-Day,Website,,1,5.0,
9975391,310345,2025-09-13,Home & Kitchen,Cotton Bed Sheets,3,42.27,0,126.81,0.0,7.93,134.74,Debit Card,Cancelled,Standard,Mobile App,,7,,
7129057,994635,2025-09-14,Grocery,Honey Jar,3,10.8,0,32.4,5.99,2.67,41.06,Debit Card,Delivered,Standard,Mobile App,,7,,
3094781,725085,2025-09-14,Sports & Outdoors,Basketball,1,193.52,0,193.52,0.0,12.1,205.62,Debit Card,Delivered,Standard,Mobile App,,7,,
6592396,909819,2025-09-14,Sports & Outdoors,Hiking Backpack,3,132.04,15,336.7,0.0,27.78,364.48,Credit Card,Delivered,Standard,Website,WELCOME10,7,5.0,
5835779,976980,2025-09-14,Home & Kitchen,Ceramic Dinnerware Set,1,52.86,0,52.86,5.99,3.17,62.02,Credit Card,Delivered,,Mobile App,,7,,
4464048,504976,2025-09-14,Home & Kitchen,Vacuum Cleaner,4,35.84,0,143.36,24.99,11.83,180.18,PayPal,Delivered,Next-Day,Marketplace,,1,5.0,
8827271,744635,2025-09-14,Clothing,Slim Fit Jeans,1,23.8,30,16.66,5.99,1.0,23.65,Debit Card,Delivered,Standard,Website,SUMMER10,7,,
5521851,205361,2025-09-14,Grocery,Protein Bar Box,3,23.09,0,69.27,5.99,5.54,80.8,Credit Card,Delivered,Standard,Website,,7,,
8273744,899817,2025-09-14,Electronics,Mechanical Keyboard,1,226.11,0,226.11,0.0,45.22,271.33,Debit Card,Delivered,Standard,Website,,7,5.0,
8096593,570736,2025-09-14,Clothing,Running Shoes,1,32.09,20,25.67,5.99,2.05,33.71,Debit Card,Shipped,Standard,Mobile App,SUMMER10,7,,
4809929,221043,2025-09-14,Toys & Games,Action Figure,2,28.9,0,57.8,5.99,4.77,68.56,Apple Pay,Delivered,Standard,Website,,7,3.0,
8531383,429344,2025-09-14,Clothing,Winter Parka,3,64.83,0,194.49,0.0,11.67,206.16,Debit Card,Cancelled,Standard,Website,,7,,
4235687,608217,2025-09-15,Books,Science Fiction Epic,5,26.34,0,131.7,0.0,10.87,142.57,Credit Card,Delivered,Standard,Website,,7,,
6793971,837858,2025-09-15,Beauty & Personal Care,Hair Dryer,2,10.02,0,20.04,5.99,1.65,27.68,PayPal,Delivered,Standard,Website,,7,5.0,
5279761,545164,2025-09-15,Electronics,Portable Charger,1,425.65,0,425.65,0.0,34.05,459.7,Credit Card,Delivered,Standard,Mobile App,,7,5.0,
3874524,583754,2025-09-15,Home & Kitchen,Cotton Bed Sheets,1,92.24,0,92.24,12.99,7.61,112.84,Debit Card,Delivered,Express,Marketplace,,3,,
3651148,748905,2025-09-16,Toys & Games,Building Block Set,2,16.15,0,32.3,14.99,1.94,49.23,Debit Card,Returned,Express,Marketplace,,3,,Better Price Found
4049596,963727,2025-09-16,Electronics,Bluetooth Speaker,1,599.36,0,599.36,0.0,119.87,719.23,Credit Card,Delivered,Standard,Marketplace,,7,5.0,
6408075,148019,2025-09-16,Toys & Games,Building Block Set,1,25.33,0,25.33,14.99,1.58,41.9,Gift Card,Delivered,Express,Marketplace,,3,5.0,
6312299,206905,2025-09-16,Books,Personal Finance 101,1,13.26,0,13.26,14.99,0.83,29.08,Credit Card,Delivered,Express,Website,,3,,
7950682,273715,2025-09-16,Electronics,Streaming Media Player,1,418.97,5,398.02,24.99,23.88,446.89,Credit Card,Delivered,Next-Day,Website,WELCOME10,1,3.0,
5330447,493034,2025-09-16,Grocery,Granola Cereal,5,12.43,0,62.15,5.99,6.22,74.36,Gift Card,Cancelled,Standard,Website,,7,,
8921655,368724,2025-09-16,Beauty & Personal Care,Electric Razor,2,31.36,0,62.72,14.99,5.02,82.73,PayPal,Delivered,Express,Website,,3,5.0,
7497675,514284,2025-09-16,Electronics,4K Smart TV,1,686.11,20,548.89,12.99,45.28,607.16,PayPal,Delivered,Express,Mobile App,VIP15,3,5.0,
7229485,687179,2025-09-17,Electronics,Portable Charger,1,309.66,0,309.66,0.0,24.77,334.43,PayPal,Delivered,Standard,Mobile App,,7,5.0,
3742664,359241,2025-09-17,Home & Kitchen,Cotton Bed Sheets,1,156.87,0,156.87,12.99,9.41,179.27,Credit Card,Delivered,Express,Website,,3,,
7704983,846257,2025-09-17,Electronics,Streaming Media Player,1,1200.0,0,1200.0,0.0,72.0,1272.0,Credit Card,Delivered,Standard,Mobile App,,7,5.0,
9717079,663408,2025-09-17,Books,Graphic Novel,1,15.25,0,15.25,14.99,0.95,31.19,PayPal,Delivered,Express,Mobile App,,3,3.0,
3309721,212415,2025-09-17,Clothing,Cotton T-Shirt,1,27.59,0,27.59,5.99,1.79,35.37,Credit Card,Delivered,Standard,Website,,7,,
4283106,761154,2025-09-17,Grocery,Pasta Variety Pack,3,55.0,0,165.0,0.0,9.9,174.9,Gift Card,Cancelled,Standard,Website,,7,,
8034954,205361,2025-09-18,Grocery,Organic Coffee Beans,4,23.14,0,92.56,0.0,5.78,98.34,Debit Card,Delivered,Standard,Website,,7,,
3358281,981214,2025-09-18,Home & Kitchen,Cotton Bed Sheets,2,302.33,30,423.26,12.99,34.92,471.17,PayPal,Delivered,Express,Website,SUMMER10,3,,
5323176,653198,2025-09-18,Home & Kitchen,Memory Foam Pillow,1,68.36,0,68.36,5.99,8.89,83.24,Debit Card,Delivered,Standard,Website,,7,4.0,
1060459,578841,2025-09-18,Home & Kitchen,Cutlery Set,1,102.57,0,102.57,0.0,6.67,109.24,Debit Card,Delivered,Standard,Mobile App,,7,4.0,
3690261,367081,2025-09-18,Books,Self-Help Guide,4,22.7,0,90.8,12.99,7.26,111.05,Gift Card,Delivered,,Mobile App,,3,5.0,
7276221,805419,2025-09-18,Home & Kitchen,LED Desk Lamp,4,57.19,0,228.76,0.0,13.73,242.49,Debit Card,Delivered,Standard,Website,,7,5.0,
8971955,815371,2025-09-18,Beauty & Personal Care,Shampoo & Conditioner Set,1,90.3,10,81.27,0.0,16.25,97.52,Debit Card,Returned,Standard,Mobile App,FLASH30,7,,Better Price Found
7448085,939225,2025-09-18,Beauty & Personal Care,Facial Moisturizer,1,71.19,0,71.19,5.99,5.7,82.88,Credit Card,Delivered,Standard,Website,,7,3.0,
7562563,341690,2025-09-18,Electronics,Mechanical Keyboard,1,312.94,0,312.94,0.0,25.82,338.76,Credit Card,Delivered,Standard,Mobile App,,7,,
6722568,659264,2025-09-18,Electronics,Smartphone Case,2,201.66,25,302.49,12.99,18.91,334.39,PayPal,Delivered,Express,Marketplace,VIP15,3,5.0,
8340188,205361,2025-09-18,Electronics,Wireless Mouse,3,532.02,0,1596.06,0.0,207.49,1803.55,PayPal,Delivered,Standard,Marketplace,,7,,
8872336,236288,2025-09-18,Electronics,Wireless Mouse,3,614.33,0,1842.99,0.0,110.58,1953.57,PayPal,Delivered,Standard,Website,,7,,
2608901,199508,2025-09-18,Home & Kitchen,Non-Stick Frying Pan,1,34.01,15,28.91,5.99,0.0,34.9,Google Pay,Delivered,Standard,Mobile App,HOLIDAY25,7,3.0,
3087345,791259,2025-09-19,Sports & Outdoors,Yoga Mat,1,79.06,0,79.06,12.99,4.94,96.99,PayPal,Delivered,Express,Website,,3,,
9809483,670928,2025-09-19,Clothing,Summer Dress,3,104.06,0,312.18,24.99,18.73,355.9,Credit Card,Delivered,Next-Day,Website,,1,3.0,
6876653,802647,2025-09-19,Toys & Games,Educational STEM Kit,1,39.77,0,39.77,14.99,2.39,57.15,Apple Pay,Delivered,Express,Website,,3,2.0,
9914392,215176,2025-09-19,Toys & Games,Plush Teddy Bear,1,60.15,0,60.15,5.99,4.96,71.1,Credit Card,Delivered,Standard,Marketplace,,7,4.0,
9842677,956945,2025-09-19,Toys & Games,Remote Control Car,1,23.69,20,18.95,14.99,1.14,35.08,Credit Card,Delivered,Express,Marketplace,VIP15,3,5.0,
5244519,527694,2025-09-19,Home & Kitchen,Vacuum Cleaner,1,141.07,0,141.07,12.99,8.82,162.88,Credit Card,Delivered,Express,Mobile App,,3,3.0,
5309337,773540,2025-09-19,Electronics,Mechanical Keyboard,1,770.27,0,770.27,24.99,46.22,841.48,Debit Card,Delivered,Next-Day,Mobile App,,1,4.0,
8878770,151500,2025-09-19,Electronics,Portable Charger,5,1200.0,0,6000.0,12.99,360.0,6372.99,Debit Card,Cancelled,Express,Website,,3,,
6233404,366709,2025-09-19,Beauty & Personal Care,Vitamin C Serum,3,15.27,0,45.81,14.99,2.75,63.55,Debit Card,Delivered,Express,Website,,3,5.0,
1285625,341690,2025-09-20,Home & Kitchen,Non-Stick Frying Pan,1,141.26,30,98.88,12.99,9.89,121.76,Gift Card,Shipped,Express,Mobile App,SUMMER10,3,,
1992982,307037,2025-09-20,Sports & Outdoors,Insulated Water Bottle,2,251.38,5,477.62,0.0,28.66,506.28,PayPal,Delivered,Standard,Mobile App,FREESHIP,7,,
8789706,139108,2025-09-20,Office Supplies,Desk Organizer,2,109.1,0,218.2,0.0,43.64,261.84,Credit Card,Delivered,Standard,Website,,7,5.0,
9146457,202976,2025-09-20,Sports & Outdoors,Basketball,2,48.61,0,97.22,12.99,6.08,116.29,Debit Card,Delivered,Express,Website,,3,,
8379221,533723,2025-09-20,Pet Supplies,Cat Scratching Post,3,63.67,0,191.01,0.0,11.94,202.95,Debit Card,Delivered,Standard,Mobile App,,7,3.0,
3666740,983619,2025-09-20,Clothing,Men's Denim Jacket,1,59.36,0,59.36,14.99,0.0,74.35,Credit Card,Processing,Express,Mobile App,,3,,
8902962,598994,2025-09-20,Books,Cookbook: Weeknight Dinners,3,34.42,0,103.26,0.0,6.45,109.71,Debit Card,Delivered,Standard,Marketplace,,7,5.0,
8933815,972701,2025-09-20,Toys & Games,Plush Teddy Bear,1,19.66,0,19.66,14.99,1.18,35.83,Debit Card,Delivered,Express,Website,,3,,
1970582,429344,2025-09-20,Electronics,Portable Charger,1,802.7,0,802.7,0.0,48.16,850.86,Debit Card,Delivered,Standard,Marketplace,,7,4.0,
1065931,748894,2025-09-20,Home & Kitchen,LED Desk Lamp,1,47.25,0,47.25,14.99,2.84,65.08,Debit Card,Delivered,Express,Website,,3,5.0,
1277704,436093,2025-09-20,Books,Cookbook: Weeknight Dinners,1,11.4,20,9.12,5.99,0.75,15.86,Credit Card,Delivered,Standard,Mobile App,VIP15,7,5.0,
1198457,972701,2025-09-20,Electronics,Smartphone Case,1,201.93,0,201.93,24.99,12.12,239.04,Credit Card,Delivered,Next-Day,Website,,1,5.0,
8409595,269261,2025-09-20,Electronics,Portable Charger,1,486.02,0,486.02,12.99,29.16,528.17,Debit Card,Cancelled,Express,Mobile App,,3,,
7054118,941827,2025-09-20,Clothing,Summer Dress,1,73.18,0,73.18,14.99,6.04,94.21,PayPal,Delivered,Express,Website,,3,,
7548468,865643,2025-09-20,Clothing,Slim Fit Jeans,1,20.57,0,20.57,0.0,1.34,21.91,Credit Card,Returned,Free Pickup,Website,,0,,Defective Item
1780565,526706,2025-09-21,Electronics,Streaming Media Player,1,105.48,0,105.48,12.99,8.7,127.17,Credit Card,Delivered,Express,Website,,3,3.0,
5596341,485092,2025-09-21,Home & Kitchen,Stand Mixer,2,120.8,5,229.52,0.0,13.77,243.29,Debit Card,Cancelled,Standard,Website,HOLIDAY25,7,,
5626099,806986,2025-09-21,Electronics,Smartphone Case,1,601.18,30,420.83,24.99,25.25,471.07,Debit Card,Cancelled,Next-Day,Website,SUMMER10,1,,
8102421,530251,2025-09-21,Books,Science Fiction Epic,1,14.53,0,14.53,0.0,0.87,15.4,Credit Card,Delivered,Free Pickup,Mobile App,,0,5.0,
1305631,622669,2025-09-21,Toys & Games,Plush Teddy Bear,1,19.32,0,19.32,14.99,3.86,38.17,Debit Card,Delivered,Express,Mobile App,,3,4.0,
9976476,763562,2025-09-21,Home & Kitchen,LED Desk Lamp,3,113.98,0,341.94,24.99,44.45,411.38,PayPal,Delivered,Next-Day,Website,,1,5.0,
2491545,870294,2025-09-21,Electronics,Smartphone Case,2,430.08,0,860.16,0.0,51.61,911.77,Debit Card,Delivered,Standard,Website,,7,,
5270645,762648,2025-09-21,Sports & Outdoors,Adjustable Dumbbell Set,1,183.28,0,183.28,0.0,11.91,195.19,Gift Card,Delivered,Standard,Website,,7,,
5390601,390647,2025-09-21,Electronics,Mechanical Keyboard,1,297.83,0,297.83,0.0,24.57,322.4,Credit Card,Delivered,Standard,Mobile App,,7,,
7539729,557252,2025-09-22,Home & Kitchen,Memory Foam Pillow,3,171.18,0,513.54,12.99,42.37,568.9,PayPal,Delivered,Express,Website,,3,,
2203377,562598,2025-09-22,Clothing,Wool Sweater,1,172.61,0,172.61,0.0,10.79,183.4,PayPal,Delivered,Free Pickup,Website,,0,4.0,
6714454,206604,2025-09-22,Office Supplies,Notebook Set,1,18.81,0,18.81,27.99,1.55,48.35,Debit Card,Delivered,Next-Day,Mobile App,,1,5.0,
3422536,368724,2025-09-22,Home & Kitchen,Air Fryer,2,80.34,0,160.68,12.99,9.64,183.31,Debit Card,Delivered,Express,Website,,3,4.0,
3959038,554597,2025-09-22,Electronics,Portable Charger,1,462.42,10,416.18,0.0,34.33,450.51,Credit Card,Delivered,Standard,Website,SAVE20,7,,
9916698,714776,2025-09-22,Books,Children's Picture Book,1,21.41,5,20.34,27.99,1.68,50.01,Debit Card,Delivered,Next-Day,Website,SUMMER10,1,5.0,
1895998,309225,2025-09-23,Sports & Outdoors,Insulated Water Bottle,1,280.18,0,280.18,0.0,23.11,303.29,Credit Card,Delivered,Standard,Mobile App,,7,,
3091359,763562,2025-09-23,Clothing,Summer Dress,1,45.87,0,45.87,14.99,4.59,65.45,Credit Card,Delivered,Express,Mobile App,,3,5.0,
2986455,460687,2025-09-23,Pet Supplies,Cat Scratching Post,2,36.18,0,72.36,14.99,4.52,91.87,Credit Card,Delivered,Express,Mobile App,,3,,
2668292,520058,2025-09-23,Toys & Games,Doll House,1,13.39,0,13.39,5.99,1.1,20.48,Google Pay,Delivered,Standard,Mobile App,,7,5.0,
4304999,972701,2025-09-23,Sports & Outdoors,Fishing Rod,1,28.91,25,21.68,5.99,1.3,28.97,Debit Card,Returned,Standard,Website,WELCOME10,7,,Not as Described
6295281,250136,2025-09-23,Clothing,Women's Yoga Pants,2,25.95,15,44.11,5.99,5.73,55.83,Credit Card,Delivered,Standard,Mobile App,FLASH30,7,4.0,
6631946,336051,2025-09-23,Books,Self-Help Guide,2,11.88,0,23.76,5.99,1.48,31.23,Debit Card,Delivered,Standard,Mobile App,,7,5.0,
1535563,581702,2025-09-23,Sports & Outdoors,Camping Tent,3,50.75,0,152.25,0.0,12.56,164.81,Credit Card,Delivered,Standard,Website,,7,3.0,
6187864,158414,2025-09-23,Home & Kitchen,Coffee Maker,2,173.27,0,346.54,0.0,20.79,367.33,Credit Card,Returned,Standard,Mobile App,,7,,Better Price Found
1748093,972701,2025-09-23,Books,Fantasy Trilogy Box Set,3,21.82,5,62.19,5.99,4.04,72.22,Credit Card,Delivered,Standard,Mobile App,FREESHIP,7,4.0,
1562429,552806,2025-09-23,Home & Kitchen,LED Desk Lamp,1,98.81,0,98.81,12.99,8.15,119.95,Debit Card,Delivered,Express,Website,,3,5.0,
3628311,476035,2025-09-23,Electronics,Streaming Media Player,1,123.91,0,123.91,12.99,7.43,144.33,Credit Card,Shipped,Express,Marketplace,,3,,
5316279,139381,2025-09-24,Beauty & Personal Care,Skincare Gift Set,4,80.49,30,225.37,12.99,14.09,252.45,Debit Card,Delivered,Express,Website,WELCOME10,3,5.0,
9612847,827168,2025-09-24,Sports & Outdoors,Fitness Tracker Watch,1,69.76,0,69.76,5.99,4.19,79.94,Credit Card,Delivered,Standard,Mobile App,,7,5.0,
7441681,929407,2025-09-24,Books,Historical Biography,1,19.44,0,19.44,0.0,1.6,21.04,PayPal,Delivered,Free Pickup,Website,,0,3.0,
6112517,212415,2025-09-24,Beauty & Personal Care,Vitamin C Serum,1,21.11,0,21.11,14.99,1.27,37.37,Credit Card,Returned,Express,Marketplace,,3,,Arrived Late
6125687,570217,2025-09-24,Home & Kitchen,Cutlery Set,2,59.88,0,119.76,0.0,9.58,129.34,Credit Card,Delivered,Standard,Mobile App,,7,,
5772822,206905,2025-09-24,Home & Kitchen,LED Desk Lamp,2,114.29,0,228.58,0.0,29.72,258.3,Credit Card,Delivered,Standard,Website,,7,5.0,
3059454,594225,2025-09-24,Electronics,Mechanical Keyboard,1,333.56,0,333.56,12.99,20.01,366.56,PayPal,Delivered,Express,Website,,3,2.0,
6952730,619405,2025-09-25,Pet Supplies,Pet Food Bowl Set,1,38.53,20,30.82,5.99,6.16,42.97,Credit Card,Delivered,Standard,Website,FREESHIP,7,3.0,
5441942,933183,2025-09-25,Pet Supplies,Aquarium Filter,4,29.9,30,83.72,0.0,5.02,88.74,Apple Pay,Returned,Standard,Mobile App,VIP15,7,,Better Price Found
8497050,222847,2025-09-25,Beauty & Personal Care,Perfume,3,42.09,5,119.96,0.0,7.2,127.16,PayPal,Delivered,Standard,Website,SAVE20,7,4.0,
4347895,557252,2025-09-25,Home & Kitchen,Coffee Maker,1,158.13,0,158.13,24.99,31.63,214.75,PayPal,Cancelled,Next-Day,Website,,1,,
6338768,207727,2025-09-25,Home & Kitchen,Memory Foam Pillow,2,85.22,0,170.44,0.0,14.06,184.5,Credit Card,Delivered,,Website,,7,,
6583964,969852,2025-09-25,Clothing,Slim Fit Jeans,4,51.62,0,206.48,0.0,12.39,218.87,Apple Pay,Delivered,Free Pickup,Mobile App,,0,,
8202577,359971,2025-09-26,Electronics,Streaming Media Player,2,1053.7,0,2107.4,0.0,173.86,2281.26,Gift Card,Cancelled,Standard,Mobile App,,7,,
2810683,992549,2025-09-26,Sports & Outdoors,Fishing Rod,3,148.19,0,444.57,12.99,36.68,494.24,Google Pay,Delivered,Express,Mobile App,,3,,
6332073,216808,2025-09-26,Books,Science Fiction Epic,1,15.69,0,15.69,5.99,0.94,22.62,Credit Card,Delivered,Standard,Mobile App,,7,4.0,
1268020,598248,2025-09-26,Office Supplies,Desk Organizer,1,53.75,0,53.75,0.0,3.22,56.97,Apple Pay,Delivered,Free Pickup,Website,,0,4.0,
1278193,826264,2025-09-26,Grocery,Extra Virgin Olive Oil,2,4.78,0,9.56,5.99,0.76,16.31,Apple Pay,Delivered,Standard,Marketplace,,7,,
5898912,659481,2025-09-26,Home & Kitchen,Air Fryer,1,66.21,0,66.21,5.99,13.24,85.44,Credit Card,Delivered,Standard,Mobile App,,7,4.0,
3595119,282095,2025-09-26,Beauty & Personal Care,Skincare Gift Set,4,10.69,0,42.76,14.99,2.57,60.32,Credit Card,Delivered,Express,Mobile App,,3,,
4971593,104773,2025-09-26,Clothing,Rain Jacket,1,68.24,25,51.18,14.99,3.07,69.24,PayPal,Delivered,Express,Mobile App,WELCOME10,3,4.0,
9237789,897111,2025-09-26,Grocery,Honey Jar,6,13.29,0,79.74,12.99,15.95,108.68,Credit Card,Processing,Express,Mobile App,,3,,
1114494,151500,2025-09-26,Clothing,Women's Yoga Pants,1,67.02,0,67.02,0.0,4.02,71.04,Credit Card,Delivered,Free Pickup,Mobile App,,0,3.0,
7903203,401813,2025-09-26,Grocery,Granola Cereal,5,26.53,0,132.65,0.0,8.29,140.94,Google Pay,Cancelled,Standard,Mobile App,,7,,
3335688,903815,2025-09-26,Beauty & Personal Care,Sunscreen SPF50,1,17.41,0,17.41,5.99,1.13,24.53,Debit Card,Delivered,Standard,Website,,7,4.0,
9720441,378752,2025-09-26,Office Supplies,Ballpoint Pen Pack,2,95.57,0,191.14,0.0,11.95,203.09,Credit Card,Cancelled,Standard,Mobile App,,7,,
4258642,981939,2025-09-27,Electronics,Smartphone Case,3,362.85,0,1088.55,0.0,65.31,1153.86,Debit Card,Delivered,Standard,Website,,7,4.0,
4373005,704552,2025-09-27,Electronics,Wireless Earbuds,1,558.42,5,530.5,0.0,43.77,574.27,Debit Card,Delivered,Standard,Website,SAVE20,7,5.0,
1950458,198172,2025-09-27,Books,Self-Help Guide,1,6.67,0,6.67,5.99,0.4,13.06,Google Pay,Delivered,Standard,Website,,7,4.0,
4067812,806986,2025-09-27,Clothing,Summer Dress,4,28.77,0,115.08,12.99,9.21,137.28,Credit Card,Returned,Express,Website,,3,,Not as Described
2951705,868770,2025-09-27,Beauty & Personal Care,Perfume,5,26.32,0,131.6,0.0,7.9,139.5,Debit Card,Delivered,Standard,Marketplace,,7,5.0,
7626561,529534,2025-09-27,Electronics,Wireless Mouse,2,462.11,0,924.22,12.99,147.88,1085.09,Google Pay,Delivered,Express,Mobile App,,3,4.0,
9657124,856758,2025-09-27,Toys & Games,Doll House,1,10.03,0,10.03,0.0,0.6,10.63,Google Pay,Returned,Free Pickup,Website,,0,,Better Price Found
8063250,821498,2025-09-27,Clothing,Rain Jacket,1,14.2,0,14.2,5.99,0.0,20.19,Debit Card,Delivered,Standard,Website,,7,,
6913898,282050,2025-09-28,Clothing,Men's Denim Jacket,3,106.27,0,318.81,24.99,26.3,370.1,PayPal,Delivered,Next-Day,Website,,1,4.0,
2029215,628425,2025-09-28,Electronics,Portable Charger,3,344.99,0,1034.97,0.0,85.39,1120.36,PayPal,Delivered,Standard,Website,,7,3.0,
3736080,206604,2025-09-28,Home & Kitchen,LED Desk Lamp,3,350.0,0,1050.0,0.0,63.0,1113.0,Credit Card,Delivered,Standard,Mobile App,,7,5.0,
4835139,675360,2025-09-28,Toys & Games,Remote Control Car,2,73.86,0,147.72,12.99,8.86,169.57,Credit Card,Processing,Express,Marketplace,,3,,
5522077,187415,2025-09-28,Electronics,Smartphone Case,1,1200.0,30,840.0,0.0,50.4,890.4,Credit Card,Returned,Standard,Website,HOLIDAY25,7,,Better Price Found
9915369,678032,2025-09-28,Sports & Outdoors,Camping Tent,1,78.06,0,78.06,0.0,6.44,84.5,Credit Card,Delivered,Standard,Mobile App,,7,4.0,
7885996,476035,2025-09-28,Electronics,Wireless Mouse,2,311.13,0,622.26,0.0,37.34,659.6,Credit Card,Returned,Standard,Website,,7,,Better Price Found
6556904,316724,2025-09-28,Electronics,Wireless Mouse,2,96.44,20,154.3,0.0,10.03,164.33,Gift Card,Delivered,Standard,Mobile App,VIP15,7,1.0,
3785676,501971,2025-09-28,Electronics,Portable Charger,1,204.68,30,143.28,0.0,9.31,152.59,Credit Card,Delivered,Free Pickup,Marketplace,FLASH30,0,4.0,
5419262,602801,2025-09-28,Sports & Outdoors,Mountain Bike Helmet,3,154.69,20,371.26,24.99,24.13,420.38,Google Pay,Shipped,Next-Day,Website,FLASH30,1,,
7154619,823673,2025-09-28,Home & Kitchen,Vacuum Cleaner,1,124.79,0,124.79,12.99,24.96,162.74,Debit Card,Delivered,Express,Website,,3,,
1726672,573736,2025-09-28,Beauty & Personal Care,Sunscreen SPF50,4,95.0,0,380.0,12.99,22.8,415.79,Credit Card,Returned,Express,Marketplace,,3,,Defective Item
2767026,263269,2025-09-28,Home & Kitchen,Non-Stick Frying Pan,2,167.56,0,335.12,0.0,20.11,355.23,Debit Card,Delivered,Standard,Website,,7,3.0,
5640024,233306,2025-09-28,Home & Kitchen,Stand Mixer,1,53.21,0,53.21,5.99,3.19,62.39,Credit Card,Delivered,Standard,Mobile App,,7,4.0,
9036019,384588,2025-09-28,Toys & Games,Board Game Classic,1,36.4,0,36.4,27.99,2.18,66.57,Apple Pay,Delivered,Next-Day,Mobile App,,1,4.0,
6456604,804118,2025-09-29,Clothing,Summer Dress,4,36.76,0,147.04,12.99,27.94,187.97,Gift Card,Delivered,Express,Website,,3,,
3962179,320359,2025-09-29,Beauty & Personal Care,Electric Toothbrush,2,47.55,0,95.1,0.0,6.18,101.28,Credit Card,Returned,Standard,Website,,7,,Not as Described
4109007,899817,2025-09-29,Clothing,Running Shoes,1,85.51,25,64.13,14.99,4.01,83.13,Debit Card,Delivered,Express,Website,FREESHIP,3,5.0,
3990476,933183,2025-09-29,Home & Kitchen,LED Desk Lamp,1,83.14,10,74.83,5.99,4.49,85.31,Debit Card,Delivered,Standard,Website,VIP15,7,,
9202970,475043,2025-09-29,Toys & Games,Card Game Deck,1,31.03,0,31.03,14.99,2.02,48.04,Debit Card,Returned,Express,Mobile App,,3,,Changed Mind
3712609,821498,2025-09-29,Clothing,Winter Parka,1,37.67,0,37.67,27.99,2.26,67.92,Debit Card,Cancelled,Next-Day,Mobile App,,1,,
4437703,320359,2025-09-29,Books,Self-Help Guide,3,9.28,10,25.06,5.99,1.5,32.55,PayPal,Delivered,Standard,Website,WELCOME10,7,5.0,
4145698,850003,2025-09-29,Toys & Games,Remote Control Car,3,15.33,0,45.99,5.99,0.0,51.98,Credit Card,Delivered,Standard,Marketplace,,7,5.0,
2898392,581702,2025-09-29,Electronics,Smartphone Case,1,201.01,0,201.01,12.99,26.13,240.13,Debit Card,Delivered,Express,Marketplace,,3,3.0,
9226350,804118,2025-09-29,Beauty & Personal Care,Perfume,1,38.05,0,38.05,5.99,3.14,47.18,PayPal,Delivered,Standard,Mobile App,,7,5.0,
6042394,501971,2025-09-29,Home & Kitchen,Coffee Maker,1,160.17,20,128.14,12.99,7.69,148.82,Debit Card,Delivered,Express,Mobile App,WELCOME10,3,5.0,
7891027,630731,2025-09-30,Electronics,Wireless Mouse,1,249.06,0,249.06,0.0,14.94,264.0,Credit Card,Delivered,Standard,Website,,7,,
2096048,116043,2025-09-30,Home & Kitchen,Cotton Bed Sheets,1,115.96,25,86.97,0.0,5.22,92.19,PayPal,Delivered,Standard,Website,FLASH30,7,5.0,
6465626,185715,2025-09-30,Office Supplies,Whiteboard,2,39.57,0,79.14,0.0,0.0,79.14,Debit Card,Delivered,Standard,Marketplace,,7,,
8857819,529534,2025-09-30,Clothing,Slim Fit Jeans,2,28.93,0,57.86,0.0,3.62,61.48,Credit Card,Delivered,Free Pickup,Mobile App,,0,5.0,
3317714,529534,2025-09-30,Home & Kitchen,Ceramic Dinnerware Set,1,48.89,25,36.67,14.99,2.29,53.95,Credit Card,Delivered,Express,Mobile App,SUMMER10,3,5.0,
7612553,820543,2025-09-30,Electronics,Streaming Media Player,1,333.27,0,333.27,0.0,20.0,353.27,Credit Card,Cancelled,Free Pickup,Website,,0,,
6907615,258986,2025-09-30,Electronics,Mechanical Keyboard,1,575.55,0,575.55,0.0,34.53,610.08,Debit Card,Delivered,Standard,Website,,7,,
8642990,807143,2025-10-01,Books,Personal Finance 101,3,38.64,0,115.92,12.99,7.53,136.44,PayPal,Delivered,Express,Website,,3,,
3437970,614147,2025-10-01,Beauty & Personal Care,Skincare Gift Set,3,70.12,0,210.36,0.0,17.35,227.71,Gift Card,Delivered,Free Pickup,Mobile App,,0,5.0,
4467804,715917,2025-10-01,Electronics,Wireless Mouse,1,427.07,0,427.07,12.99,27.76,467.82,Google Pay,Returned,Express,Website,,3,,Arrived Late
8160738,205361,2025-10-01,Electronics,Laptop Stand,1,231.06,0,231.06,0.0,18.48,249.54,Credit Card,Delivered,Standard,Mobile App,,7,,
5735368,490347,2025-10-01,Clothing,Slim Fit Jeans,4,180.0,0,720.0,12.99,43.2,776.19,PayPal,Delivered,Express,Website,,3,,
3831721,964105,2025-10-01,Clothing,Cotton T-Shirt,3,74.51,0,223.53,0.0,18.44,241.97,Debit Card,Delivered,Standard,Marketplace,,7,5.0,
4387732,931819,2025-10-01,Books,Fantasy Trilogy Box Set,4,9.28,0,37.12,5.99,2.23,45.34,Credit Card,Delivered,Standard,Mobile App,,7,,
3379211,731788,2025-10-01,Clothing,Winter Parka,4,32.13,0,128.52,0.0,8.03,136.55,PayPal,Delivered,Standard,Mobile App,,7,,
4343859,385214,2025-10-01,Home & Kitchen,Cotton Bed Sheets,2,159.12,20,254.59,24.99,15.91,295.49,Credit Card,Returned,Next-Day,Mobile App,FLASH30,1,,Changed Mind
1639177,276672,2025-10-01,Home & Kitchen,Stand Mixer,2,102.81,20,164.5,0.0,10.28,174.78,Debit Card,Returned,Standard,Marketplace,SUMMER10,7,,Better Price Found
8283978,424619,2025-10-02,Books,Cookbook: Weeknight Dinners,1,15.94,0,15.94,5.99,0.96,22.89,Debit Card,Delivered,Standard,Website,,7,5.0,
9952114,139108,2025-10-02,Beauty & Personal Care,Hair Dryer,5,16.0,0,80.0,0.0,0.0,80.0,Debit Card,Delivered,Standard,Website,,7,4.0,
2571380,806683,2025-10-02,Sports & Outdoors,Yoga Mat,4,32.53,0,130.12,12.99,10.41,153.52,Google Pay,Delivered,Express,Website,,3,,
2476477,515463,2025-10-02,Home & Kitchen,Stand Mixer,1,38.55,30,26.98,5.99,1.69,34.66,Credit Card,Delivered,Standard,Marketplace,SUMMER10,7,,
3088222,761074,2025-10-02,Toys & Games,Action Figure,2,30.86,0,61.72,5.99,4.94,72.65,PayPal,Delivered,Standard,Website,,7,2.0,
3669813,385214,2025-10-02,Toys & Games,Outdoor Water Blaster,1,25.01,0,25.01,5.99,1.5,32.5,PayPal,Delivered,Standard,Website,,7,5.0,
3422842,787831,2025-10-02,Clothing,Summer Dress,1,52.91,0,52.91,5.99,3.17,62.07,Apple Pay,Delivered,Standard,Mobile App,,7,3.0,
3480005,696461,2025-10-02,Home & Kitchen,Non-Stick Frying Pan,3,142.64,0,427.92,0.0,26.74,454.66,Credit Card,Delivered,Standard,Website,,7,,
2056254,374219,2025-10-02,Beauty & Personal Care,Skincare Gift Set,2,18.47,0,36.94,5.99,3.05,45.98,Credit Card,Delivered,Standard,Website,,7,4.0,
5859473,729597,2025-10-02,Toys & Games,Board Game Classic,1,31.69,15,26.94,5.99,2.22,35.15,PayPal,Delivered,Standard,Mobile App,SUMMER10,7,,
9993016,545164,2025-10-02,Sports & Outdoors,Fitness Tracker Watch,1,93.81,0,93.81,0.0,5.63,99.44,PayPal,Delivered,Standard,Marketplace,,7,4.0,
8689746,678850,2025-10-02,Beauty & Personal Care,Vitamin C Serum,2,16.55,0,33.1,14.99,3.31,51.4,PayPal,Delivered,Express,Marketplace,,3,3.0,
4723133,964105,2025-10-02,Beauty & Personal Care,Electric Razor,3,16.06,0,48.18,5.99,2.89,57.06,Credit Card,Delivered,Standard,Mobile App,,7,5.0,
5311978,404777,2025-10-03,Clothing,Rain Jacket,2,94.66,0,189.32,0.0,11.83,201.15,Credit Card,Delivered,Standard,Mobile App,,7,4.0,
8200137,504905,2025-10-03,Grocery,Pasta Variety Pack,2,55.0,0,110.0,0.0,6.6,116.6,Debit Card,Delivered,Standard,Mobile App,,7,5.0,
3585904,557252,2025-10-03,Sports & Outdoors,Hiking Backpack,1,153.43,0,153.43,0.0,9.21,162.64,Debit Card,Delivered,Standard,Website,,7,,
4799734,670693,2025-10-03,Beauty & Personal Care,Electric Razor,2,27.49,0,54.98,14.99,3.3,73.27,Credit Card,Delivered,Express,Marketplace,,3,,
5874527,698930,2025-10-03,Beauty & Personal Care,Perfume,2,15.76,0,31.52,5.99,2.6,40.11,Apple Pay,Returned,Standard,Mobile App,,7,,Arrived Late
2175309,711151,2025-10-03,Clothing,Men's Denim Jacket,1,59.89,0,59.89,14.99,3.59,78.47,PayPal,Delivered,Express,Mobile App,,3,4.0,
8748698,672388,2025-10-03,Books,Mystery Novel,1,12.55,0,12.55,5.99,0.75,19.29,Google Pay,Delivered,Standard,Website,,7,4.0,
9190230,475043,2025-10-03,Beauty & Personal Care,Vitamin C Serum,1,8.41,0,8.41,5.99,0.5,14.9,Apple Pay,Delivered,Standard,Mobile App,,7,5.0,
2090055,955861,2025-10-03,Office Supplies,Label Maker,3,14.8,0,44.4,5.99,3.66,54.05,Credit Card,Cancelled,Standard,Website,,7,,
4336019,976980,2025-10-03,Home & Kitchen,Non-Stick Frying Pan,1,53.45,0,53.45,5.99,3.21,62.65,Credit Card,Delivered,Standard,Marketplace,,7,5.0,
6183732,131620,2025-10-03,Beauty & Personal Care,Makeup Palette,4,47.9,0,191.6,12.99,11.98,216.57,Debit Card,Delivered,Express,Mobile App,,3,4.0,
7026010,997140,2025-10-03,Electronics,Laptop Stand,1,1009.69,15,858.24,0.0,68.66,926.9,Credit Card,Delivered,Standard,Website,SAVE20,7,5.0,
5349995,773540,2025-10-04,Toys & Games,Puzzle 1000pc,1,15.3,0,15.3,5.99,0.96,22.25,Credit Card,Delivered,Standard,Mobile App,,7,5.0,
4714075,932843,2025-10-04,Sports & Outdoors,Basketball,1,95.78,10,86.2,12.99,5.17,104.36,Credit Card,Cancelled,Express,Website,FREESHIP,3,,
4034087,510515,2025-10-04,Electronics,4K Smart TV,3,1073.33,0,3219.99,12.99,644.0,3876.98,,Delivered,Express,Mobile App,,3,2.0,
4606878,809484,2025-10-04,Clothing,Summer Dress,1,29.8,0,29.8,5.99,1.86,37.65,Apple Pay,Delivered,Standard,Website,,7,,
2003006,678850,2025-10-04,Home & Kitchen,LED Desk Lamp,2,144.45,0,288.9,0.0,46.22,335.12,Credit Card,Delivered,Standard,Website,,7,,
1657173,352288,2025-10-04,Grocery,Green Tea Bags,3,14.3,0,42.9,14.99,2.57,60.46,PayPal,Delivered,Express,Mobile App,,3,5.0,
4787488,554360,2025-10-04,Toys & Games,Action Figure,1,83.9,30,58.73,5.99,3.52,68.24,Credit Card,Returned,Standard,Website,WELCOME10,7,,Defective Item
3578486,488273,2025-10-04,Sports & Outdoors,Camping Tent,2,203.8,0,407.6,0.0,33.63,441.23,Credit Card,Cancelled,Free Pickup,Mobile App,,0,,
7817634,709428,2025-10-04,Pet Supplies,Pet Food Bowl Set,2,79.61,0,159.22,12.99,9.55,181.76,Debit Card,Cancelled,Express,Mobile App,,3,,
6775317,309256,2025-10-05,Pet Supplies,Dog Bed,3,35.33,0,105.99,0.0,6.36,112.35,PayPal,Delivered,Standard,Website,,7,,
2865077,972701,2025-10-05,Books,Mystery Novel,2,13.67,30,19.14,5.99,1.15,26.28,Debit Card,Delivered,Standard,Website,WELCOME10,7,5.0,
4438493,206905,2025-10-05,Books,Children's Picture Book,1,36.94,15,31.4,5.99,0.0,37.39,Google Pay,Delivered,Standard,Website,WELCOME10,7,,
3221155,974063,2025-10-05,Toys & Games,Card Game Deck,1,30.79,0,30.79,5.99,1.85,38.63,Debit Card,Returned,Standard,Marketplace,,7,,Arrived Late
6936686,177411,2025-10-05,Grocery,Mixed Nuts Pack,2,11.76,15,19.99,5.99,1.6,27.58,PayPal,Delivered,Standard,Website,SAVE20,7,4.0,
3166996,197643,2025-10-05,Beauty & Personal Care,Electric Toothbrush,1,20.89,0,20.89,14.99,1.25,37.13,Debit Card,Delivered,Express,Mobile App,,3,,
5557754,157373,2025-10-05,Home & Kitchen,Air Fryer,1,226.76,25,170.07,12.99,13.61,196.67,Gift Card,Delivered,Express,Mobile App,WELCOME10,3,5.0,
2777237,525803,2025-10-05,Clothing,Women's Yoga Pants,4,43.99,0,175.96,0.0,10.56,186.52,PayPal,Delivered,Standard,Mobile App,,7,3.0,
1180047,804118,2025-10-05,Sports & Outdoors,Resistance Bands Set,2,98.72,30,138.21,0.0,11.06,149.27,Credit Card,Delivered,Free Pickup,Website,FLASH30,0,4.0,
2981875,248900,2025-10-05,Clothing,Cotton T-Shirt,1,35.22,0,35.22,14.99,2.11,52.32,Debit Card,Returned,Express,Website,,3,,Defective Item
1879225,385326,2025-10-05,Sports & Outdoors,Basketball,1,109.24,0,109.24,12.99,6.55,128.78,PayPal,Delivered,Express,Mobile App,,3,5.0,
7739517,365762,2025-10-05,Toys & Games,Puzzle 1000pc,1,46.18,0,46.18,14.99,2.77,63.94,Apple Pay,Delivered,Express,Mobile App,,3,5.0,
2761756,774402,2025-10-05,Clothing,Men's Denim Jacket,1,31.38,0,31.38,5.99,1.88,39.25,Google Pay,Shipped,Standard,Website,,7,,
9936092,352288,2025-10-05,Books,Children's Picture Book,6,9.99,0,59.94,27.99,0.0,87.93,Apple Pay,Delivered,Next-Day,Marketplace,,1,5.0,
3918136,841804,2025-10-06,Clothing,Cotton T-Shirt,1,54.01,0,54.01,5.99,3.24,63.24,Apple Pay,Delivered,Standard,Mobile App,,7,3.0,
2307465,355903,2025-10-06,Home & Kitchen,LED Desk Lamp,1,122.47,0,122.47,0.0,7.35,129.82,PayPal,Cancelled,Standard,Website,,7,,
5958906,515463,2025-10-06,Grocery,Mixed Nuts Pack,2,14.5,0,29.0,27.99,2.39,59.38,Credit Card,Delivered,Next-Day,Website,,1,5.0,
6851657,698930,2025-10-06,Sports & Outdoors,Fitness Tracker Watch,1,263.01,0,263.01,0.0,16.44,279.45,Debit Card,Cancelled,Free Pickup,Website,,0,,
5039564,622527,2025-10-06,Clothing,Cotton T-Shirt,1,42.65,0,42.65,5.99,3.52,52.16,PayPal,Delivered,Standard,Website,,7,3.0,
2428087,471106,2025-10-06,Home & Kitchen,Stand Mixer,1,72.64,0,72.64,5.99,4.54,83.17,,Delivered,Standard,Marketplace,,7,4.0,
1596648,321653,2025-10-06,Home & Kitchen,Non-Stick Frying Pan,1,218.5,0,218.5,0.0,13.66,232.16,Credit Card,Delivered,Standard,Website,,7,3.0,
1941729,120421,2025-10-06,Office Supplies,Whiteboard,6,41.51,30,174.34,0.0,10.46,184.8,PayPal,Delivered,Free Pickup,Website,HOLIDAY25,0,4.0,
6534745,763562,2025-10-06,Sports & Outdoors,Hiking Backpack,1,49.76,0,49.76,14.99,3.23,67.98,Credit Card,Delivered,Express,Mobile App,,3,3.0,
2465002,515463,2025-10-06,Office Supplies,Desk Organizer,3,165.09,0,495.27,12.99,29.72,537.98,Credit Card,Cancelled,Express,Website,,3,,
2950652,926740,2025-10-06,Clothing,Men's Denim Jacket,1,43.37,0,43.37,5.99,3.47,52.83,Credit Card,Delivered,Standard,Marketplace,,7,,
4311868,729750,2025-10-06,Beauty & Personal Care,Sunscreen SPF50,1,69.68,20,55.74,0.0,0.0,55.74,Debit Card,Delivered,Free Pickup,Website,VIP15,0,5.0,
5622202,615198,2025-10-06,Pet Supplies,Aquarium Filter,1,150.0,0,150.0,12.99,9.38,172.37,Debit Card,Delivered,Express,Website,,3,,
1318505,670537,2025-10-06,Electronics,Bluetooth Speaker,1,184.35,0,184.35,0.0,11.52,195.87,Credit Card,Returned,Standard,Website,,7,,Wrong Size
6672963,999753,2025-10-06,Books,Poetry Collection,2,33.53,15,57.0,14.99,11.4,83.39,Credit Card,Delivered,Express,Mobile App,SAVE20,3,,
5959303,622523,2025-10-06,Sports & Outdoors,Insulated Water Bottle,1,100.73,0,100.73,0.0,10.07,110.8,Credit Card,Delivered,Standard,Mobile App,,7,5.0,
6997758,895645,2025-10-06,Sports & Outdoors,Insulated Water Bottle,4,57.95,15,197.03,0.0,11.82,208.85,Credit Card,Delivered,Standard,Marketplace,HOLIDAY25,7,,
4716652,764214,2025-10-06,Grocery,Protein Bar Box,4,10.41,0,41.64,27.99,2.5,72.13,Debit Card,Delivered,Next-Day,Website,,1,5.0,
1343791,964937,2025-10-07,Books,Self-Help Guide,2,17.28,0,34.56,5.99,2.07,42.62,Debit Card,Delivered,Standard,Website,,7,5.0,
6819390,663408,2025-10-07,Beauty & Personal Care,Perfume,2,59.72,0,119.44,24.99,9.56,153.99,Credit Card,Delivered,Next-Day,Mobile App,,1,3.0,
7315001,816444,2025-10-07,Books,Graphic Novel,3,16.34,30,34.31,27.99,2.06,64.36,Debit Card,Delivered,Next-Day,Marketplace,FREESHIP,1,,
8107869,697772,2025-10-07,Electronics,Laptop Stand,1,308.94,0,308.94,0.0,19.31,328.25,Credit Card,Delivered,Standard,Mobile App,,7,,
8568991,549826,2025-10-07,Home & Kitchen,LED Desk Lamp,2,46.04,0,92.08,24.99,5.52,122.59,Credit Card,Delivered,Next-Day,Marketplace,,1,5.0,
2657051,547541,2025-10-07,Books,Personal Finance 101,1,20.65,0,20.65,5.99,1.24,27.88,Debit Card,Delivered,Standard,Marketplace,,7,5.0,
9776678,625244,2025-10-07,Grocery,Honey Jar,7,11.4,0,79.8,12.99,10.37,103.16,Credit Card,Processing,Express,Mobile App,,3,,
4179836,412449,2025-10-07,Electronics,Noise-Cancelling Headphones,1,431.67,0,431.67,12.99,25.9,470.56,Debit Card,Returned,Express,Mobile App,,3,,Arrived Late
9400584,476547,2025-10-08,Sports & Outdoors,Insulated Water Bottle,1,30.59,0,30.59,27.99,1.84,60.42,Credit Card,Delivered,Next-Day,Mobile App,,1,,
5368375,550528,2025-10-08,Clothing,Women's Yoga Pants,3,21.04,10,56.81,5.99,3.55,66.35,Gift Card,Delivered,Standard,Website,FLASH30,7,,
8361298,236288,2025-10-08,Clothing,Slim Fit Jeans,1,41.95,0,41.95,14.99,2.52,59.46,PayPal,Delivered,Express,Mobile App,,3,4.0,
9057875,686576,2025-10-08,Home & Kitchen,Coffee Maker,1,264.51,20,211.61,0.0,42.32,253.93,Credit Card,Delivered,Standard,Mobile App,WELCOME10,7,5.0,
7594037,885352,2025-10-08,Clothing,Rain Jacket,1,29.76,0,29.76,0.0,5.95,35.71,Credit Card,Returned,Free Pickup,Website,,0,,Not as Described
6110831,771609,2025-10-08,Grocery,Sparkling Water Case,3,35.42,0,106.26,12.99,6.91,126.16,Credit Card,Delivered,Express,Website,,3,2.0,
3569199,557252,2025-10-08,Electronics,Laptop Stand,3,83.5,5,237.98,12.99,19.04,270.01,Gift Card,Delivered,Express,Website,FLASH30,3,5.0,
4384785,549826,2025-10-08,Sports & Outdoors,Fitness Tracker Watch,1,42.74,0,42.74,5.99,8.55,57.28,PayPal,Delivered,Standard,Website,,7,,
1710266,392938,2025-10-08,Beauty & Personal Care,Makeup Palette,1,11.49,0,11.49,5.99,0.69,18.17,,Delivered,Standard,Website,,7,2.0,
6949726,218921,2025-10-08,Clothing,Winter Parka,2,53.57,0,107.14,0.0,8.57,115.71,PayPal,Delivered,Standard,Mobile App,,7,3.0,
6877945,493034,2025-10-08,Home & Kitchen,Air Fryer,1,237.13,5,225.27,0.0,13.52,238.79,Debit Card,Returned,Standard,Mobile App,HOLIDAY25,7,,Wrong Size
7097478,639465,2025-10-09,Clothing,Summer Dress,5,44.73,30,156.55,12.99,9.39,178.93,PayPal,Delivered,Express,Website,HOLIDAY25,3,,
1147414,512617,2025-10-09,Clothing,Slim Fit Jeans,1,76.11,5,72.3,14.99,4.52,91.81,Credit Card,Delivered,Express,Website,SUMMER10,3,5.0,
6438951,110880,2025-10-09,Clothing,Running Shoes,2,66.65,0,133.3,0.0,11.0,144.3,Credit Card,Delivered,Standard,Mobile App,,7,5.0,
7239895,788240,2025-10-09,Home & Kitchen,Coffee Maker,1,33.21,0,33.21,14.99,1.99,50.19,Debit Card,Delivered,,Website,,3,4.0,
4998932,525803,2025-10-09,Beauty & Personal Care,Electric Razor,4,7.1,0,28.4,5.99,2.27,36.66,Gift Card,Cancelled,Standard,Marketplace,,7,,
7434464,670537,2025-10-09,Beauty & Personal Care,Hair Dryer,2,27.96,0,55.92,14.99,3.36,74.27,Credit Card,Delivered,Express,Mobile App,,3,5.0,
7594119,625244,2025-10-09,Electronics,Smartphone Case,1,435.05,0,435.05,0.0,0.0,435.05,Credit Card,Delivered,Standard,Mobile App,,7,3.0,
3921511,104886,2025-10-09,Sports & Outdoors,Basketball,3,121.04,0,363.12,0.0,47.21,410.33,Gift Card,Delivered,Free Pickup,Website,,0,4.0,
9381608,716918,2025-10-10,Toys & Games,Board Game Classic,3,18.05,0,54.15,5.99,4.47,64.61,Debit Card,Returned,Standard,Marketplace,,7,,Changed Mind
4250103,151500,2025-10-10,Clothing,Running Shoes,1,22.4,0,22.4,14.99,2.91,40.3,Credit Card,Delivered,Express,Website,,3,,
5167443,814732,2025-10-10,Home & Kitchen,LED Desk Lamp,2,143.37,0,286.74,0.0,17.2,303.94,Gift Card,Returned,Standard,Mobile App,,7,,Defective Item
6019965,628425,2025-10-10,Beauty & Personal Care,Electric Toothbrush,7,32.04,15,190.64,0.0,11.44,202.08,Debit Card,Delivered,Standard,Website,SAVE20,7,,
7812159,981939,2025-10-10,Toys & Games,Doll House,1,16.67,0,16.67,5.99,1.38,24.04,Debit Card,Delivered,Standard,Marketplace,,7,,
7157931,831901,2025-10-10,Toys & Games,Plush Teddy Bear,1,33.89,0,33.89,14.99,2.03,50.91,Gift Card,Delivered,Express,Mobile App,,3,1.0,
2333994,122576,2025-10-10,Sports & Outdoors,Fitness Tracker Watch,1,212.28,0,212.28,12.99,17.51,242.78,Credit Card,Delivered,Express,Marketplace,,3,,
6148674,972701,2025-10-10,Electronics,Wireless Earbuds,2,238.59,0,477.18,12.99,39.37,529.54,Credit Card,Delivered,Express,Website,,3,,
2820603,999753,2025-10-10,Beauty & Personal Care,Shampoo & Conditioner Set,3,6.83,0,20.49,5.99,1.28,27.76,Apple Pay,Returned,Standard,Marketplace,,7,,Defective Item
9876125,195440,2025-10-10,Sports & Outdoors,Hiking Backpack,1,47.92,10,43.13,27.99,2.59,73.71,Google Pay,Delivered,Next-Day,Website,FREESHIP,1,5.0,
8462705,408056,2025-10-10,Grocery,Pasta Variety Pack,2,7.36,15,12.51,5.99,1.03,19.53,PayPal,Delivered,Standard,Website,SAVE20,7,4.0,
9631975,545164,2025-10-11,Toys & Games,Board Game Classic,1,31.24,0,31.24,14.99,2.58,48.81,Debit Card,Delivered,Express,Website,,3,,
6907148,339071,2025-10-11,Sports & Outdoors,Adjustable Dumbbell Set,1,13.85,0,13.85,5.99,1.14,20.98,Debit Card,Cancelled,Standard,Website,,7,,
4646297,712536,2025-10-11,Grocery,Granola Cereal,2,14.26,0,28.52,5.99,1.71,36.22,PayPal,Delivered,Standard,Website,,7,,
3132764,321653,2025-10-11,Clothing,Baseball Cap,1,99.94,0,99.94,0.0,8.25,108.19,Debit Card,Delivered,Standard,Website,,7,5.0,
8216379,236238,2025-10-11,Electronics,Wireless Earbuds,3,455.21,15,1160.79,0.0,69.65,1230.44,PayPal,Delivered,Standard,Website,SUMMER10,7,3.0,
9902128,923790,2025-10-11,Grocery,Green Tea Bags,3,54.82,0,164.46,0.0,31.25,195.71,Credit Card,Delivered,Free Pickup,Marketplace,,0,5.0,
7696663,248547,2025-10-12,Home & Kitchen,Non-Stick Frying Pan,2,175.77,0,351.54,0.0,21.97,373.51,Apple Pay,Delivered,Standard,Mobile App,,7,5.0,
5349197,615198,2025-10-12,Home & Kitchen,Stand Mixer,1,226.25,0,226.25,24.99,14.14,265.38,Debit Card,Delivered,Next-Day,Website,,1,,
5019091,138889,2025-10-12,Home & Kitchen,Cotton Bed Sheets,3,196.16,0,588.48,0.0,38.25,626.73,PayPal,Delivered,Standard,Website,,7,3.0,
5372837,769586,2025-10-12,Sports & Outdoors,Fishing Rod,2,110.0,0,220.0,0.0,28.6,248.6,PayPal,Returned,Standard,Website,,7,,Not as Described
4891444,806986,2025-10-12,Electronics,Smartphone Case,1,504.02,0,504.02,0.0,30.24,534.26,Credit Card,Cancelled,Standard,Mobile App,,7,,
1785275,181067,2025-10-12,Sports & Outdoors,Fishing Rod,1,92.54,0,92.54,0.0,5.55,98.09,PayPal,Delivered,Standard,Mobile App,,7,4.0,
7675590,789391,2025-10-12,Beauty & Personal Care,Vitamin C Serum,2,45.45,5,86.36,0.0,5.18,91.54,Credit Card,Delivered,Standard,Website,SAVE20,7,5.0,
7097437,388496,2025-10-12,Toys & Games,Puzzle 1000pc,2,23.74,0,47.48,5.99,2.85,56.32,Credit Card,Delivered,Standard,Website,,7,4.0,
7886599,773540,2025-10-12,Beauty & Personal Care,Electric Razor,1,58.89,5,55.95,0.0,4.62,60.57,Apple Pay,Delivered,Free Pickup,Mobile App,WELCOME10,0,5.0,
9943660,309256,2025-10-12,Clothing,Slim Fit Jeans,2,103.95,0,207.9,24.99,16.63,249.52,Debit Card,Delivered,Next-Day,Website,,1,,
1270186,953016,2025-10-12,Clothing,Wool Sweater,3,38.07,0,114.21,0.0,18.27,132.48,Debit Card,Delivered,Standard,Website,,7,5.0,
1944349,433581,2025-10-12,Beauty & Personal Care,Shampoo & Conditioner Set,3,77.84,0,233.52,12.99,18.68,265.19,Credit Card,Delivered,Express,Marketplace,,3,4.0,
1270739,233128,2025-10-12,Beauty & Personal Care,Electric Toothbrush,2,14.66,0,29.32,5.99,1.83,37.14,Debit Card,Delivered,Standard,Mobile App,,7,3.0,
1641030,842688,2025-10-12,Beauty & Personal Care,Shampoo & Conditioner Set,1,43.12,0,43.12,14.99,2.7,60.81,Credit Card,Returned,Express,Website,,3,,Arrived Late
2816953,411928,2025-10-13,Toys & Games,Educational STEM Kit,1,32.11,0,32.11,14.99,2.01,49.11,Credit Card,Delivered,Express,Mobile App,,3,,
4849563,749526,2025-10-13,Clothing,Baseball Cap,5,73.04,0,365.2,0.0,21.91,387.11,Credit Card,Delivered,Standard,Website,,7,5.0,
4290505,816723,2025-10-13,Toys & Games,Educational STEM Kit,1,78.25,0,78.25,0.0,4.69,82.94,Credit Card,Returned,Standard,Website,,7,,Wrong Size
3804128,467888,2025-10-13,Clothing,Men's Denim Jacket,2,19.41,0,38.82,5.99,2.33,47.14,Credit Card,Delivered,Standard,Mobile App,,7,3.0,
8339064,800045,2025-10-13,Sports & Outdoors,Camping Tent,4,156.54,0,626.16,0.0,37.57,663.73,Credit Card,Delivered,Standard,Website,,7,4.0,
8044042,216808,2025-10-13,Clothing,Women's Yoga Pants,3,61.18,0,183.54,12.99,15.14,211.67,Credit Card,Delivered,Express,Website,,3,,
2356330,147717,2025-10-13,Grocery,Mixed Nuts Pack,5,12.06,0,60.3,5.99,3.62,69.91,Credit Card,Delivered,Standard,Mobile App,,7,4.0,
5292060,540156,2025-10-13,Home & Kitchen,Cutlery Set,1,40.73,0,40.73,5.99,2.44,49.16,Credit Card,Delivered,Standard,Mobile App,,7,,
1311869,119023,2025-10-13,Office Supplies,Sticky Notes Pack,5,44.92,0,224.6,0.0,13.48,238.08,Credit Card,Cancelled,Standard,Website,,7,,
4420948,744635,2025-10-13,Toys & Games,Remote Control Car,2,26.62,0,53.24,5.99,3.19,62.42,Credit Card,Returned,Standard,Mobile App,,7,,Wrong Size
5014102,768338,2025-10-13,Sports & Outdoors,Mountain Bike Helmet,1,245.67,0,245.67,12.99,19.65,278.31,Credit Card,Cancelled,Express,Website,,3,,
3320939,202299,2025-10-14,Beauty & Personal Care,Perfume,3,19.48,0,58.44,27.99,3.51,89.94,PayPal,Delivered,Next-Day,Website,,1,,
8964867,974063,2025-10-14,Office Supplies,Notebook Set,3,23.54,0,70.62,5.99,5.83,82.44,Credit Card,Cancelled,Standard,Website,,7,,
5470343,386699,2025-10-14,Beauty & Personal Care,Electric Razor,3,44.04,0,132.12,12.99,0.0,145.11,Apple Pay,Delivered,Express,Mobile App,,3,2.0,
8090032,550369,2025-10-14,Grocery,Green Tea Bags,2,15.53,0,31.06,27.99,1.94,60.99,PayPal,Delivered,Next-Day,Website,,1,1.0,
8670499,672511,2025-10-14,Books,Mystery Novel,1,9.72,0,9.72,5.99,0.58,16.29,Debit Card,Delivered,Standard,Website,,7,3.0,
6009382,205361,2025-10-14,Electronics,Streaming Media Player,2,163.47,0,326.94,0.0,0.0,326.94,Credit Card,Delivered,Standard,Mobile App,,7,2.0,
3512405,597561,2025-10-14,Clothing,Men's Denim Jacket,1,94.09,0,94.09,0.0,5.65,99.74,Debit Card,Delivered,Standard,Mobile App,,7,,
9621497,974063,2025-10-14,Home & Kitchen,LED Desk Lamp,2,99.42,0,198.84,24.99,11.93,235.76,Google Pay,Delivered,Next-Day,Website,,1,4.0,
6759020,808680,2025-10-14,Sports & Outdoors,Yoga Mat,3,96.57,0,289.71,24.99,18.11,332.81,Google Pay,Returned,Next-Day,Website,,1,,Wrong Size
8363520,513724,2025-10-14,Home & Kitchen,Stand Mixer,1,121.74,10,109.57,12.99,6.57,129.13,PayPal,Delivered,Express,Website,FREESHIP,3,,
6356231,712536,2025-10-15,Home & Kitchen,Stand Mixer,1,124.33,0,124.33,24.99,7.77,157.09,PayPal,Delivered,Next-Day,Mobile App,,1,5.0,
9746227,939225,2025-10-15,Sports & Outdoors,Basketball,2,204.81,0,409.62,24.99,24.58,459.19,Credit Card,Cancelled,Next-Day,Marketplace,,1,,
4656433,131194,2025-10-15,Beauty & Personal Care,Sunscreen SPF50,2,11.98,10,21.56,5.99,1.35,28.9,Debit Card,Delivered,Standard,Website,FREESHIP,7,5.0,
2200597,516528,2025-10-15,Toys & Games,Card Game Deck,1,24.59,0,24.59,5.99,2.46,33.04,Credit Card,Delivered,Standard,Marketplace,,7,5.0,
3077511,757288,2025-10-15,Beauty & Personal Care,Sunscreen SPF50,3,8.4,0,25.2,14.99,4.03,44.22,Google Pay,Returned,Express,Website,,3,,Changed Mind
1870981,249284,2025-10-15,Electronics,Noise-Cancelling Headphones,2,421.28,0,842.56,12.99,109.53,965.08,Debit Card,Delivered,Express,Marketplace,,3,5.0,
7210712,116043,2025-10-15,Pet Supplies,Training Treats,4,95.66,0,382.64,0.0,31.57,414.21,Credit Card,Returned,Standard,Mobile App,,7,,Better Price Found
2809696,642033,2025-10-15,Books,Personal Finance 101,3,13.42,0,40.26,5.99,2.42,48.67,Credit Card,Delivered,,Website,,7,5.0,
2231521,368795,2025-10-15,Electronics,Wireless Earbuds,1,115.68,25,86.76,12.99,6.94,106.69,PayPal,Delivered,Express,Website,FREESHIP,3,4.0,
5212851,593374,2025-10-15,Sports & Outdoors,Camping Tent,2,176.31,0,352.62,24.99,21.16,398.77,Debit Card,Delivered,Next-Day,Marketplace,,1,4.0,
5079584,429344,2025-10-15,Home & Kitchen,Cutlery Set,2,186.17,0,372.34,12.99,22.34,407.67,Gift Card,Cancelled,Express,Website,,3,,
5375356,728214,2025-10-16,Sports & Outdoors,Basketball,2,152.85,0,305.7,12.99,19.87,338.56,Debit Card,Delivered,Express,Mobile App,,3,,
7804812,720159,2025-10-16,Clothing,Wool Sweater,2,92.38,0,184.76,0.0,18.48,203.24,Apple Pay,Delivered,Standard,Website,,7,5.0,
2479859,316704,2025-10-16,Toys & Games,Action Figure,1,37.87,0,37.87,0.0,3.79,41.66,Debit Card,Cancelled,Free Pickup,Mobile App,,0,,
3648952,265163,2025-10-16,Clothing,Women's Yoga Pants,1,20.83,30,14.58,14.99,0.87,30.44,PayPal,Delivered,Express,Mobile App,FREESHIP,3,5.0,
3417500,226126,2025-10-16,Books,Cookbook: Weeknight Dinners,1,17.81,15,15.14,5.99,0.98,22.11,PayPal,Delivered,Standard,Mobile App,WELCOME10,7,3.0,
1686764,408056,2025-10-17,Clothing,Summer Dress,2,33.51,0,67.02,0.0,4.02,71.04,Apple Pay,Cancelled,Free Pickup,Website,,0,,
6153508,672388,2025-10-17,Electronics,Wireless Earbuds,2,127.8,0,255.6,0.0,15.98,271.58,Debit Card,Delivered,Standard,Website,,7,5.0,
3534830,207727,2025-10-17,Home & Kitchen,Non-Stick Frying Pan,3,131.14,0,393.42,24.99,31.47,449.88,Credit Card,Cancelled,Next-Day,Website,,1,,
7340898,408428,2025-10-17,Electronics,4K Smart TV,3,451.13,0,1353.39,12.99,81.2,1447.58,Credit Card,Delivered,Express,Website,,3,4.0,
1027356,312879,2025-10-17,Home & Kitchen,Ceramic Dinnerware Set,3,78.0,5,222.3,0.0,13.89,236.19,Debit Card,Processing,Standard,Mobile App,SAVE20,7,,
2058658,610234,2025-10-17,Clothing,Wool Sweater,1,94.64,10,85.18,0.0,5.32,90.5,Google Pay,Delivered,Free Pickup,Mobile App,SUMMER10,0,,
6057916,427679,2025-10-17,Electronics,4K Smart TV,4,742.29,0,2969.16,0.0,185.57,3154.73,Google Pay,Cancelled,Standard,Mobile App,,7,,
6000318,700975,2025-10-17,Beauty & Personal Care,Electric Toothbrush,1,34.55,20,27.64,5.99,1.73,35.36,PayPal,Delivered,Standard,Marketplace,SAVE20,7,3.0,
2681701,504905,2025-10-17,Grocery,Mixed Nuts Pack,2,19.08,0,38.16,5.99,3.15,47.3,Gift Card,Delivered,Standard,Mobile App,,7,,
2348766,519251,2025-10-17,Clothing,Men's Denim Jacket,4,129.22,0,516.88,12.99,103.38,633.25,Debit Card,Delivered,Express,Website,,3,1.0,
2341324,429344,2025-10-18,Clothing,Men's Denim Jacket,2,103.32,10,185.98,24.99,11.16,222.13,Credit Card,Delivered,Next-Day,Marketplace,WELCOME10,1,,
5622368,926416,2025-10-18,Electronics,Streaming Media Player,2,897.74,0,1795.48,0.0,107.73,1903.21,Debit Card,Delivered,Standard,Website,,7,4.0,
5848084,672388,2025-10-18,Toys & Games,Board Game Classic,1,15.18,0,15.18,14.99,1.21,31.38,Credit Card,Delivered,Express,Mobile App,,3,4.0,
8630443,792986,2025-10-18,Grocery,Green Tea Bags,2,21.67,0,43.34,5.99,5.63,54.96,Debit Card,Delivered,Standard,Website,,7,5.0,
5640330,622669,2025-10-18,Beauty & Personal Care,Skincare Gift Set,4,8.97,0,35.88,0.0,5.74,41.62,PayPal,Delivered,Free Pickup,Website,,0,3.0,
4534799,716918,2025-10-18,Electronics,Smartphone Case,1,580.18,0,580.18,0.0,34.81,614.99,PayPal,Delivered,Standard,Marketplace,,7,,
9282420,550369,2025-10-19,Books,Self-Help Guide,3,9.92,5,28.27,14.99,0.0,43.26,PayPal,Delivered,Express,Mobile App,VIP15,3,5.0,
6222846,700975,2025-10-19,Beauty & Personal Care,Electric Toothbrush,1,64.41,15,54.75,0.0,4.38,59.13,Debit Card,Delivered,Free Pickup,Website,FLASH30,0,4.0,
4140749,502006,2025-10-19,Sports & Outdoors,Fishing Rod,1,72.31,20,57.85,5.99,3.47,67.31,PayPal,Cancelled,Standard,Website,WELCOME10,7,,
7897479,764665,2025-10-19,Toys & Games,Educational STEM Kit,4,30.27,0,121.08,0.0,7.26,128.34,Apple Pay,Delivered,Standard,Mobile App,,7,5.0,
4444708,206604,2025-10-19,Beauty & Personal Care,Hair Dryer,2,55.44,0,110.88,0.0,11.09,121.97,Credit Card,Delivered,Standard,Mobile App,,7,4.0,
5675963,411928,2025-10-19,Beauty & Personal Care,Electric Toothbrush,4,10.98,0,43.92,5.99,2.64,52.55,Debit Card,Delivered,Standard,Website,,7,2.0,
2707623,712536,2025-10-19,Electronics,4K Smart TV,1,1154.01,0,1154.01,0.0,115.4,1269.41,PayPal,Delivered,Standard,Mobile App,,7,,
9932783,750599,2025-10-20,Electronics,Streaming Media Player,1,323.26,15,274.77,0.0,16.49,291.26,Credit Card,Delivered,Standard,Website,FREESHIP,7,4.0,
5930580,226126,2025-10-20,Home & Kitchen,Vacuum Cleaner,1,250.41,0,250.41,12.99,20.66,284.06,Credit Card,Cancelled,Express,Mobile App,,3,,
2560011,638422,2025-10-20,Sports & Outdoors,Insulated Water Bottle,3,127.86,0,383.58,12.99,23.01,419.58,Credit Card,Cancelled,Express,Mobile App,,3,,
6653256,684370,2025-10-20,Toys & Games,Educational STEM Kit,1,28.51,0,28.51,5.99,2.35,36.85,PayPal,Delivered,Standard,Mobile App,,7,4.0,
6993468,222847,2025-10-20,Toys & Games,Remote Control Car,4,57.98,20,185.54,0.0,18.55,204.09,PayPal,Delivered,,Website,SAVE20,7,3.0,
8636800,436577,2025-10-20,Beauty & Personal Care,Shampoo & Conditioner Set,5,48.69,0,243.45,12.99,14.61,271.05,PayPal,Returned,Express,Website,,3,,Wrong Size
5665003,670928,2025-10-20,Clothing,Cotton T-Shirt,1,44.48,0,44.48,5.99,2.78,53.25,Debit Card,Delivered,Standard,Marketplace,,7,,
9075434,438706,2025-10-20,Beauty & Personal Care,Vitamin C Serum,1,23.46,0,23.46,5.99,1.94,31.39,Credit Card,Delivered,Standard,Mobile App,,7,,
4542032,642033,2025-10-20,Home & Kitchen,Coffee Maker,1,84.42,0,84.42,12.99,8.44,105.85,Credit Card,Delivered,Express,Mobile App,,3,,
9116325,206905,2025-10-20,Clothing,Winter Parka,1,88.07,0,88.07,0.0,14.09,102.16,Credit Card,Delivered,Standard,Website,,7,5.0,
2146409,630731,2025-10-20,Books,Cookbook: Weeknight Dinners,1,23.2,0,23.2,5.99,4.64,33.83,PayPal,Delivered,Standard,Marketplace,,7,,
6927814,698930,2025-10-20,Clothing,Baseball Cap,1,180.0,0,180.0,0.0,10.8,190.8,Credit Card,Returned,Free Pickup,Website,,0,,Wrong Size
3965584,664785,2025-10-21,Office Supplies,Ergonomic Office Chair,2,64.25,0,128.5,24.99,10.6,164.09,PayPal,Delivered,Next-Day,Mobile App,,1,5.0,
9395644,273715,2025-10-21,Books,Poetry Collection,2,16.86,0,33.72,5.99,2.78,42.49,Debit Card,Returned,Standard,Mobile App,,7,,Better Price Found
7351808,476035,2025-10-21,Books,Science Fiction Epic,5,21.5,0,107.5,0.0,10.75,118.25,Credit Card,Cancelled,Standard,Website,,7,,
6952145,842688,2025-10-21,Home & Kitchen,Non-Stick Frying Pan,4,63.06,0,252.24,0.0,15.13,267.37,Debit Card,Delivered,Standard,Website,,7,1.0,
3005413,577420,2025-10-21,Electronics,Noise-Cancelling Headphones,2,128.97,0,257.94,0.0,20.64,278.58,Gift Card,Delivered,Standard,Website,,7,3.0,
5462728,981939,2025-10-21,Beauty & Personal Care,Makeup Palette,4,15.6,0,62.4,5.99,3.74,72.13,Debit Card,Delivered,Standard,Website,,7,5.0,
4617408,670233,2025-10-21,Grocery,Mixed Nuts Pack,1,30.39,0,30.39,5.99,2.43,38.81,PayPal,Delivered,Standard,Mobile App,,7,4.0,
7498651,539241,2025-10-21,Sports & Outdoors,Insulated Water Bottle,1,94.9,20,75.92,0.0,15.18,91.1,Debit Card,Delivered,Standard,Website,FLASH30,7,5.0,
6262854,265163,2025-10-21,Clothing,Winter Parka,1,56.06,25,42.04,5.99,2.73,50.76,Debit Card,Delivered,Standard,Mobile App,WELCOME10,7,,
9992016,529534,2025-10-21,Clothing,Women's Yoga Pants,1,57.75,0,57.75,5.99,4.76,68.5,Debit Card,Delivered,Standard,Website,,7,4.0,
3038920,415774,2025-10-21,Clothing,Wool Sweater,1,27.33,0,27.33,0.0,1.64,28.97,PayPal,Delivered,Free Pickup,Website,,0,4.0,
6516740,433355,2025-10-22,Books,Science Fiction Epic,4,9.58,0,38.32,14.99,3.16,56.47,PayPal,Delivered,Express,Website,,3,,
6137178,868770,2025-10-22,Books,Self-Help Guide,3,13.88,5,39.56,14.99,0.0,54.55,Credit Card,Cancelled,Express,Mobile App,FLASH30,3,,
5678932,700975,2025-10-22,Books,Cookbook: Weeknight Dinners,4,45.0,5,171.0,12.99,10.26,194.25,PayPal,Delivered,Express,Mobile App,FREESHIP,3,5.0,
3076542,180968,2025-10-22,Beauty & Personal Care,Hair Dryer,2,38.33,0,76.66,12.99,4.79,94.44,PayPal,Returned,Express,Mobile App,,3,,Arrived Late
4912931,597561,2025-10-22,Grocery,Honey Jar,2,19.57,0,39.14,5.99,3.91,49.04,Debit Card,Delivered,Standard,Marketplace,,7,4.0,
7625008,525803,2025-10-22,Toys & Games,Educational STEM Kit,2,19.34,0,38.68,5.99,5.03,49.7,Debit Card,Delivered,Standard,Mobile App,,7,4.0,
8802874,684266,2025-10-22,Books,Personal Finance 101,4,28.92,0,115.68,0.0,11.57,127.25,PayPal,Delivered,Standard,Website,,7,,
4069818,210406,2025-10-22,Home & Kitchen,Cutlery Set,1,53.28,0,53.28,27.99,3.33,84.6,PayPal,Delivered,Next-Day,Mobile App,,1,5.0,
6563475,312650,2025-10-22,Home & Kitchen,Cutlery Set,1,209.64,0,209.64,0.0,20.96,230.6,PayPal,Delivered,Standard,Website,,7,4.0,
7619196,530251,2025-10-22,Clothing,Women's Yoga Pants,1,11.31,0,11.31,5.99,2.15,19.45,Credit Card,Delivered,Standard,Mobile App,,7,4.0,
7311566,763562,2025-10-22,Toys & Games,Educational STEM Kit,1,18.35,0,18.35,5.99,1.47,25.81,Google Pay,Delivered,Standard,Website,,7,4.0,
6510656,320359,2025-10-22,Grocery,Sparkling Water Case,3,17.26,0,51.78,0.0,3.24,55.02,PayPal,Delivered,Free Pickup,Website,,0,5.0,
6951652,625244,2025-10-22,Home & Kitchen,Air Fryer,2,116.87,0,233.74,0.0,14.61,248.35,Credit Card,Returned,Standard,Website,,7,,Not as Described
4260733,304294,2025-10-23,Clothing,Baseball Cap,4,68.22,0,272.88,0.0,21.83,294.71,PayPal,Delivered,Standard,Mobile App,,7,4.0,
9589221,265163,2025-10-23,Clothing,Rain Jacket,2,44.29,0,88.58,12.99,5.54,107.11,PayPal,Delivered,Express,Mobile App,,3,5.0,
7644267,344803,2025-10-23,Home & Kitchen,Ceramic Dinnerware Set,4,273.33,0,1093.32,0.0,65.6,1158.92,Debit Card,Delivered,Standard,Marketplace,,7,,
1723382,161063,2025-10-23,Toys & Games,Educational STEM Kit,2,58.99,0,117.98,0.0,7.37,125.35,Debit Card,Returned,Free Pickup,Website,,0,,Better Price Found
1086252,471106,2025-10-23,Pet Supplies,Aquarium Filter,1,61.53,0,61.53,5.99,3.69,71.21,Credit Card,Delivered,Standard,Mobile App,,7,4.0,
1261633,929407,2025-10-23,Clothing,Men's Denim Jacket,2,58.18,0,116.36,0.0,6.98,123.34,Apple Pay,Delivered,Standard,Website,,7,3.0,
8396562,230606,2025-10-23,Home & Kitchen,Ceramic Dinnerware Set,2,124.86,0,249.72,0.0,0.0,249.72,Credit Card,Delivered,Standard,Marketplace,,7,5.0,
3605743,384588,2025-10-24,Toys & Games,Plush Teddy Bear,4,54.28,0,217.12,0.0,17.91,235.03,Credit Card,Delivered,Standard,Website,,7,4.0,
6252715,808680,2025-10-24,Sports & Outdoors,Fitness Tracker Watch,2,49.85,25,74.78,5.99,6.17,86.94,Credit Card,Delivered,Standard,Website,VIP15,7,,
4883188,366709,2025-10-24,Electronics,Smartphone Case,1,71.32,5,67.75,5.99,4.23,77.97,Credit Card,Delivered,Standard,Mobile App,VIP15,7,,
6994600,386699,2025-10-24,Clothing,Running Shoes,3,37.9,0,113.7,0.0,9.1,122.8,PayPal,Delivered,Standard,Website,,7,3.0,
9071546,848646,2025-10-24,Books,Graphic Novel,2,9.63,0,19.26,0.0,1.54,20.8,Credit Card,Cancelled,Free Pickup,Mobile App,,0,,
5199001,600859,2025-10-24,Toys & Games,Remote Control Car,2,20.82,0,41.64,5.99,2.6,50.23,Credit Card,Delivered,Standard,Mobile App,,7,5.0,
7683217,386699,2025-10-24,Sports & Outdoors,Fishing Rod,1,101.78,0,101.78,24.99,16.28,143.05,Debit Card,Delivered,Next-Day,Mobile App,,1,4.0,
3135348,925108,2025-10-24,Electronics,Bluetooth Speaker,2,211.98,5,402.76,12.99,24.17,439.92,PayPal,Delivered,Express,Website,WELCOME10,3,5.0,
7474072,663408,2025-10-24,Books,Children's Picture Book,5,32.51,0,162.55,0.0,9.75,172.3,Credit Card,Delivered,Standard,Website,,7,5.0,
2908684,842688,2025-10-24,Clothing,Running Shoes,4,41.98,0,167.92,12.99,13.85,194.76,Credit Card,Delivered,Express,Website,,3,1.0,
2990912,501971,2025-10-24,Grocery,Organic Coffee Beans,5,55.0,0,275.0,0.0,16.5,291.5,Credit Card,Delivered,Standard,Mobile App,,7,,
6505482,976012,2025-10-25,Home & Kitchen,Stand Mixer,2,217.42,0,434.84,12.99,35.87,483.7,PayPal,Delivered,Express,Website,,3,,
5693391,415774,2025-10-25,Electronics,Mechanical Keyboard,2,244.4,0,488.8,12.99,97.76,599.55,Apple Pay,Delivered,Express,Website,,3,5.0,
3054691,731788,2025-10-25,Electronics,Smartphone Case,3,284.81,0,854.43,0.0,136.71,991.14,PayPal,Delivered,Standard,Website,,7,,
3336848,488554,2025-10-25,Sports & Outdoors,Mountain Bike Helmet,1,55.77,0,55.77,14.99,4.6,75.36,Debit Card,Delivered,Express,Website,,3,5.0,
4326603,336051,2025-10-25,Clothing,Men's Denim Jacket,1,27.69,0,27.69,5.99,5.26,38.94,Debit Card,Delivered,Standard,Mobile App,,7,4.0,
9246845,241810,2025-10-25,Sports & Outdoors,Basketball,3,58.96,0,176.88,0.0,10.61,187.49,Credit Card,Delivered,Standard,Marketplace,,7,4.0,
1097741,713629,2025-10-25,Books,Historical Biography,7,34.26,0,239.82,0.0,14.39,254.21,Debit Card,Delivered,Standard,Website,,7,5.0,
2503474,791259,2025-10-25,Beauty & Personal Care,Electric Toothbrush,3,14.02,10,37.85,27.99,3.03,68.87,Apple Pay,Returned,Next-Day,Website,VIP15,1,,Wrong Size
8139736,995659,2025-10-25,Clothing,Women's Yoga Pants,3,65.91,0,197.73,12.99,11.86,222.58,Debit Card,Delivered,Express,Marketplace,,3,,
7357517,827382,2025-10-25,Home & Kitchen,Ceramic Dinnerware Set,2,60.08,0,120.16,0.0,0.0,120.16,Gift Card,Delivered,Standard,Marketplace,,7,4.0,
9881724,306555,2025-10-25,Books,Children's Picture Book,2,12.37,0,24.74,14.99,1.98,41.71,Credit Card,Cancelled,Express,Mobile App,,3,,
4632572,248039,2025-10-25,Grocery,Mixed Nuts Pack,2,55.0,0,110.0,12.99,8.8,131.79,Credit Card,Delivered,Express,Mobile App,,3,3.0,
4436478,525803,2025-10-25,Clothing,Women's Yoga Pants,2,46.7,25,70.05,5.99,4.38,80.42,Credit Card,Delivered,Standard,Mobile App,SUMMER10,7,4.0,
5443083,944244,2025-10-26,Clothing,Baseball Cap,2,60.39,0,120.78,0.0,9.96,130.74,Credit Card,Delivered,Standard,Mobile App,,7,4.0,
1148341,807143,2025-10-26,Home & Kitchen,Cutlery Set,2,102.8,0,205.6,24.99,12.85,243.44,Apple Pay,Delivered,Next-Day,Mobile App,,1,5.0,
2306057,590305,2025-10-26,Grocery,Protein Bar Box,1,17.02,5,16.17,5.99,0.0,22.16,Credit Card,Delivered,Standard,Website,FLASH30,7,,
1618135,939425,2025-10-26,Home & Kitchen,Non-Stick Frying Pan,1,145.85,0,145.85,0.0,8.75,154.6,PayPal,Delivered,Standard,Mobile App,,7,5.0,
4581733,490071,2025-10-26,Office Supplies,Whiteboard,5,32.07,0,160.35,12.99,25.66,199.0,Debit Card,Delivered,Express,Website,,3,5.0,
8781489,837858,2025-10-26,Pet Supplies,Dog Bed,1,77.88,25,58.41,5.99,11.68,76.08,PayPal,Cancelled,Standard,Website,VIP15,7,,
9679183,501971,2025-10-26,Clothing,Slim Fit Jeans,1,20.45,30,14.31,5.99,1.18,21.48,Gift Card,Delivered,Standard,Website,VIP15,7,5.0,
1965642,957720,2025-10-26,Sports & Outdoors,Fitness Tracker Watch,2,108.84,0,217.68,24.99,17.96,260.63,Google Pay,Delivered,Next-Day,Mobile App,,1,4.0,
6761020,522293,2025-10-26,Grocery,Dark Chocolate Bar,1,9.25,0,9.25,0.0,0.55,9.8,PayPal,Delivered,Free Pickup,Website,,0,3.0,
4362857,738836,2025-10-26,Sports & Outdoors,Resistance Bands Set,1,63.34,0,63.34,5.99,12.67,82.0,Credit Card,Delivered,Standard,Marketplace,,7,,
6806959,966251,2025-10-26,Beauty & Personal Care,Facial Moisturizer,1,14.01,0,14.01,0.0,1.16,15.17,Credit Card,Delivered,Free Pickup,Website,,0,,
8845950,314662,2025-10-26,Clothing,Winter Parka,2,87.6,0,175.2,0.0,10.95,186.15,PayPal,Returned,Standard,Marketplace,,7,,Arrived Late
2720441,172737,2025-10-26,Sports & Outdoors,Hiking Backpack,1,130.43,0,130.43,0.0,7.83,138.26,Apple Pay,Delivered,Standard,Website,,7,4.0,
6052354,198172,2025-10-26,Beauty & Personal Care,Vitamin C Serum,1,69.55,0,69.55,14.99,4.17,88.71,PayPal,Delivered,Express,Website,,3,5.0,
8301552,494006,2025-10-27,Sports & Outdoors,Camping Tent,1,34.18,0,34.18,5.99,2.05,42.22,Credit Card,Cancelled,Standard,Website,,7,,
1505412,225693,2025-10-27,Books,Children's Picture Book,2,15.34,0,30.68,5.99,2.53,39.2,PayPal,Delivered,Standard,Marketplace,,7,,
2074496,191461,2025-10-27,Sports & Outdoors,Adjustable Dumbbell Set,1,52.66,5,50.03,0.0,3.13,53.16,PayPal,Returned,Free Pickup,Mobile App,FLASH30,0,,Not as Described
8059852,236238,2025-10-27,Home & Kitchen,Coffee Maker,2,159.53,5,303.11,12.99,18.19,334.29,PayPal,Delivered,Express,Website,SAVE20,3,,
5893467,221043,2025-10-27,Toys & Games,Plush Teddy Bear,3,11.32,25,25.47,5.99,2.04,33.5,Debit Card,Delivered,Standard,Website,FREESHIP,7,5.0,
5050093,543559,2025-10-27,Books,Cookbook: Weeknight Dinners,1,10.79,0,10.79,14.99,1.08,26.86,Credit Card,Cancelled,Express,Website,,3,,
3326092,554597,2025-10-27,Clothing,Men's Denim Jacket,1,39.11,0,39.11,14.99,3.23,57.33,Credit Card,Delivered,Express,Website,,3,,
5827193,784274,2025-10-27,Clothing,Wool Sweater,3,96.3,0,288.9,0.0,46.22,335.12,Debit Card,Delivered,Standard,Marketplace,,7,3.0,
4262264,974063,2025-10-27,Clothing,Men's Denim Jacket,2,115.35,5,219.16,0.0,21.92,241.08,Debit Card,Delivered,Standard,Mobile App,SUMMER10,7,,
1779130,385326,2025-10-27,Clothing,Women's Yoga Pants,4,99.67,30,279.08,24.99,16.74,320.81,Gift Card,Delivered,Next-Day,Mobile App,SUMMER10,1,5.0,
8463170,588665,2025-10-27,Home & Kitchen,LED Desk Lamp,2,33.01,0,66.02,5.99,12.54,84.55,PayPal,Delivered,Standard,Mobile App,,7,4.0,
8808860,262513,2025-10-27,Office Supplies,Ergonomic Office Chair,1,82.36,0,82.36,0.0,6.79,89.15,PayPal,Delivered,Standard,Website,,7,4.0,
1474637,773540,2025-10-27,Clothing,Wool Sweater,1,33.43,0,33.43,14.99,2.76,51.18,PayPal,Delivered,Express,Mobile App,,3,4.0,
8490818,899817,2025-10-28,Sports & Outdoors,Yoga Mat,2,12.27,0,24.54,5.99,2.45,32.98,Credit Card,Delivered,Standard,Website,,7,2.0,
4928344,171266,2025-10-28,Clothing,Baseball Cap,2,126.47,0,252.94,0.0,16.44,269.38,PayPal,Returned,Standard,Website,,7,,Changed Mind
4107306,352917,2025-10-28,Books,Self-Help Guide,1,15.73,0,15.73,14.99,0.94,31.66,Debit Card,Delivered,Express,Website,,3,2.0,
7391830,202299,2025-10-28,Clothing,Summer Dress,3,44.31,0,132.93,0.0,10.97,143.9,Credit Card,Delivered,Standard,Mobile App,,7,4.0,
2701734,225902,2025-10-29,Clothing,Women's Yoga Pants,1,81.88,0,81.88,12.99,10.64,105.51,Debit Card,Delivered,Express,Marketplace,,3,4.0,
2301156,221043,2025-10-29,Beauty & Personal Care,Perfume,1,17.8,5,16.91,5.99,1.01,23.91,Credit Card,Cancelled,Standard,Website,FREESHIP,7,,
5362353,663408,2025-10-29,Sports & Outdoors,Adjustable Dumbbell Set,1,38.88,0,38.88,14.99,3.89,57.76,PayPal,Returned,Express,Website,,3,,Wrong Size
6842420,195250,2025-10-29,Grocery,Organic Coffee Beans,1,15.72,0,15.72,5.99,3.14,24.85,PayPal,Delivered,Standard,Website,,7,,
8926665,578841,2025-10-29,Home & Kitchen,Ceramic Dinnerware Set,1,221.48,20,177.18,12.99,10.63,200.8,Credit Card,Cancelled,Express,Website,HOLIDAY25,3,,
7934326,660873,2025-10-29,Home & Kitchen,Non-Stick Frying Pan,3,80.3,0,240.9,0.0,0.0,240.9,Apple Pay,Delivered,Standard,Marketplace,,7,5.0,
3784977,773540,2025-10-29,Books,Children's Picture Book,2,33.54,0,67.08,5.99,4.19,77.26,Credit Card,Delivered,Standard,Marketplace,,7,4.0,
2957996,757288,2025-10-29,Home & Kitchen,Stand Mixer,4,210.75,0,843.0,24.99,52.69,920.68,Credit Card,Returned,Next-Day,Website,,1,,Defective Item
8454812,974063,2025-10-29,Office Supplies,Label Maker,2,214.45,0,428.9,0.0,25.73,454.63,Credit Card,Delivered,Standard,Mobile App,,7,3.0,
3736604,185515,2025-10-29,Beauty & Personal Care,Perfume,3,51.82,0,155.46,24.99,9.33,189.78,PayPal,Delivered,Next-Day,Website,,1,4.0,
2487678,195758,2025-10-29,Beauty & Personal Care,Electric Toothbrush,1,51.93,0,51.93,14.99,4.28,71.2,Gift Card,Delivered,Express,Website,,3,,
4130779,490347,2025-10-29,Office Supplies,Notebook Set,3,133.97,30,281.34,0.0,17.58,298.92,Debit Card,Delivered,Free Pickup,Mobile App,SUMMER10,0,5.0,
2751505,500528,2025-10-30,Home & Kitchen,Non-Stick Frying Pan,1,87.31,0,87.31,0.0,5.46,92.77,Debit Card,Delivered,Standard,Website,,7,5.0,
6176586,165195,2025-10-30,Electronics,Streaming Media Player,1,117.95,20,94.36,0.0,5.9,100.26,PayPal,Delivered,Standard,Website,HOLIDAY25,7,3.0,
2111916,889948,2025-10-30,Beauty & Personal Care,Perfume,1,42.23,0,42.23,5.99,8.45,56.67,Gift Card,Delivered,Standard,Marketplace,,7,3.0,
4464299,411928,2025-10-30,Toys & Games,Card Game Deck,1,19.62,0,19.62,27.99,1.23,48.84,Debit Card,Delivered,Next-Day,Marketplace,,1,5.0,
8565707,757288,2025-10-30,Clothing,Women's Yoga Pants,2,18.58,0,37.16,5.99,3.07,46.22,Google Pay,Delivered,Standard,Marketplace,,7,4.0,
7847223,670693,2025-10-30,Home & Kitchen,Stand Mixer,4,176.95,0,707.8,0.0,42.47,750.27,Gift Card,Delivered,Standard,Marketplace,,7,4.0,
5805778,519251,2025-10-30,Electronics,Mechanical Keyboard,1,119.96,0,119.96,0.0,9.9,129.86,Google Pay,Cancelled,Standard,Mobile App,,7,,
7407799,557486,2025-10-30,Toys & Games,Card Game Deck,5,22.22,20,88.88,0.0,7.11,95.99,Credit Card,Delivered,Standard,Marketplace,FREESHIP,7,4.0,
3135480,378752,2025-10-30,Toys & Games,Board Game Classic,1,57.29,0,57.29,5.99,3.44,66.72,Debit Card,Delivered,Standard,Mobile App,,7,1.0,
8417993,821498,2025-10-30,Home & Kitchen,Vacuum Cleaner,1,156.32,0,156.32,0.0,9.77,166.09,PayPal,Delivered,,Website,,7,5.0,
3212595,233128,2025-10-31,Sports & Outdoors,Camping Tent,2,39.56,0,79.12,0.0,4.94,84.06,PayPal,Returned,Standard,Mobile App,,7,,Defective Item
7795057,842688,2025-10-31,Office Supplies,Ergonomic Office Chair,1,27.46,0,27.46,5.99,2.27,35.72,Credit Card,Delivered,Standard,Marketplace,,7,,
3824643,664785,2025-10-31,Sports & Outdoors,Fitness Tracker Watch,1,122.76,0,122.76,0.0,7.67,130.43,Debit Card,Delivered,Standard,Website,,7,5.0,
6417325,757288,2025-10-31,Grocery,Protein Bar Box,1,28.39,20,22.71,14.99,1.42,39.12,Credit Card,Delivered,Express,Mobile App,VIP15,3,,
7602463,346532,2025-10-31,Clothing,Baseball Cap,2,26.43,0,52.86,0.0,3.17,56.03,Google Pay,Delivered,Free Pickup,Website,,0,,
2532664,561464,2025-10-31,Sports & Outdoors,Fishing Rod,4,115.26,0,461.04,12.99,27.66,501.69,Credit Card,Delivered,Express,Website,,3,,
7408914,430264,2025-10-31,Beauty & Personal Care,Makeup Palette,2,44.89,0,89.78,12.99,5.61,108.38,PayPal,Returned,Express,Marketplace,,3,,Defective Item
9295231,195440,2025-10-31,Electronics,Wireless Earbuds,1,628.27,0,628.27,0.0,51.83,680.1,Apple Pay,Delivered,Standard,Website,,7,5.0,
4678060,158414,2025-11-01,Sports & Outdoors,Adjustable Dumbbell Set,1,219.72,30,153.8,0.0,9.23,163.03,Credit Card,Cancelled,Standard,Mobile App,VIP15,7,,
2198941,953629,2025-11-01,Clothing,Rain Jacket,4,77.28,0,309.12,0.0,19.32,328.44,Google Pay,Delivered,Standard,Mobile App,,7,4.0,
7564629,250136,2025-11-01,Clothing,Slim Fit Jeans,1,90.84,0,90.84,0.0,7.49,98.33,Apple Pay,Delivered,Standard,Website,,7,4.0,
9644199,446431,2025-11-01,Sports & Outdoors,Insulated Water Bottle,1,36.81,0,36.81,5.99,2.94,45.74,Credit Card,Delivered,Standard,Website,,7,5.0,
9746879,800045,2025-11-01,Books,Fantasy Trilogy Box Set,3,18.26,30,38.35,14.99,3.16,56.5,Credit Card,Delivered,Express,Mobile App,WELCOME10,3,,
4233477,550369,2025-11-01,Sports & Outdoors,Insulated Water Bottle,1,64.37,0,64.37,27.99,5.31,97.67,Credit Card,Delivered,Next-Day,Mobile App,,1,3.0,
5365750,856071,2025-11-01,Toys & Games,Plush Teddy Bear,4,11.9,0,47.6,14.99,9.52,72.11,Credit Card,Delivered,Express,Mobile App,,3,3.0,
6047275,848646,2025-11-01,Books,Poetry Collection,4,7.21,0,28.84,5.99,1.8,36.63,Credit Card,Delivered,Standard,Website,,7,1.0,
2581047,724434,2025-11-01,Books,Personal Finance 101,1,13.73,30,9.61,5.99,1.92,17.52,PayPal,Returned,Standard,Mobile App,SUMMER10,7,,Better Price Found
1525943,757288,2025-11-01,Sports & Outdoors,Insulated Water Bottle,1,11.77,10,10.59,5.99,0.87,17.45,PayPal,Delivered,Standard,Website,SUMMER10,7,5.0,
7984046,889948,2025-11-01,Electronics,Laptop Stand,2,151.42,25,227.13,0.0,18.74,245.87,Credit Card,Delivered,Standard,Website,SUMMER10,7,5.0,
4638619,865643,2025-11-01,Books,Children's Picture Book,3,17.49,0,52.47,0.0,4.33,56.8,PayPal,Delivered,Free Pickup,Marketplace,,0,,
4597753,486138,2025-11-01,Books,Personal Finance 101,2,7.85,15,13.34,5.99,0.8,20.13,Gift Card,Delivered,Standard,Website,VIP15,7,4.0,
6359401,678850,2025-11-01,Electronics,Streaming Media Player,2,574.82,5,1092.16,0.0,68.26,1160.42,Debit Card,Delivered,Free Pickup,Mobile App,FLASH30,0,2.0,
8869170,531320,2025-11-01,Electronics,Bluetooth Speaker,1,237.99,0,237.99,0.0,14.87,252.86,Credit Card,Delivered,Free Pickup,Website,,0,4.0,
1064914,597542,2025-11-01,Books,Children's Picture Book,1,19.32,10,17.39,5.99,1.09,24.47,Credit Card,Delivered,Standard,Website,FREESHIP,7,5.0,
1508184,316704,2025-11-01,Electronics,Wireless Earbuds,1,635.05,30,444.54,0.0,26.67,471.21,Credit Card,Cancelled,Standard,Mobile App,SUMMER10,7,,
1338744,786081,2025-11-01,Toys & Games,Building Block Set,2,35.34,20,56.54,14.99,3.53,75.06,Debit Card,Cancelled,Express,Website,FREESHIP,3,,
9481039,625244,2025-11-02,Beauty & Personal Care,Sunscreen SPF50,3,14.06,20,33.74,14.99,2.78,51.51,PayPal,Delivered,Express,Mobile App,VIP15,3,4.0,
6834620,787831,2025-11-02,Beauty & Personal Care,Vitamin C Serum,2,22.09,0,44.18,14.99,3.64,62.81,Credit Card,Delivered,Express,Mobile App,,3,5.0,
5328110,974063,2025-11-02,Books,Graphic Novel,2,11.27,30,15.78,5.99,1.26,23.03,PayPal,Returned,Standard,Marketplace,SUMMER10,7,,Better Price Found
6912475,813547,2025-11-02,Grocery,Pasta Variety Pack,3,27.17,25,61.13,27.99,12.23,101.35,Credit Card,Delivered,Next-Day,Marketplace,HOLIDAY25,1,5.0,
9709291,827382,2025-11-02,Clothing,Men's Denim Jacket,1,123.45,20,98.76,0.0,6.17,104.93,Google Pay,Delivered,Free Pickup,Mobile App,FREESHIP,0,5.0,
3881630,348656,2025-11-02,Pet Supplies,Dog Bed,5,36.76,0,183.8,0.0,11.03,194.83,Apple Pay,Delivered,Standard,Mobile App,,7,,
4132989,807527,2025-11-02,Toys & Games,Doll House,2,32.2,10,57.96,14.99,5.8,78.75,Apple Pay,Cancelled,Express,Website,HOLIDAY25,3,,
9030773,625244,2025-11-02,Electronics,Laptop Stand,1,468.58,0,468.58,0.0,29.29,497.87,Credit Card,Delivered,Standard,Mobile App,,7,4.0,
3091775,295857,2025-11-02,Beauty & Personal Care,Makeup Palette,2,30.79,25,46.18,14.99,3.81,64.98,Credit Card,Delivered,Express,Website,HOLIDAY25,3,2.0,
9208991,248900,2025-11-03,Clothing,Baseball Cap,2,64.83,0,129.66,0.0,10.7,140.36,Credit Card,Delivered,Standard,Mobile App,,7,3.0,
1078481,238180,2025-11-03,Books,Self-Help Guide,1,14.18,0,14.18,14.99,1.17,30.34,PayPal,Delivered,Express,Mobile App,,3,,
1885242,468940,2025-11-03,Grocery,Granola Cereal,1,13.65,0,13.65,5.99,0.89,20.53,Credit Card,Delivered,Standard,Website,,7,3.0,
5750878,761450,2025-11-03,Office Supplies,Ergonomic Office Chair,2,73.33,0,146.66,0.0,9.17,155.83,Credit Card,Delivered,Standard,Mobile App,,7,,
7721612,709481,2025-11-03,Electronics,4K Smart TV,1,341.22,0,341.22,0.0,20.47,361.69,Credit Card,Delivered,Standard,Mobile App,,7,4.0,
2065510,768338,2025-11-03,Home & Kitchen,Non-Stick Frying Pan,1,63.82,0,63.82,5.99,3.99,73.8,Debit Card,Delivered,Standard,Marketplace,,7,3.0,
2585501,602801,2025-11-03,Grocery,Mixed Nuts Pack,4,8.16,0,32.64,27.99,2.04,62.67,Credit Card,Delivered,Next-Day,Website,,1,5.0,
4223262,433068,2025-11-03,Pet Supplies,Training Treats,1,72.14,25,54.1,5.99,3.38,63.47,PayPal,Returned,Standard,Website,VIP15,7,,Wrong Size
9869727,181067,2025-11-03,Books,Mystery Novel,1,36.27,20,29.02,5.99,2.39,37.4,Debit Card,Cancelled,Standard,Mobile App,VIP15,7,,
9573766,312879,2025-11-03,Sports & Outdoors,Insulated Water Bottle,2,107.77,0,215.54,0.0,12.93,228.47,PayPal,Delivered,Standard,Website,,7,5.0,
9020327,374219,2025-11-03,Home & Kitchen,Cotton Bed Sheets,1,296.99,0,296.99,0.0,29.7,326.69,Debit Card,Delivered,Standard,Website,,7,4.0,
5528784,670233,2025-11-03,Electronics,Smartphone Case,2,349.98,0,699.96,0.0,70.0,769.96,PayPal,Shipped,Standard,Mobile App,,7,,
4832058,934284,2025-11-03,Beauty & Personal Care,Hair Dryer,4,95.0,20,304.0,0.0,18.24,322.24,Credit Card,Delivered,Standard,Mobile App,SUMMER10,7,,
3440734,492669,2025-11-03,Home & Kitchen,Cutlery Set,3,77.63,10,209.6,0.0,13.1,222.7,Credit Card,Returned,Free Pickup,Mobile App,HOLIDAY25,0,,Changed Mind
8423913,149830,2025-11-04,Electronics,Mechanical Keyboard,1,218.32,25,163.74,0.0,26.2,189.94,Credit Card,Cancelled,Free Pickup,Website,SAVE20,0,,
5724126,185715,2025-11-04,Books,Cookbook: Weeknight Dinners,3,22.46,20,53.9,5.99,3.37,63.26,Gift Card,Delivered,Standard,Mobile App,HOLIDAY25,7,5.0,
9558328,295857,2025-11-04,Beauty & Personal Care,Sunscreen SPF50,1,67.94,25,50.96,27.99,3.18,82.13,Credit Card,Delivered,Next-Day,Website,FREESHIP,1,5.0,
2291229,249284,2025-11-04,Toys & Games,Remote Control Car,1,28.19,0,28.19,14.99,2.26,45.44,Credit Card,Delivered,Express,Website,,3,,
3634794,388826,2025-11-04,Toys & Games,Action Figure,3,101.08,10,272.92,24.99,21.83,319.74,PayPal,Processing,Next-Day,Mobile App,SAVE20,1,,
6274867,951351,2025-11-04,Sports & Outdoors,Insulated Water Bottle,1,36.61,10,32.95,5.99,1.98,40.92,Debit Card,Delivered,Standard,Marketplace,WELCOME10,7,5.0,
7650716,287382,2025-11-04,Sports & Outdoors,Adjustable Dumbbell Set,2,202.1,20,323.36,0.0,19.4,342.76,Google Pay,Delivered,Standard,Mobile App,FREESHIP,7,,
4592071,639465,2025-11-04,Electronics,Wireless Mouse,1,215.72,0,215.72,0.0,43.14,258.86,Debit Card,Cancelled,Standard,Mobile App,,7,,
9225265,408056,2025-11-04,Grocery,Organic Coffee Beans,4,15.15,0,60.6,5.99,5.0,71.59,Credit Card,Delivered,Standard,Website,,7,,
8122410,823686,2025-11-04,Sports & Outdoors,Fishing Rod,1,42.26,0,42.26,27.99,4.23,74.48,Credit Card,Delivered,Next-Day,Marketplace,,1,4.0,
4410849,375123,2025-11-04,Home & Kitchen,Ceramic Dinnerware Set,2,137.78,0,275.56,0.0,27.56,303.12,Credit Card,Delivered,Free Pickup,Website,,0,4.0,
8009411,488082,2025-11-04,Toys & Games,Board Game Classic,2,25.58,5,48.6,5.99,2.92,57.51,Credit Card,Delivered,Standard,Website,FLASH30,7,,
9355337,248547,2025-11-04,Grocery,Extra Virgin Olive Oil,5,30.78,0,153.9,0.0,9.62,163.52,PayPal,Delivered,Standard,Website,,7,3.0,
1311616,139745,2025-11-04,Clothing,Summer Dress,1,50.6,0,50.6,0.0,4.17,54.77,PayPal,Delivered,Free Pickup,Mobile App,,0,5.0,
2076725,752908,2025-11-04,Books,Graphic Novel,2,45.0,10,81.0,24.99,8.1,114.09,Credit Card,Delivered,Next-Day,Website,SUMMER10,1,5.0,
8746245,848713,2025-11-04,Toys & Games,Plush Teddy Bear,4,90.84,5,345.19,0.0,28.48,373.67,PayPal,Delivered,Standard,Mobile App,WELCOME10,7,4.0,
4238015,969906,2025-11-04,Books,Graphic Novel,2,22.15,0,44.3,14.99,5.76,65.05,Credit Card,Delivered,Express,Website,,3,5.0,
8296483,934284,2025-11-04,Home & Kitchen,Coffee Maker,1,78.47,0,78.47,0.0,5.1,83.57,Credit Card,Delivered,Standard,Website,,7,,
2287107,210439,2025-11-04,Clothing,Winter Parka,3,30.95,0,92.85,0.0,7.43,100.28,PayPal,Delivered,Free Pickup,Website,,0,,
5248935,545164,2025-11-05,Grocery,Granola Cereal,5,15.93,0,79.65,0.0,4.78,84.43,Gift Card,Delivered,Standard,Mobile App,,7,2.0,
7745909,564162,2025-11-05,Toys & Games,Outdoor Water Blaster,1,19.11,0,19.11,14.99,1.19,35.29,Debit Card,Delivered,Express,Mobile App,,3,4.0,
8970854,773540,2025-11-05,Sports & Outdoors,Resistance Bands Set,1,57.52,0,57.52,14.99,11.5,84.01,PayPal,Delivered,Express,Website,,3,5.0,
3890050,813035,2025-11-05,Clothing,Running Shoes,1,78.2,0,78.2,0.0,4.89,83.09,Credit Card,Delivered,Standard,Website,,7,4.0,
2488821,864201,2025-11-05,Beauty & Personal Care,Skincare Gift Set,1,15.24,0,15.24,5.99,3.05,24.28,Credit Card,Delivered,Standard,Website,,7,,
2950301,801962,2025-11-05,Clothing,Slim Fit Jeans,2,115.36,15,196.11,12.99,25.49,234.59,PayPal,Returned,Express,Mobile App,FREESHIP,3,,Changed Mind
4551865,248900,2025-11-05,Electronics,Smartphone Case,1,323.06,0,323.06,24.99,19.38,367.43,Debit Card,Delivered,Next-Day,Mobile App,,1,5.0,
5435349,182540,2025-11-05,Electronics,Mechanical Keyboard,2,129.43,15,220.03,12.99,22.0,255.02,,Delivered,Express,Marketplace,FREESHIP,3,5.0,
1272988,265163,2025-11-05,Beauty & Personal Care,Electric Toothbrush,5,89.46,25,335.48,0.0,33.55,369.03,Debit Card,Cancelled,Standard,Website,VIP15,7,,
2551864,182833,2025-11-05,Beauty & Personal Care,Facial Moisturizer,1,53.69,5,51.01,0.0,0.0,51.01,PayPal,Delivered,Free Pickup,Website,WELCOME10,0,5.0,
6376671,684370,2025-11-05,Home & Kitchen,Stand Mixer,3,90.89,0,272.67,0.0,22.5,295.17,Credit Card,Returned,Standard,Website,,7,,Wrong Size
3394924,703517,2025-11-05,Electronics,Wireless Mouse,3,1031.36,0,3094.08,0.0,193.38,3287.46,Gift Card,Delivered,Standard,Website,,7,,
5512579,716918,2025-11-05,Toys & Games,Remote Control Car,1,13.94,5,13.24,27.99,0.79,42.02,Debit Card,Delivered,Next-Day,Mobile App,VIP15,1,,
4670881,622523,2025-11-05,Beauty & Personal Care,Hair Dryer,2,72.39,0,144.78,24.99,9.05,178.82,Credit Card,Delivered,Next-Day,Website,,1,5.0,
2610022,974275,2025-11-05,Grocery,Granola Cereal,3,26.58,25,59.8,27.99,3.59,91.38,Google Pay,Delivered,Next-Day,Mobile App,SUMMER10,1,2.0,
2888003,846055,2025-11-05,Clothing,Slim Fit Jeans,1,29.9,10,26.91,27.99,0.0,54.9,Apple Pay,Delivered,Next-Day,Mobile App,HOLIDAY25,1,,
3377337,490347,2025-11-06,Beauty & Personal Care,Facial Moisturizer,1,13.09,5,12.44,5.99,1.03,19.46,Credit Card,Delivered,Standard,Website,FLASH30,7,5.0,
1430109,498642,2025-11-06,Sports & Outdoors,Insulated Water Bottle,1,167.81,20,134.25,24.99,8.06,167.3,Credit Card,Delivered,Next-Day,Mobile App,SUMMER10,1,4.0,
6094239,404777,2025-11-06,Home & Kitchen,LED Desk Lamp,1,178.76,20,143.01,0.0,28.6,171.61,Google Pay,Returned,Standard,Marketplace,HOLIDAY25,7,,Better Price Found
4529350,908295,2025-11-06,Home & Kitchen,Vacuum Cleaner,4,165.43,30,463.2,12.99,38.21,514.4,Credit Card,Returned,,Website,WELCOME10,3,,Better Price Found
3991394,196023,2025-11-06,Home & Kitchen,Non-Stick Frying Pan,2,170.98,20,273.57,0.0,54.71,328.28,Credit Card,Delivered,Standard,Marketplace,SUMMER10,7,,
1091424,651264,2025-11-06,Electronics,Bluetooth Speaker,1,429.71,0,429.71,0.0,34.38,464.09,PayPal,Delivered,Standard,Website,,7,4.0,
6076821,686576,2025-11-06,Pet Supplies,Pet Grooming Brush,1,95.65,15,81.3,0.0,8.13,89.43,PayPal,Delivered,Standard,Mobile App,WELCOME10,7,5.0,
8520680,310345,2025-11-06,Grocery,Honey Jar,2,5.73,25,8.6,5.99,0.54,15.13,Credit Card,Delivered,Standard,Mobile App,VIP15,7,4.0,
9891101,520397,2025-11-06,Grocery,Organic Coffee Beans,3,46.33,0,138.99,12.99,8.69,160.67,Google Pay,Returned,Express,Website,,3,,Changed Mind
1062079,963727,2025-11-06,Toys & Games,Board Game Classic,1,14.78,0,14.78,5.99,0.92,21.69,Credit Card,Delivered,Standard,Mobile App,,7,,
5012988,966251,2025-11-06,Books,Science Fiction Epic,3,32.64,10,88.13,0.0,16.74,104.87,Apple Pay,Delivered,Standard,Website,HOLIDAY25,7,4.0,
7228457,485092,2025-11-06,Books,Science Fiction Epic,1,9.04,15,7.68,5.99,0.0,13.67,Debit Card,Delivered,Standard,Mobile App,VIP15,7,,
6349371,516528,2025-11-06,Beauty & Personal Care,Shampoo & Conditioner Set,3,51.24,0,153.72,0.0,9.22,162.94,PayPal,Delivered,Standard,Website,,7,,
6700891,773540,2025-11-07,Office Supplies,File Folders Pack,4,95.68,15,325.31,0.0,19.52,344.83,Credit Card,Delivered,Standard,Website,VIP15,7,,
3559593,942283,2025-11-07,Books,Cookbook: Weeknight Dinners,3,45.0,30,94.5,24.99,15.12,134.61,Debit Card,Delivered,Next-Day,Mobile App,FLASH30,1,,
3634713,903815,2025-11-07,Toys & Games,Educational STEM Kit,1,33.6,0,33.6,27.99,2.02,63.61,Credit Card,Cancelled,Next-Day,Mobile App,,1,,
3531421,943477,2025-11-07,Clothing,Rain Jacket,2,60.16,0,120.32,12.99,7.52,140.83,Credit Card,Delivered,Express,Mobile App,,3,2.0,
6838123,941827,2025-11-07,Clothing,Winter Parka,3,65.88,0,197.64,12.99,16.31,226.94,Credit Card,Returned,Express,Mobile App,,3,,Not as Described
4780470,475043,2025-11-07,Clothing,Winter Parka,1,81.92,0,81.92,0.0,8.19,90.11,Credit Card,Delivered,Standard,Mobile App,,7,,
7306982,287382,2025-11-07,Sports & Outdoors,Adjustable Dumbbell Set,1,83.81,30,58.67,14.99,4.84,78.5,PayPal,Delivered,Express,Mobile App,FREESHIP,3,4.0,
9409229,964937,2025-11-07,Clothing,Running Shoes,4,66.46,0,265.84,24.99,21.93,312.76,Google Pay,Delivered,Next-Day,Website,,1,,
4977548,642033,2025-11-07,Home & Kitchen,Coffee Maker,1,96.16,0,96.16,0.0,7.93,104.09,Debit Card,Delivered,Standard,Marketplace,,7,5.0,
3224342,690537,2025-11-07,Clothing,Slim Fit Jeans,2,51.45,0,102.9,0.0,10.29,113.19,Gift Card,Delivered,Standard,Mobile App,,7,4.0,
5369988,547541,2025-11-07,Books,Fantasy Trilogy Box Set,2,14.65,0,29.3,5.99,2.93,38.22,Debit Card,Delivered,Standard,Website,,7,,
6034375,492669,2025-11-07,Toys & Games,Puzzle 1000pc,1,17.88,0,17.88,5.99,1.12,24.99,Google Pay,Delivered,Standard,Website,,7,,
7319587,396871,2025-11-07,Books,Mystery Novel,3,11.61,0,34.83,5.99,2.87,43.69,Google Pay,Shipped,Standard,Mobile App,,7,,
7098405,712536,2025-11-07,Grocery,Pasta Variety Pack,5,30.07,25,112.76,0.0,22.55,135.31,Debit Card,Delivered,Standard,Mobile App,SAVE20,7,4.0,
7671701,807143,2025-11-07,Books,Self-Help Guide,3,7.94,0,23.82,5.99,3.81,33.62,Credit Card,Delivered,Standard,Website,,7,,
1552526,122359,2025-11-08,Sports & Outdoors,Camping Tent,1,147.78,5,140.39,0.0,8.77,149.16,Gift Card,Delivered,Standard,Mobile App,VIP15,7,5.0,
5867393,316724,2025-11-08,Electronics,Portable Charger,1,1089.44,0,1089.44,0.0,89.88,1179.32,Credit Card,Cancelled,Standard,Website,,7,,
9684458,515463,2025-11-08,Home & Kitchen,Cutlery Set,2,194.25,5,369.08,0.0,22.14,391.22,Debit Card,Delivered,Standard,Website,HOLIDAY25,7,,
3944363,912018,2025-11-08,Beauty & Personal Care,Facial Moisturizer,1,26.4,0,26.4,27.99,1.65,56.04,Credit Card,Delivered,Next-Day,Marketplace,,1,,
2734889,425339,2025-11-08,Grocery,Protein Bar Box,5,23.69,10,106.6,0.0,6.4,113.0,Debit Card,Delivered,Standard,Website,FLASH30,7,4.0,
9101083,854070,2025-11-08,Electronics,Wireless Mouse,5,446.77,0,2233.85,12.99,290.4,2537.24,PayPal,Shipped,Express,Website,,3,,
4628012,529908,2025-11-08,Home & Kitchen,Stand Mixer,2,114.9,0,229.8,0.0,45.96,275.76,Gift Card,Shipped,Free Pickup,Website,,0,,
3505456,269261,2025-11-08,Home & Kitchen,Coffee Maker,1,48.09,15,40.88,5.99,4.09,50.96,Credit Card,Delivered,Standard,Mobile App,FLASH30,7,5.0,
6982790,942045,2025-11-08,Office Supplies,Whiteboard,1,58.48,15,49.71,5.99,3.11,58.81,Debit Card,Delivered,Standard,Marketplace,FLASH30,7,5.0,
5236940,181067,2025-11-08,Beauty & Personal Care,Perfume,1,7.55,15,6.42,5.99,0.4,12.81,Debit Card,Delivered,Standard,Marketplace,FLASH30,7,5.0,
3316535,427055,2025-11-08,Home & Kitchen,Vacuum Cleaner,1,81.89,10,73.7,5.99,4.42,84.11,Credit Card,Delivered,Standard,Mobile App,SUMMER10,7,4.0,
9434891,385214,2025-11-08,Home & Kitchen,Coffee Maker,2,72.33,20,115.73,0.0,9.55,125.28,Credit Card,Delivered,Free Pickup,Website,FLASH30,0,,
9079792,942283,2025-11-08,Books,Historical Biography,4,13.25,0,53.0,5.99,3.18,62.17,Google Pay,Delivered,Standard,Mobile App,,7,,
9187291,550369,2025-11-08,Clothing,Rain Jacket,5,71.89,0,359.45,0.0,0.0,359.45,Debit Card,Delivered,Free Pickup,Website,,0,,
1660158,106365,2025-11-08,Home & Kitchen,Air Fryer,1,104.65,20,83.72,12.99,6.91,103.62,PayPal,Delivered,Express,Website,VIP15,3,,
3389538,598994,2025-11-08,Clothing,Slim Fit Jeans,1,32.76,10,29.48,5.99,2.95,38.42,Debit Card,Delivered,Standard,Website,SAVE20,7,,
5454857,957720,2025-11-08,Beauty & Personal Care,Facial Moisturizer,4,32.42,0,129.68,0.0,8.1,137.78,PayPal,Processing,Standard,Mobile App,,7,,
5815171,805875,2025-11-09,Beauty & Personal Care,Vitamin C Serum,2,13.09,25,19.63,5.99,1.62,27.24,Debit Card,Delivered,Standard,Marketplace,SAVE20,7,,
3535700,488554,2025-11-09,Clothing,Summer Dress,2,94.08,15,159.94,12.99,12.8,185.73,Credit Card,Cancelled,Express,Marketplace,VIP15,3,,
8111740,192985,2025-11-09,Clothing,Wool Sweater,3,50.92,5,145.12,12.99,9.07,167.18,PayPal,Delivered,Express,Website,HOLIDAY25,3,,
7989584,663408,2025-11-09,Sports & Outdoors,Mountain Bike Helmet,1,109.13,10,98.22,12.99,7.86,119.07,PayPal,Delivered,,Website,SUMMER10,3,,
6230661,843085,2025-11-09,Home & Kitchen,LED Desk Lamp,2,160.81,0,321.62,24.99,20.1,366.71,PayPal,Delivered,Next-Day,Mobile App,,1,,
5171298,236288,2025-11-09,Home & Kitchen,LED Desk Lamp,1,93.28,0,93.28,12.99,5.6,111.87,Debit Card,Delivered,Express,Marketplace,,3,4.0,
5326809,122576,2025-11-09,Sports & Outdoors,Insulated Water Bottle,1,34.04,5,32.34,5.99,2.1,40.43,Credit Card,Delivered,Standard,Mobile App,FREESHIP,7,2.0,
3433732,210439,2025-11-09,Electronics,Bluetooth Speaker,2,853.2,0,1706.4,0.0,140.78,1847.18,Credit Card,Delivered,Standard,Mobile App,,7,5.0,
7790622,771645,2025-11-09,Clothing,Slim Fit Jeans,1,20.01,0,20.01,5.99,1.2,27.2,Apple Pay,Delivered,Standard,Website,,7,4.0,
4610920,985541,2025-11-09,Beauty & Personal Care,Electric Toothbrush,4,47.65,0,190.6,12.99,15.72,219.31,Credit Card,Delivered,Express,Mobile App,,3,3.0,
1745697,233128,2025-11-10,Home & Kitchen,LED Desk Lamp,1,95.42,0,95.42,0.0,6.2,101.62,Credit Card,Cancelled,Standard,Website,,7,,
8198853,671138,2025-11-10,Electronics,Wireless Mouse,1,286.05,0,286.05,12.99,28.61,327.65,Credit Card,Delivered,Express,Mobile App,,3,5.0,
8126839,119888,2025-11-10,Books,Cookbook: Weeknight Dinners,1,12.83,15,10.91,14.99,0.0,25.9,PayPal,Delivered,Express,Marketplace,SUMMER10,3,5.0,
2997954,304008,2025-11-10,Office Supplies,Stapler,4,83.15,0,332.6,24.99,43.24,400.83,Credit Card,Delivered,Next-Day,Mobile App,,1,5.0,
2473687,131194,2025-11-10,Electronics,Wireless Earbuds,1,712.6,20,570.08,12.99,47.03,630.1,Apple Pay,Returned,Express,Website,FREESHIP,3,,Arrived Late
1347132,697324,2025-11-10,Sports & Outdoors,Yoga Mat,1,284.19,0,284.19,0.0,17.76,301.95,PayPal,Returned,Standard,Marketplace,,7,,Defective Item
4037795,374219,2025-11-10,Beauty & Personal Care,Sunscreen SPF50,1,28.52,0,28.52,5.99,2.28,36.79,PayPal,Cancelled,Standard,Website,,7,,
2788030,104773,2025-11-10,Sports & Outdoors,Resistance Bands Set,1,211.64,0,211.64,0.0,12.7,224.34,PayPal,Delivered,Free Pickup,Mobile App,,0,5.0,
8298267,278351,2025-11-10,Books,Cookbook: Weeknight Dinners,1,7.49,25,5.62,0.0,0.34,5.96,Credit Card,Cancelled,Free Pickup,Website,SUMMER10,0,,
4145248,196023,2025-11-10,Books,Personal Finance 101,2,37.53,15,63.8,14.99,3.83,82.62,Debit Card,Delivered,Express,Website,SUMMER10,3,,
5131591,789126,2025-11-10,Electronics,Wireless Earbuds,1,243.44,30,170.41,24.99,10.65,206.05,PayPal,Delivered,Next-Day,Website,WELCOME10,1,,
5675788,931819,2025-11-10,Electronics,Smartphone Case,1,681.84,0,681.84,12.99,44.32,739.15,Debit Card,Delivered,Express,Website,,3,5.0,
7082853,467924,2025-11-10,Home & Kitchen,Stand Mixer,1,281.1,10,252.99,0.0,20.87,273.86,Credit Card,Cancelled,Standard,Website,HOLIDAY25,7,,
5184394,206905,2025-11-10,Books,Mystery Novel,3,11.99,0,35.97,5.99,7.19,49.15,PayPal,Returned,Standard,Mobile App,,7,,Arrived Late
6431668,367081,2025-11-10,Office Supplies,Ballpoint Pen Pack,2,30.39,0,60.78,5.99,3.65,70.42,Google Pay,Returned,Standard,Marketplace,,7,,Better Price Found
9386246,660873,2025-11-10,Clothing,Winter Parka,1,51.25,30,35.88,14.99,2.24,53.11,Apple Pay,Shipped,Express,Website,SUMMER10,3,,
7435430,229964,2025-11-10,Home & Kitchen,Coffee Maker,1,63.1,0,63.1,5.99,3.94,73.03,PayPal,Delivered,Standard,Mobile App,,7,4.0,
1040911,314662,2025-11-11,Clothing,Slim Fit Jeans,1,180.0,10,162.0,12.99,12.96,187.95,Credit Card,Delivered,Express,Mobile App,SUMMER10,3,5.0,
6287104,955861,2025-11-11,Toys & Games,Card Game Deck,1,71.33,0,71.33,14.99,4.28,90.6,Apple Pay,Delivered,Express,Mobile App,,3,3.0,
1195428,225693,2025-11-11,Sports & Outdoors,Mountain Bike Helmet,2,203.53,0,407.06,12.99,24.42,444.47,Credit Card,Returned,Express,Website,,3,,Wrong Size
6502872,941827,2025-11-11,Sports & Outdoors,Fitness Tracker Watch,1,42.0,20,33.6,5.99,5.38,44.97,Credit Card,Delivered,Standard,Mobile App,FLASH30,7,4.0,
5222879,672511,2025-11-11,Sports & Outdoors,Adjustable Dumbbell Set,1,87.54,0,87.54,0.0,7.0,94.54,Google Pay,Returned,Standard,Website,,7,,Defective Item
7432011,820298,2025-11-11,Electronics,Laptop Stand,1,506.21,30,354.35,0.0,29.23,383.58,Debit Card,Delivered,Standard,Mobile App,HOLIDAY25,7,,
9885939,808680,2025-11-11,Home & Kitchen,Air Fryer,3,94.55,15,241.1,0.0,38.58,279.68,Google Pay,Delivered,Standard,Mobile App,VIP15,7,5.0,
2191442,488643,2025-11-11,Home & Kitchen,Vacuum Cleaner,1,122.39,0,122.39,24.99,10.1,157.48,PayPal,Cancelled,Next-Day,Mobile App,,1,,
4550559,637499,2025-11-11,Grocery,Protein Bar Box,1,15.4,0,15.4,5.99,2.0,23.39,Apple Pay,Delivered,Standard,Website,,7,5.0,
2078005,553849,2025-11-11,Clothing,Running Shoes,1,46.93,0,46.93,27.99,3.05,77.97,Debit Card,Delivered,Next-Day,Marketplace,,1,5.0,
3379588,533723,2025-11-11,Toys & Games,Educational STEM Kit,1,10.73,30,7.51,5.99,0.47,13.97,Debit Card,Delivered,Standard,Mobile App,VIP15,7,4.0,
6262761,379104,2025-11-11,Clothing,Summer Dress,5,75.95,20,303.8,0.0,30.38,334.18,Debit Card,Delivered,Standard,Mobile App,FREESHIP,7,4.0,
7183594,806986,2025-11-11,Electronics,Wireless Earbuds,1,77.31,0,77.31,12.99,10.05,100.35,Credit Card,Shipped,Express,Mobile App,,3,,
5312697,469380,2025-11-11,Electronics,4K Smart TV,1,435.88,25,326.91,12.99,19.61,359.51,Credit Card,Delivered,Express,Website,SAVE20,3,5.0,
7391065,764258,2025-11-12,Clothing,Wool Sweater,2,30.05,0,60.1,14.99,3.61,78.7,Credit Card,Delivered,Express,Mobile App,,3,3.0,
7546730,549078,2025-11-12,Home & Kitchen,Ceramic Dinnerware Set,2,15.81,0,31.62,5.99,1.98,39.59,PayPal,Delivered,Standard,Mobile App,,7,5.0,
5430184,401813,2025-11-12,Sports & Outdoors,Mountain Bike Helmet,1,101.88,25,76.41,0.0,4.58,80.99,Credit Card,Delivered,Standard,Website,HOLIDAY25,7,4.0,
6540174,205361,2025-11-12,Clothing,Winter Parka,3,49.61,0,148.83,0.0,8.93,157.76,PayPal,Delivered,Standard,Mobile App,,7,4.0,
5410942,670693,2025-11-12,Electronics,Laptop Stand,1,1048.04,0,1048.04,0.0,62.88,1110.92,Credit Card,Delivered,Standard,Mobile App,,7,,
5252877,530251,2025-11-12,Electronics,Smartphone Case,2,654.76,0,1309.52,0.0,261.9,1571.42,Credit Card,Delivered,Standard,Website,,7,2.0,
5416310,523989,2025-11-12,Electronics,Smartphone Case,1,184.15,10,165.74,0.0,9.94,175.68,Gift Card,Returned,Standard,Mobile App,SUMMER10,7,,Arrived Late
2188076,944244,2025-11-12,Clothing,Slim Fit Jeans,1,45.64,10,41.08,14.99,3.39,59.46,Debit Card,Delivered,Express,Website,SUMMER10,3,5.0,
9653471,597542,2025-11-12,Home & Kitchen,Cotton Bed Sheets,1,62.64,20,50.11,5.99,3.01,59.11,Apple Pay,Delivered,Standard,Mobile App,VIP15,7,5.0,
3996640,557252,2025-11-12,Electronics,Streaming Media Player,1,703.99,20,563.19,0.0,46.46,609.65,Credit Card,Delivered,Standard,Mobile App,HOLIDAY25,7,2.0,
9925233,249284,2025-11-12,Sports & Outdoors,Insulated Water Bottle,2,49.3,30,69.02,14.99,4.31,88.32,PayPal,Delivered,Express,Mobile App,FLASH30,3,,
4747901,519251,2025-11-12,Home & Kitchen,Cotton Bed Sheets,1,91.64,30,64.15,5.99,3.85,73.99,PayPal,Delivered,Standard,Mobile App,VIP15,7,,
1213391,557252,2025-11-12,Grocery,Granola Cereal,2,12.16,5,23.1,5.99,1.44,30.53,Google Pay,Delivered,Standard,Mobile App,FREESHIP,7,,
2014128,520397,2025-11-12,Clothing,Slim Fit Jeans,3,143.33,5,408.49,0.0,24.51,433.0,Debit Card,Cancelled,Standard,Website,WELCOME10,7,,
7839076,992497,2025-11-12,Beauty & Personal Care,Shampoo & Conditioner Set,3,23.15,20,55.56,5.99,3.33,64.88,Credit Card,Delivered,Standard,Marketplace,VIP15,7,,
2191071,448379,2025-11-12,Clothing,Women's Yoga Pants,3,48.28,25,108.63,24.99,6.79,140.41,Debit Card,Delivered,Next-Day,Mobile App,VIP15,1,,
1423131,843085,2025-11-13,Electronics,4K Smart TV,2,578.39,30,809.75,0.0,48.58,858.33,Credit Card,Cancelled,Standard,Website,FREESHIP,7,,
8737157,831938,2025-11-13,Home & Kitchen,Non-Stick Frying Pan,3,31.63,30,66.42,5.99,5.31,77.72,Credit Card,Delivered,Standard,Website,VIP15,7,4.0,
6999684,543108,2025-11-13,Beauty & Personal Care,Vitamin C Serum,1,78.8,15,66.98,0.0,13.4,80.38,PayPal,Delivered,Free Pickup,Mobile App,FLASH30,0,5.0,
5559477,236288,2025-11-13,Clothing,Slim Fit Jeans,1,48.54,5,46.11,5.99,3.0,55.1,PayPal,Delivered,Standard,Website,HOLIDAY25,7,5.0,
7816698,943373,2025-11-13,Electronics,Portable Charger,1,449.55,30,314.68,0.0,25.17,339.85,Credit Card,Cancelled,Standard,Marketplace,VIP15,7,,
4414979,632716,2025-11-13,Electronics,Smartphone Case,1,97.97,0,97.97,0.0,5.88,103.85,Google Pay,Delivered,Standard,Website,,7,5.0,
5306836,945410,2025-11-13,Beauty & Personal Care,Sunscreen SPF50,1,11.54,0,11.54,14.99,0.0,26.53,Credit Card,Returned,Express,Mobile App,,3,,Defective Item
7191237,549826,2025-11-13,Toys & Games,Card Game Deck,2,76.96,0,153.92,0.0,9.24,163.16,Google Pay,Delivered,Free Pickup,Mobile App,,0,5.0,
6520578,698930,2025-11-13,Beauty & Personal Care,Makeup Palette,2,51.13,10,92.03,0.0,5.75,97.78,Debit Card,Delivered,Standard,Mobile App,FREESHIP,7,,
5752822,148019,2025-11-13,Beauty & Personal Care,Vitamin C Serum,2,26.57,5,50.48,5.99,3.03,59.5,Debit Card,Delivered,Standard,Website,VIP15,7,3.0,
5083154,401813,2025-11-13,Beauty & Personal Care,Skincare Gift Set,3,44.91,0,134.73,0.0,11.12,145.85,Google Pay,Delivered,Standard,Website,,7,,
9816158,848646,2025-11-13,Beauty & Personal Care,Makeup Palette,4,25.91,25,77.73,0.0,4.86,82.59,Credit Card,Returned,Standard,Website,FLASH30,7,,Better Price Found
4106547,240201,2025-11-13,Sports & Outdoors,Resistance Bands Set,1,57.12,30,39.98,14.99,6.4,61.37,PayPal,Returned,Express,Mobile App,FREESHIP,3,,Defective Item
3505582,468940,2025-11-14,Home & Kitchen,Cotton Bed Sheets,1,80.67,20,64.54,5.99,4.03,74.56,Gift Card,Returned,Standard,Website,FLASH30,7,,Better Price Found
3374304,530251,2025-11-14,Toys & Games,Action Figure,1,18.24,25,13.68,5.99,0.86,20.53,PayPal,Delivered,Standard,Website,FLASH30,7,4.0,
1865789,848646,2025-11-14,Clothing,Winter Parka,1,18.37,25,13.78,5.99,1.14,20.91,Credit Card,Delivered,Standard,Website,SAVE20,7,1.0,
2611302,436577,2025-11-14,Books,Graphic Novel,3,16.77,0,50.31,0.0,0.0,50.31,Debit Card,Delivered,Free Pickup,Mobile App,,0,,
3920563,804849,2025-11-14,Electronics,Noise-Cancelling Headphones,1,569.16,30,398.41,0.0,23.9,422.31,Google Pay,Delivered,Standard,Marketplace,FREESHIP,7,4.0,
4074952,944244,2025-11-14,Home & Kitchen,Cotton Bed Sheets,4,138.68,0,554.72,0.0,44.38,599.1,Google Pay,Cancelled,Standard,Mobile App,,7,,
4713053,465917,2025-11-14,Office Supplies,Label Maker,1,64.07,5,60.87,5.99,7.91,74.77,Google Pay,Delivered,Standard,Website,SAVE20,7,,
4049086,430623,2025-11-14,Home & Kitchen,LED Desk Lamp,2,128.38,25,192.57,0.0,36.59,229.16,Gift Card,Delivered,Free Pickup,Website,HOLIDAY25,0,5.0,
5468639,598590,2025-11-14,Electronics,Mechanical Keyboard,3,485.92,0,1457.76,12.99,87.47,1558.22,PayPal,Delivered,Express,Marketplace,,3,3.0,
2251092,438636,2025-11-14,Clothing,Baseball Cap,3,96.62,20,231.89,0.0,14.49,246.38,Debit Card,Delivered,Free Pickup,Mobile App,FLASH30,0,5.0,
3429132,158414,2025-11-14,Grocery,Honey Jar,3,14.15,10,38.21,27.99,2.39,68.59,PayPal,Delivered,Next-Day,Mobile App,VIP15,1,,
5721488,511311,2025-11-14,Home & Kitchen,Cutlery Set,3,107.45,15,274.0,0.0,52.06,326.06,Debit Card,Delivered,Standard,Website,WELCOME10,7,,
7337181,620174,2025-11-14,Sports & Outdoors,Camping Tent,1,62.35,15,53.0,5.99,5.3,64.29,PayPal,Delivered,Standard,Mobile App,SAVE20,7,4.0,
2682306,483080,2025-11-14,Clothing,Men's Denim Jacket,1,80.82,20,64.66,14.99,4.04,83.69,Credit Card,Cancelled,Express,Website,VIP15,3,,
3805662,602801,2025-11-14,Beauty & Personal Care,Sunscreen SPF50,3,24.89,10,67.2,5.99,4.2,77.39,Credit Card,Returned,Standard,Mobile App,WELCOME10,7,,Defective Item
3551726,494006,2025-11-14,Clothing,Men's Denim Jacket,2,34.06,0,68.12,5.99,4.09,78.2,Google Pay,Delivered,Standard,Website,,7,4.0,
1325524,764665,2025-11-14,Home & Kitchen,Cutlery Set,1,100.14,30,70.1,5.99,4.38,80.47,Credit Card,Delivered,Standard,Mobile App,SUMMER10,7,,
5912881,613863,2025-11-15,Home & Kitchen,Cotton Bed Sheets,1,69.67,10,62.7,5.99,3.76,72.45,Debit Card,Delivered,Standard,Website,VIP15,7,,
2130899,871479,2025-11-15,Home & Kitchen,Ceramic Dinnerware Set,1,120.09,15,102.08,0.0,13.27,115.35,Google Pay,Delivered,Standard,Mobile App,FREESHIP,7,3.0,
9703900,597542,2025-11-15,Books,Science Fiction Epic,3,28.14,30,59.09,5.99,3.55,68.63,Google Pay,Delivered,Standard,Website,SAVE20,7,5.0,
3597152,336051,2025-11-15,Toys & Games,Remote Control Car,1,19.18,0,19.18,5.99,1.53,26.7,Credit Card,Cancelled,Standard,Website,,7,,
5468640,494553,2025-11-15,Electronics,Bluetooth Speaker,1,324.72,15,276.01,12.99,22.08,311.08,Gift Card,Delivered,Express,Website,FREESHIP,3,4.0,
1820237,139108,2025-11-15,Sports & Outdoors,Adjustable Dumbbell Set,1,49.69,0,49.69,5.99,4.1,59.78,PayPal,Shipped,Standard,Marketplace,,7,,
4830293,121565,2025-11-15,Grocery,Honey Jar,2,25.03,30,35.04,5.99,2.19,43.22,PayPal,Delivered,Standard,Mobile App,SUMMER10,7,3.0,
6658971,820754,2025-11-15,Books,Poetry Collection,4,8.74,10,31.46,27.99,2.6,62.05,PayPal,Delivered,Next-Day,Mobile App,VIP15,1,,
7025565,821498,2025-11-15,Electronics,Wireless Earbuds,2,595.47,0,1190.94,24.99,71.46,1287.39,PayPal,Delivered,Next-Day,Marketplace,,1,4.0,
7946439,497993,2025-11-15,Electronics,Wireless Mouse,2,864.35,15,1469.4,0.0,117.55,1586.95,Credit Card,Delivered,Standard,Mobile App,SUMMER10,7,,
8198937,227041,2025-11-15,Office Supplies,Ballpoint Pen Pack,2,81.08,0,162.16,12.99,16.22,191.37,Google Pay,Delivered,Express,Website,,3,,
2116275,639465,2025-11-15,Toys & Games,Building Block Set,1,74.18,10,66.76,14.99,5.51,87.26,Credit Card,Cancelled,Express,Marketplace,WELCOME10,3,,
5810004,996684,2025-11-15,Beauty & Personal Care,Electric Toothbrush,1,69.1,5,65.64,0.0,6.56,72.2,Credit Card,Returned,Free Pickup,Website,WELCOME10,0,,Better Price Found
8811148,726518,2025-11-15,Beauty & Personal Care,Facial Moisturizer,1,65.62,0,65.62,5.99,5.41,77.02,Credit Card,Returned,Standard,Website,,7,,Changed Mind
4200332,757288,2025-11-16,Toys & Games,Building Block Set,2,41.22,0,82.44,0.0,5.15,87.59,Google Pay,Cancelled,Standard,Website,,7,,
6579426,343810,2025-11-16,Beauty & Personal Care,Perfume,2,19.42,15,33.01,5.99,3.3,42.3,Debit Card,Delivered,Standard,Mobile App,HOLIDAY25,7,2.0,
8874292,498642,2025-11-16,Home & Kitchen,Ceramic Dinnerware Set,1,172.79,0,172.79,24.99,10.37,208.15,PayPal,Delivered,Next-Day,Website,,1,5.0,
2940158,244802,2025-11-16,Electronics,Smartphone Case,1,603.58,0,603.58,0.0,36.21,639.79,Credit Card,Delivered,Standard,Website,,7,5.0,
2553086,177265,2025-11-16,Clothing,Summer Dress,2,99.4,25,149.1,24.99,9.32,183.41,Credit Card,Delivered,Next-Day,Website,VIP15,1,,
6735983,711151,2025-11-16,Toys & Games,Remote Control Car,2,11.22,0,22.44,0.0,1.4,23.84,Credit Card,Shipped,Free Pickup,Website,,0,,
5384120,557486,2025-11-16,Clothing,Cotton T-Shirt,5,129.29,5,614.13,0.0,49.13,663.26,PayPal,Delivered,Standard,Marketplace,VIP15,7,,
5692849,307037,2025-11-16,Books,Science Fiction Epic,1,22.73,25,17.05,5.99,1.07,24.11,Debit Card,Delivered,Standard,Mobile App,SUMMER10,7,4.0,
9958400,196023,2025-11-16,Toys & Games,Plush Teddy Bear,1,33.78,20,27.02,27.99,2.16,57.17,Credit Card,Cancelled,Next-Day,Website,VIP15,1,,
9131447,969091,2025-11-16,Sports & Outdoors,Yoga Mat,1,83.77,0,83.77,12.99,16.75,113.51,Credit Card,Returned,Express,Website,,3,,Wrong Size
2019516,249284,2025-11-16,Home & Kitchen,LED Desk Lamp,1,91.11,10,82.0,0.0,5.12,87.12,,Delivered,Standard,Mobile App,SUMMER10,7,4.0,
8146653,355903,2025-11-17,Beauty & Personal Care,Sunscreen SPF50,2,26.06,0,52.12,5.99,3.26,61.37,PayPal,Delivered,Standard,Website,,7,5.0,
6272127,321283,2025-11-17,Electronics,Wireless Earbuds,1,281.41,0,281.41,0.0,45.03,326.44,Credit Card,Delivered,Free Pickup,Mobile App,,0,,
5672652,295857,2025-11-17,Clothing,Summer Dress,2,51.53,20,82.45,0.0,4.95,87.4,PayPal,Returned,Standard,Website,WELCOME10,7,,Defective Item
4171497,709496,2025-11-17,Electronics,Laptop Stand,1,231.77,30,162.24,0.0,32.45,194.69,Debit Card,Delivered,Standard,Marketplace,FREESHIP,7,1.0,
3215814,695078,2025-11-17,Clothing,Winter Parka,2,47.26,10,85.07,0.0,7.02,92.09,Credit Card,Delivered,Standard,Website,SUMMER10,7,2.0,
9254962,801630,2025-11-17,Beauty & Personal Care,Hair Dryer,1,71.14,0,71.14,5.99,5.87,83.0,Google Pay,Delivered,,Marketplace,,7,4.0,
1159087,670928,2025-11-17,Home & Kitchen,Cotton Bed Sheets,3,55.77,20,133.85,0.0,8.37,142.22,Credit Card,Delivered,Standard,Marketplace,SUMMER10,7,4.0,
6972170,806683,2025-11-17,Beauty & Personal Care,Electric Razor,1,41.64,0,41.64,5.99,2.5,50.13,Debit Card,Delivered,Standard,Marketplace,,7,,
1919474,218562,2025-11-18,Toys & Games,Outdoor Water Blaster,3,62.81,0,188.43,12.99,37.69,239.11,Debit Card,Delivered,Express,Marketplace,,3,5.0,
8888262,688461,2025-11-18,Clothing,Running Shoes,3,180.0,0,540.0,12.99,44.55,597.54,Credit Card,Delivered,Express,Mobile App,,3,3.0,
8872525,460687,2025-11-18,Home & Kitchen,Air Fryer,2,245.08,0,490.16,0.0,30.64,520.8,PayPal,Delivered,Standard,Website,,7,5.0,
3374005,119435,2025-11-18,Home & Kitchen,Cotton Bed Sheets,1,204.15,20,163.32,0.0,9.8,173.12,Credit Card,Delivered,Standard,Marketplace,SUMMER10,7,3.0,
4051324,813547,2025-11-18,Electronics,Wireless Mouse,1,540.77,10,486.69,0.0,30.42,517.11,Credit Card,Delivered,Standard,Mobile App,FLASH30,7,,
1665815,226126,2025-11-18,Sports & Outdoors,Insulated Water Bottle,1,202.08,0,202.08,0.0,12.12,214.2,Credit Card,Cancelled,Free Pickup,Marketplace,,0,,
5250660,512665,2025-11-18,Clothing,Slim Fit Jeans,1,59.5,0,59.5,5.99,3.72,69.21,Debit Card,Delivered,Standard,Website,,7,,
5720780,225182,2025-11-18,Clothing,Women's Yoga Pants,1,84.78,25,63.58,5.99,5.25,74.82,Apple Pay,Delivered,Standard,Website,WELCOME10,7,5.0,
9923866,358988,2025-11-18,Beauty & Personal Care,Sunscreen SPF50,2,33.21,10,59.78,5.99,11.96,77.73,Credit Card,Returned,Standard,Marketplace,VIP15,7,,Defective Item
7775474,581702,2025-11-19,Clothing,Winter Parka,1,23.43,30,16.4,27.99,1.02,45.41,Credit Card,Delivered,Next-Day,Marketplace,WELCOME10,1,,
4721141,122359,2025-11-19,Electronics,Smartphone Case,1,431.92,25,323.94,0.0,26.73,350.67,Debit Card,Delivered,Standard,Website,SUMMER10,7,5.0,
3880299,996684,2025-11-19,Home & Kitchen,Cotton Bed Sheets,1,104.87,25,78.65,24.99,4.72,108.36,Credit Card,Shipped,Next-Day,Mobile App,WELCOME10,1,,
9526575,709428,2025-11-19,Grocery,Dark Chocolate Bar,2,12.22,25,18.33,5.99,1.51,25.83,Debit Card,Delivered,Standard,Mobile App,SUMMER10,7,3.0,
8876545,475043,2025-11-19,Home & Kitchen,LED Desk Lamp,1,173.63,20,138.9,0.0,8.68,147.58,Credit Card,Cancelled,Standard,Website,FLASH30,7,,
8694808,542798,2025-11-19,Grocery,Granola Cereal,1,30.03,0,30.03,5.99,2.48,38.5,Debit Card,Delivered,Standard,Website,,7,,
6162506,196023,2025-11-19,Toys & Games,Building Block Set,3,103.92,0,311.76,24.99,62.35,399.1,Debit Card,Returned,Next-Day,Website,,1,,Better Price Found
1905948,670928,2025-11-19,Electronics,Wireless Earbuds,1,102.56,0,102.56,12.99,8.46,124.01,Credit Card,Cancelled,Express,Website,,3,,
7448070,557252,2025-11-19,Toys & Games,Plush Teddy Bear,2,100.71,20,161.14,24.99,10.07,196.2,Credit Card,Delivered,Next-Day,Website,VIP15,1,4.0,
6427158,483080,2025-11-19,Electronics,Streaming Media Player,2,369.19,10,664.54,0.0,106.33,770.87,Credit Card,Delivered,Standard,Website,FLASH30,7,,
6123473,522163,2025-11-19,Electronics,Laptop Stand,1,220.59,25,165.44,0.0,9.93,175.37,Debit Card,Delivered,Standard,Website,FREESHIP,7,5.0,
1474249,698997,2025-11-20,Toys & Games,Puzzle 1000pc,2,25.17,0,50.34,5.99,3.15,59.48,PayPal,Delivered,Standard,Mobile App,,7,4.0,
6932501,543108,2025-11-20,Beauty & Personal Care,Facial Moisturizer,2,20.74,10,37.33,5.99,3.08,46.4,Credit Card,Delivered,Standard,Website,SAVE20,7,,
3918575,346532,2025-11-20,Beauty & Personal Care,Perfume,1,32.79,0,32.79,14.99,1.97,49.75,Credit Card,Delivered,Express,Website,,3,5.0,
3699678,465408,2025-11-20,Home & Kitchen,Stand Mixer,2,33.1,15,56.27,5.99,3.52,65.78,Gift Card,Delivered,Standard,Marketplace,FREESHIP,7,2.0,
1495907,717194,2025-11-20,Clothing,Cotton T-Shirt,1,123.96,25,92.97,0.0,5.58,98.55,Credit Card,Delivered,Free Pickup,Marketplace,FREESHIP,0,4.0,
8148322,582249,2025-11-20,Sports & Outdoors,Yoga Mat,1,48.7,0,48.7,14.99,3.9,67.59,Credit Card,Shipped,Express,Website,,3,,
7990373,226126,2025-11-20,Books,Graphic Novel,1,22.26,0,22.26,0.0,1.78,24.04,Credit Card,Processing,Free Pickup,Website,,0,,
8493946,525803,2025-11-20,Electronics,Mechanical Keyboard,1,960.9,20,768.72,12.99,46.12,827.83,Debit Card,Delivered,Express,Mobile App,FLASH30,3,,
8799915,926740,2025-11-20,Books,Personal Finance 101,4,24.29,0,97.16,12.99,8.02,118.17,PayPal,Returned,Express,Mobile App,,3,,Arrived Late
8013511,359971,2025-11-20,Books,Fantasy Trilogy Box Set,1,19.59,0,19.59,27.99,1.18,48.76,Credit Card,Delivered,Next-Day,Marketplace,,1,5.0,
5292749,809484,2025-11-20,Electronics,Smartphone Case,1,298.92,30,209.24,0.0,17.26,226.5,PayPal,Delivered,Standard,Website,WELCOME10,7,5.0,
1429299,717284,2025-11-20,Books,Historical Biography,1,12.76,0,12.76,27.99,1.05,41.8,PayPal,Delivered,Next-Day,Website,,1,,
4933933,696858,2025-11-20,Beauty & Personal Care,Facial Moisturizer,1,33.92,0,33.92,5.99,6.44,46.35,PayPal,Delivered,Standard,Mobile App,,7,4.0,
7411032,199508,2025-11-20,Books,Children's Picture Book,3,17.19,30,36.1,14.99,2.17,53.26,Credit Card,Delivered,Express,Website,FLASH30,3,,
4528444,122359,2025-11-20,Electronics,Portable Charger,3,159.21,25,358.22,0.0,22.39,380.61,Debit Card,Delivered,Standard,Website,VIP15,7,,
5873046,931926,2025-11-21,Books,Mystery Novel,2,12.34,25,18.51,5.99,1.11,25.61,Debit Card,Delivered,Standard,Mobile App,FREESHIP,7,,
6575348,436093,2025-11-21,Home & Kitchen,Cotton Bed Sheets,3,98.6,0,295.8,12.99,18.49,327.28,Credit Card,Delivered,Express,Website,,3,4.0,
7567604,821214,2025-11-21,Beauty & Personal Care,Electric Razor,1,31.14,0,31.14,5.99,1.95,39.08,Credit Card,Delivered,Standard,Mobile App,,7,5.0,
4349818,565788,2025-11-21,Toys & Games,Board Game Classic,1,59.97,0,59.97,27.99,3.75,91.71,Credit Card,Delivered,Next-Day,Marketplace,,1,4.0,
8867631,757288,2025-11-21,Beauty & Personal Care,Skincare Gift Set,4,20.56,25,61.68,14.99,3.86,80.53,Credit Card,Cancelled,Express,Mobile App,VIP15,3,,
4446954,544221,2025-11-21,Clothing,Women's Yoga Pants,3,15.26,15,38.91,27.99,2.33,69.23,Google Pay,Delivered,Next-Day,Website,VIP15,1,,
4231338,821498,2025-11-21,Home & Kitchen,Stand Mixer,1,15.55,10,14.0,27.99,0.84,42.83,Gift Card,Delivered,Next-Day,Website,SAVE20,1,4.0,
4857424,746966,2025-11-21,Pet Supplies,Bird Cage,2,101.87,25,152.8,0.0,12.61,165.41,Credit Card,Cancelled,Free Pickup,Marketplace,FREESHIP,0,,
1219979,504905,2025-11-21,Beauty & Personal Care,Electric Razor,2,38.43,0,76.86,0.0,4.8,81.66,Google Pay,Delivered,Standard,Mobile App,,7,,
9819303,791259,2025-11-21,Books,Science Fiction Epic,1,31.81,20,25.45,5.99,3.31,34.75,Credit Card,Delivered,Standard,Marketplace,HOLIDAY25,7,,
6018897,255798,2025-11-21,Electronics,Wireless Earbuds,1,675.82,5,642.03,24.99,102.72,769.74,PayPal,Delivered,Next-Day,Marketplace,WELCOME10,1,5.0,
5763300,702122,2025-11-22,Home & Kitchen,Stand Mixer,2,211.18,30,295.65,24.99,19.22,339.86,Apple Pay,Delivered,Next-Day,Mobile App,SUMMER10,1,,
6033116,146744,2025-11-22,Home & Kitchen,Coffee Maker,2,66.98,15,113.87,24.99,6.83,145.69,Credit Card,Cancelled,Next-Day,Marketplace,SAVE20,1,,
7248066,366709,2025-11-22,Home & Kitchen,Ceramic Dinnerware Set,1,59.81,0,59.81,14.99,4.93,79.73,Credit Card,Cancelled,Express,Mobile App,,3,,
3570003,750599,2025-11-22,Electronics,Laptop Stand,4,614.64,30,1720.99,24.99,107.56,1853.54,Debit Card,Shipped,Next-Day,Website,WELCOME10,1,,
5611042,622669,2025-11-22,Clothing,Men's Denim Jacket,3,25.58,25,57.55,5.99,3.45,66.99,Credit Card,Delivered,Standard,Mobile App,HOLIDAY25,7,,
7111040,807606,2025-11-22,Beauty & Personal Care,Electric Razor,3,47.79,20,114.7,0.0,7.17,121.87,Credit Card,Returned,Free Pickup,Website,FREESHIP,0,,Not as Described
1058122,926416,2025-11-22,Home & Kitchen,Vacuum Cleaner,2,168.05,15,285.68,0.0,23.57,309.25,Credit Card,Delivered,Standard,Mobile App,FLASH30,7,4.0,
6429818,351203,2025-11-22,Beauty & Personal Care,Makeup Palette,4,38.31,0,153.24,0.0,12.64,165.88,PayPal,Delivered,Standard,Mobile App,,7,,
4235823,733081,2025-11-22,Books,Children's Picture Book,3,29.04,10,78.41,12.99,4.9,96.3,Google Pay,Delivered,Express,Website,SAVE20,3,,
3042299,918349,2025-11-22,Sports & Outdoors,Adjustable Dumbbell Set,1,60.33,0,60.33,14.99,3.62,78.94,Apple Pay,Delivered,Express,Website,,3,4.0,
1348294,504905,2025-11-22,Beauty & Personal Care,Hair Dryer,1,47.09,0,47.09,14.99,2.83,64.91,Credit Card,Delivered,Express,Mobile App,,3,5.0,
3172840,729750,2025-11-22,Sports & Outdoors,Fitness Tracker Watch,1,82.81,15,70.39,5.99,4.22,80.6,Credit Card,Delivered,Standard,Website,SAVE20,7,,
7196401,926740,2025-11-22,Grocery,Mixed Nuts Pack,3,12.4,0,37.2,5.99,2.23,45.42,PayPal,Delivered,Standard,Mobile App,,7,3.0,
8842275,598248,2025-11-22,Home & Kitchen,Memory Foam Pillow,4,32.29,20,103.33,12.99,8.27,124.59,Gift Card,Shipped,Express,Website,HOLIDAY25,3,,
1547871,494006,2025-11-22,Clothing,Rain Jacket,1,16.09,30,11.26,5.99,0.93,18.18,Apple Pay,Delivered,Standard,Marketplace,FLASH30,7,5.0,
4043915,248039,2025-11-22,Grocery,Pasta Variety Pack,2,8.83,20,14.13,14.99,1.17,30.29,Debit Card,Delivered,Express,Mobile App,HOLIDAY25,3,4.0,
8323091,527694,2025-11-22,Books,Historical Biography,1,32.43,25,24.32,5.99,3.16,33.47,Credit Card,Delivered,Standard,Website,HOLIDAY25,7,5.0,
4937697,360723,2025-11-22,Electronics,4K Smart TV,1,246.65,20,197.32,0.0,25.65,222.97,Debit Card,Delivered,Standard,Mobile App,FLASH30,7,4.0,
9577482,887116,2025-11-22,Beauty & Personal Care,Skincare Gift Set,1,20.47,0,20.47,5.99,1.28,27.74,Google Pay,Delivered,Standard,Marketplace,,7,,
4142011,424619,2025-11-22,Clothing,Cotton T-Shirt,3,54.02,15,137.75,0.0,11.36,149.11,Apple Pay,Delivered,Standard,Mobile App,FLASH30,7,5.0,
8058982,139381,2025-11-22,Sports & Outdoors,Yoga Mat,1,300.0,0,300.0,0.0,24.75,324.75,Debit Card,Delivered,Standard,Website,,7,4.0,
4094741,513724,2025-11-22,Clothing,Cotton T-Shirt,2,39.2,0,78.4,0.0,4.9,83.3,PayPal,Shipped,Standard,Marketplace,,7,,
3051177,744761,2025-11-22,Clothing,Summer Dress,1,35.65,10,32.08,27.99,2.0,62.07,Credit Card,Delivered,Next-Day,Mobile App,WELCOME10,1,4.0,
5950775,281969,2025-11-22,Clothing,Cotton T-Shirt,3,27.57,0,82.71,0.0,16.54,99.25,Credit Card,Delivered,Standard,Mobile App,,7,5.0,
1589269,570217,2025-11-23,Clothing,Slim Fit Jeans,2,83.49,0,166.98,0.0,10.02,177.0,PayPal,Delivered,Standard,Mobile App,,7,4.0,
6948198,969852,2025-11-23,Electronics,Portable Charger,2,893.39,0,1786.78,0.0,111.67,1898.45,Debit Card,Delivered,Standard,Mobile App,,7,,
7597712,491298,2025-11-23,Home & Kitchen,Coffee Maker,2,316.78,25,475.17,0.0,28.51,503.68,Apple Pay,Cancelled,Standard,Website,WELCOME10,7,,
4678759,965874,2025-11-23,Beauty & Personal Care,Electric Razor,4,42.97,10,154.69,0.0,0.0,154.69,Google Pay,Delivered,Standard,Website,VIP15,7,5.0,
4906490,750599,2025-11-23,Clothing,Rain Jacket,1,23.64,0,23.64,27.99,1.48,53.11,PayPal,Delivered,Next-Day,Website,,1,,
4534229,545658,2025-11-23,Toys & Games,Card Game Deck,1,49.9,0,49.9,14.99,4.12,69.01,Credit Card,Cancelled,Express,Marketplace,,3,,
3488192,237862,2025-11-23,Sports & Outdoors,Camping Tent,1,300.0,20,240.0,0.0,15.0,255.0,Credit Card,Cancelled,Standard,Website,WELCOME10,7,,
7403046,181380,2025-11-23,Books,Children's Picture Book,5,18.68,5,88.73,0.0,5.32,94.05,Apple Pay,Delivered,Free Pickup,Website,HOLIDAY25,0,,
6239115,972701,2025-11-23,Home & Kitchen,Cotton Bed Sheets,1,147.89,30,103.52,0.0,6.21,109.73,PayPal,Shipped,Standard,Website,FREESHIP,7,,
4925432,634127,2025-11-23,Clothing,Running Shoes,3,51.11,0,153.33,0.0,9.58,162.91,Credit Card,Delivered,Standard,Website,,7,5.0,
5723181,320359,2025-11-23,Home & Kitchen,LED Desk Lamp,4,65.72,5,249.74,0.0,0.0,249.74,PayPal,Delivered,Standard,Mobile App,FREESHIP,7,4.0,
3064397,821498,2025-11-23,Clothing,Running Shoes,2,65.52,20,104.83,12.99,8.65,126.47,Credit Card,Delivered,Express,Mobile App,FLASH30,3,3.0,
4949504,625244,2025-11-24,Electronics,Portable Charger,1,308.01,0,308.01,0.0,19.25,327.26,Credit Card,Delivered,Standard,Website,,7,5.0,
9257042,111069,2025-11-24,Home & Kitchen,Cotton Bed Sheets,2,89.74,20,143.58,0.0,8.97,152.55,PayPal,Delivered,Standard,Website,VIP15,7,4.0,
9740529,942283,2025-11-24,Office Supplies,Printer Paper Ream,1,17.06,0,17.06,0.0,1.71,18.77,Credit Card,Delivered,Free Pickup,Mobile App,,0,,
4791242,315385,2025-11-24,Clothing,Summer Dress,1,48.66,0,48.66,0.0,3.04,51.7,Credit Card,Delivered,Free Pickup,Mobile App,,0,5.0,
7792089,211308,2025-11-24,Home & Kitchen,Air Fryer,2,44.78,25,67.17,5.99,4.03,77.19,PayPal,Delivered,Standard,Website,SUMMER10,7,4.0,
4866998,147717,2025-11-24,Pet Supplies,Pet Grooming Brush,1,15.46,5,14.69,14.99,0.88,30.56,PayPal,Delivered,Express,Mobile App,FLASH30,3,5.0,
3447228,773540,2025-11-24,Clothing,Men's Denim Jacket,1,37.97,30,26.58,5.99,1.66,34.23,Debit Card,Delivered,Standard,Mobile App,FREESHIP,7,5.0,
4335849,374219,2025-11-24,Home & Kitchen,Air Fryer,2,32.73,0,65.46,5.99,3.93,75.38,Apple Pay,Delivered,Standard,Website,,7,3.0,
9865603,530251,2025-11-24,Beauty & Personal Care,Makeup Palette,2,11.57,5,21.98,14.99,1.37,38.34,Credit Card,Delivered,Express,Mobile App,WELCOME10,3,,
8168920,813189,2025-11-24,Clothing,Wool Sweater,1,42.79,0,42.79,5.99,3.42,52.2,Credit Card,Delivered,Standard,Website,,7,,
7643463,384588,2025-11-24,Electronics,Bluetooth Speaker,2,642.76,10,1156.97,0.0,72.31,1229.28,Debit Card,Delivered,Standard,Website,HOLIDAY25,7,4.0,
7510882,608344,2025-11-24,Sports & Outdoors,Adjustable Dumbbell Set,1,162.68,0,162.68,0.0,9.76,172.44,Apple Pay,Delivered,Standard,Website,,7,3.0,
3334757,761450,2025-11-24,Books,Graphic Novel,2,20.91,15,35.55,14.99,0.0,50.54,Debit Card,Delivered,Express,Mobile App,FREESHIP,3,,
4430652,864344,2025-11-24,Clothing,Running Shoes,4,106.27,0,425.08,24.99,26.57,476.64,PayPal,Returned,Next-Day,Website,,1,,Changed Mind
2811561,320359,2025-11-24,Clothing,Wool Sweater,2,111.62,15,189.75,0.0,11.38,201.13,Debit Card,Delivered,Standard,Website,SAVE20,7,4.0,
7135934,678850,2025-11-24,Electronics,4K Smart TV,1,105.19,0,105.19,0.0,13.67,118.86,Debit Card,Returned,Standard,Marketplace,,7,,Changed Mind
5166913,932843,2025-11-24,Beauty & Personal Care,Electric Razor,3,20.72,15,52.84,14.99,3.3,71.13,Apple Pay,Returned,Express,Website,WELCOME10,3,,Better Price Found
6544910,515308,2025-11-24,Office Supplies,Label Maker,2,37.89,30,53.05,14.99,4.24,72.28,Credit Card,Delivered,Express,Website,SAVE20,3,5.0,
8673641,702122,2025-11-25,Books,Self-Help Guide,6,13.59,25,61.15,14.99,5.04,81.18,Debit Card,Delivered,Express,Website,VIP15,3,,
9264344,483080,2025-11-25,Electronics,Smartphone Case,2,266.62,20,426.59,12.99,34.13,473.71,PayPal,Delivered,Express,Mobile App,FREESHIP,3,,
8862494,539241,2025-11-25,Beauty & Personal Care,Shampoo & Conditioner Set,3,44.89,0,134.67,0.0,10.77,145.44,Credit Card,Delivered,Standard,Website,,7,,
6164785,822429,2025-11-25,Beauty & Personal Care,Electric Toothbrush,1,36.65,0,36.65,5.99,7.33,49.97,Apple Pay,Delivered,Standard,Mobile App,,7,,
7032976,355903,2025-11-25,Home & Kitchen,LED Desk Lamp,3,70.1,0,210.3,0.0,12.62,222.92,PayPal,Delivered,Standard,Marketplace,,7,,
3127735,752908,2025-11-25,Grocery,Organic Coffee Beans,5,12.55,0,62.75,5.99,5.18,73.92,Credit Card,Delivered,Standard,Mobile App,,7,5.0,
9227200,616639,2025-11-25,Toys & Games,Remote Control Car,1,35.26,20,28.21,5.99,2.26,36.46,Google Pay,Returned,Standard,Marketplace,SUMMER10,7,,Arrived Late
4808817,469380,2025-11-25,Sports & Outdoors,Camping Tent,1,109.41,20,87.53,12.99,8.75,109.27,Debit Card,Shipped,Express,Website,HOLIDAY25,3,,
3148593,544221,2025-11-25,Home & Kitchen,Coffee Maker,2,67.8,5,128.82,12.99,8.05,149.86,Apple Pay,Cancelled,Express,Marketplace,HOLIDAY25,3,,
3890832,433355,2025-11-25,Home & Kitchen,Cutlery Set,3,274.64,30,576.74,0.0,36.05,612.79,Debit Card,Delivered,Standard,Mobile App,SAVE20,7,4.0,
8909101,589943,2025-11-25,Home & Kitchen,Cutlery Set,2,149.27,30,208.98,0.0,12.54,221.52,Credit Card,Delivered,Standard,Mobile App,VIP15,7,5.0,
1910130,465917,2025-11-25,Sports & Outdoors,Fishing Rod,1,127.24,0,127.24,0.0,10.5,137.74,Credit Card,Delivered,Standard,Website,,7,5.0,
2275764,744635,2025-11-25,Home & Kitchen,Memory Foam Pillow,1,189.39,15,160.98,0.0,9.66,170.64,Credit Card,Delivered,Standard,Website,FLASH30,7,4.0,
4255052,379153,2025-11-25,Sports & Outdoors,Basketball,1,92.08,0,92.08,0.0,5.76,97.84,PayPal,Delivered,Standard,Mobile App,,7,4.0,
9047522,295857,2025-11-25,Electronics,Streaming Media Player,1,261.5,0,261.5,0.0,34.0,295.5,Debit Card,Cancelled,Standard,Marketplace,,7,,
4160445,374219,2025-11-25,Electronics,Portable Charger,1,97.22,0,97.22,0.0,5.83,103.05,Credit Card,Delivered,Free Pickup,Mobile App,,0,,
8177471,607529,2025-11-25,Beauty & Personal Care,Hair Dryer,1,24.72,15,21.01,5.99,1.37,28.37,Credit Card,Delivered,Standard,Website,WELCOME10,7,4.0,
7947460,262513,2025-11-25,Clothing,Wool Sweater,1,23.31,0,23.31,0.0,2.33,25.64,Debit Card,Delivered,Free Pickup,Mobile App,,0,,
9047043,195758,2025-11-25,Beauty & Personal Care,Hair Dryer,2,7.99,0,15.98,14.99,1.28,32.25,Credit Card,Delivered,Express,Website,,3,5.0,
9247405,137421,2025-11-25,Grocery,Mixed Nuts Pack,2,39.29,0,78.58,0.0,6.29,84.87,PayPal,Delivered,Standard,Mobile App,,7,,
9963120,433068,2025-11-25,Clothing,Rain Jacket,5,57.13,0,285.65,0.0,0.0,285.65,Credit Card,Delivered,Standard,Website,,7,,
3731523,348817,2025-11-25,Electronics,Wireless Mouse,1,517.38,5,491.51,0.0,49.15,540.66,Credit Card,Delivered,Standard,Mobile App,WELCOME10,7,5.0,
3459280,557486,2025-11-25,Sports & Outdoors,Insulated Water Bottle,1,49.15,20,39.32,14.99,3.24,57.55,Credit Card,Delivered,Express,Website,SUMMER10,3,5.0,
8940502,129133,2025-11-25,Toys & Games,Building Block Set,3,10.93,25,24.59,5.99,2.03,32.61,Debit Card,Shipped,Standard,Website,HOLIDAY25,7,,
4658040,641395,2025-11-26,Clothing,Cotton T-Shirt,4,131.68,5,500.38,0.0,31.27,531.65,Apple Pay,Delivered,Free Pickup,Website,VIP15,0,,
3407142,539241,2025-11-26,Sports & Outdoors,Resistance Bands Set,1,51.19,20,40.95,5.99,3.38,50.32,Credit Card,Delivered,Standard,Mobile App,SAVE20,7,4.0,
3210327,743457,2025-11-26,Beauty & Personal Care,Hair Dryer,2,27.75,0,55.5,14.99,3.33,73.82,Debit Card,Cancelled,Express,Marketplace,,3,,
9551764,502006,2025-11-26,Books,Poetry Collection,3,12.56,0,37.68,14.99,6.03,58.7,Credit Card,Shipped,Express,Mobile App,,3,,
3104542,385326,2025-11-26,Home & Kitchen,Cutlery Set,1,124.5,0,124.5,0.0,7.78,132.28,PayPal,Delivered,Standard,Mobile App,,7,,
8991210,885352,2025-11-26,Home & Kitchen,Ceramic Dinnerware Set,1,156.23,10,140.61,12.99,8.79,162.39,Debit Card,Delivered,Express,Mobile App,SUMMER10,3,,
3622118,972701,2025-11-26,Books,Cookbook: Weeknight Dinners,2,37.4,0,74.8,14.99,11.97,101.76,Credit Card,Delivered,Express,Website,,3,4.0,
4215766,611363,2025-11-26,Grocery,Extra Virgin Olive Oil,3,22.28,0,66.84,0.0,4.18,71.02,Credit Card,Delivered,Free Pickup,Marketplace,,0,5.0,
7979286,531320,2025-11-26,Beauty & Personal Care,Makeup Palette,2,31.52,0,63.04,27.99,5.2,96.23,Debit Card,Returned,Next-Day,Website,,1,,Defective Item
1969668,475091,2025-11-26,Grocery,Extra Virgin Olive Oil,3,15.45,0,46.35,5.99,3.71,56.05,Credit Card,Delivered,Standard,Mobile App,,7,5.0,
7678032,258986,2025-11-26,Beauty & Personal Care,Electric Toothbrush,1,34.5,0,34.5,5.99,2.85,43.34,Credit Card,Delivered,Standard,Website,,7,1.0,
7202050,771645,2025-11-26,Electronics,Noise-Cancelling Headphones,2,244.32,15,415.34,0.0,25.96,441.3,Credit Card,Delivered,Standard,Mobile App,FLASH30,7,,
9337320,520397,2025-11-26,Office Supplies,Printer Paper Ream,7,75.0,20,420.0,0.0,25.2,445.2,Debit Card,Delivered,Standard,Mobile App,FREESHIP,7,,
5542963,184960,2025-11-26,Books,Personal Finance 101,1,30.99,25,23.24,5.99,1.86,31.09,PayPal,Delivered,Standard,Mobile App,WELCOME10,7,4.0,
9468711,138889,2025-11-26,Grocery,Protein Bar Box,2,34.87,0,69.74,0.0,6.97,76.71,Debit Card,Delivered,Free Pickup,Mobile App,,0,4.0,
2553016,320359,2025-11-26,Electronics,Noise-Cancelling Headphones,1,440.04,0,440.04,0.0,26.4,466.44,Credit Card,Delivered,Standard,Website,,7,3.0,
9117241,688461,2025-11-26,Home & Kitchen,Stand Mixer,3,142.46,15,363.27,24.99,21.8,410.06,Credit Card,Delivered,Next-Day,Website,WELCOME10,1,5.0,
5887041,205361,2025-11-26,Toys & Games,Doll House,5,35.35,0,176.75,0.0,14.58,191.33,Debit Card,Delivered,Standard,Mobile App,,7,4.0,
4022727,501836,2025-11-26,Books,Poetry Collection,5,16.18,0,80.9,12.99,4.85,98.74,Debit Card,Returned,Express,Marketplace,,3,,Wrong Size
4844911,146484,2025-11-26,Electronics,Mechanical Keyboard,2,115.34,0,230.68,0.0,13.84,244.52,PayPal,Delivered,Standard,Website,,7,,
9683655,303027,2025-11-26,Home & Kitchen,Cotton Bed Sheets,2,99.11,30,138.75,0.0,8.67,147.42,Credit Card,Delivered,Free Pickup,Website,HOLIDAY25,0,5.0,
4806417,171208,2025-11-27,Books,Cookbook: Weeknight Dinners,3,14.57,0,43.71,14.99,2.62,61.32,Gift Card,Delivered,Express,Website,,3,4.0,
8204644,494006,2025-11-27,Pet Supplies,Pet Food Bowl Set,4,22.67,0,90.68,0.0,14.51,105.19,Credit Card,Delivered,Standard,Mobile App,,7,,
3752422,926416,2025-11-27,Office Supplies,Whiteboard,4,75.78,0,303.12,0.0,25.01,328.13,Credit Card,Delivered,Standard,Mobile App,,7,5.0,
1455936,315385,2025-11-27,Home & Kitchen,Memory Foam Pillow,4,126.03,25,378.09,0.0,31.19,409.28,Debit Card,Delivered,Standard,Website,SUMMER10,7,4.0,
1910778,401813,2025-11-27,Office Supplies,Notebook Set,1,50.83,25,38.12,5.99,3.05,47.16,PayPal,Returned,Standard,Website,WELCOME10,7,,Changed Mind
4277799,411928,2025-11-27,Sports & Outdoors,Fishing Rod,2,51.25,20,82.0,0.0,5.12,87.12,Debit Card,Delivered,Standard,Website,WELCOME10,7,4.0,
2163397,771645,2025-11-27,Electronics,Portable Charger,1,621.76,15,528.5,0.0,33.03,561.53,Credit Card,Delivered,Free Pickup,Website,HOLIDAY25,0,,
6661198,654970,2025-11-27,Office Supplies,Printer Paper Ream,1,205.78,20,164.62,0.0,9.88,174.5,Debit Card,Delivered,Standard,Website,SUMMER10,7,4.0,
9500607,378752,2025-11-27,Clothing,Men's Denim Jacket,2,45.63,5,86.7,24.99,0.0,111.69,PayPal,Delivered,Next-Day,Marketplace,FLASH30,1,,
8735005,221043,2025-11-27,Electronics,Portable Charger,1,1060.91,0,1060.91,12.99,63.65,1137.55,Credit Card,Delivered,Express,Website,,3,5.0,
8729853,184960,2025-11-27,Books,Poetry Collection,4,21.99,20,70.37,27.99,5.81,104.17,PayPal,Processing,Next-Day,Mobile App,SAVE20,1,,
3673378,582249,2025-11-27,Sports & Outdoors,Fitness Tracker Watch,1,13.67,10,12.3,14.99,1.01,28.3,Credit Card,Delivered,Express,Marketplace,SUMMER10,3,2.0,
6159900,698997,2025-11-27,Sports & Outdoors,Basketball,3,84.42,0,253.26,0.0,20.89,274.15,Credit Card,Cancelled,Standard,Marketplace,,7,,
5206373,424590,2025-11-27,Electronics,Smartphone Case,1,334.24,0,334.24,0.0,20.89,355.13,PayPal,Delivered,Standard,Mobile App,,7,5.0,
7606631,813189,2025-11-27,Home & Kitchen,Ceramic Dinnerware Set,3,102.29,30,214.81,24.99,34.37,274.17,PayPal,Delivered,Next-Day,Mobile App,FLASH30,1,,
1638734,793758,2025-11-27,Clothing,Slim Fit Jeans,1,49.45,5,46.98,5.99,9.4,62.37,PayPal,Delivered,Standard,Website,FREESHIP,7,,
6925914,239673,2025-11-27,Pet Supplies,Bird Cage,1,48.62,25,36.46,0.0,2.28,38.74,Credit Card,Cancelled,Free Pickup,Website,FLASH30,0,,
3886857,366709,2025-11-27,Clothing,Cotton T-Shirt,3,83.6,20,200.64,0.0,12.04,212.68,Google Pay,Returned,Standard,Mobile App,SAVE20,7,,Not as Described
1711646,429617,2025-11-27,Clothing,Women's Yoga Pants,2,74.58,10,134.24,0.0,8.39,142.63,Debit Card,Delivered,Standard,Website,HOLIDAY25,7,,
2313947,320359,2025-11-27,Sports & Outdoors,Fitness Tracker Watch,3,29.45,10,79.52,0.0,4.77,84.29,Credit Card,Delivered,Standard,Mobile App,SAVE20,7,5.0,
4843354,815371,2025-11-27,Clothing,Rain Jacket,2,162.97,0,325.94,12.99,19.56,358.49,Credit Card,Returned,Express,Mobile App,,3,,Wrong Size
4935129,165195,2025-11-27,Home & Kitchen,Cutlery Set,2,124.35,15,211.4,0.0,12.68,224.08,Credit Card,Delivered,Standard,Mobile App,SUMMER10,7,4.0,
1693024,850003,2025-11-27,Pet Supplies,Cat Litter Box,1,22.83,10,20.55,5.99,3.29,29.83,Credit Card,Delivered,Standard,Mobile App,WELCOME10,7,5.0,
8589138,516528,2025-11-28,Electronics,Laptop Stand,1,55.79,25,41.84,0.0,5.44,47.28,Gift Card,Delivered,Free Pickup,Mobile App,SAVE20,0,,
2000037,119888,2025-11-28,Electronics,Noise-Cancelling Headphones,1,608.61,10,547.75,0.0,32.86,580.61,Credit Card,Delivered,Standard,Website,SAVE20,7,5.0,
5376610,209703,2025-11-28,Sports & Outdoors,Camping Tent,1,28.57,0,28.57,0.0,1.71,30.28,Credit Card,Delivered,Free Pickup,Website,,0,,
7815916,634127,2025-11-28,Toys & Games,Action Figure,1,21.1,25,15.82,5.99,0.99,22.8,Credit Card,Returned,Standard,Website,FLASH30,7,,Better Price Found
5192439,138889,2025-11-28,Beauty & Personal Care,Makeup Palette,1,47.12,0,47.12,5.99,6.13,59.24,Debit Card,Delivered,Standard,Website,,7,,
4222765,476547,2025-11-28,Electronics,Wireless Mouse,2,511.55,5,971.94,0.0,80.19,1052.13,Gift Card,Delivered,Standard,Website,FLASH30,7,5.0,
3768210,312650,2025-11-28,Grocery,Sparkling Water Case,1,8.36,25,6.27,0.0,0.0,6.27,Credit Card,Shipped,Free Pickup,Marketplace,VIP15,0,,
4185426,117556,2025-11-28,Home & Kitchen,Non-Stick Frying Pan,2,171.7,10,309.06,0.0,18.54,327.6,PayPal,Cancelled,Standard,Website,SAVE20,7,,
4215355,622527,2025-11-28,Clothing,Summer Dress,2,66.85,0,133.7,12.99,8.02,154.71,PayPal,Delivered,Express,Website,,3,5.0,
5211899,636120,2025-11-28,Toys & Games,Building Block Set,3,39.12,0,117.36,0.0,18.78,136.14,Debit Card,Returned,Free Pickup,Mobile App,,0,,Better Price Found
9367433,339714,2025-11-28,Home & Kitchen,Memory Foam Pillow,1,22.02,0,22.02,5.99,2.2,30.21,Credit Card,Delivered,Standard,Marketplace,,7,,
2515101,813189,2025-11-28,Electronics,Laptop Stand,4,133.35,25,400.05,12.99,25.0,438.04,Debit Card,Delivered,Express,Mobile App,SAVE20,3,4.0,
2463757,581702,2025-11-28,Clothing,Cotton T-Shirt,2,83.24,30,116.54,0.0,9.32,125.86,Credit Card,Delivered,Standard,Website,FLASH30,7,,
5664273,202299,2025-11-28,Electronics,Streaming Media Player,1,1200.0,5,1140.0,0.0,68.4,1208.4,Gift Card,Cancelled,Standard,Mobile App,VIP15,7,,
3075782,502006,2025-11-28,Clothing,Winter Parka,1,75.65,20,60.52,5.99,3.63,70.14,PayPal,Delivered,Standard,Website,HOLIDAY25,7,5.0,
9589592,119023,2025-11-28,Home & Kitchen,Cotton Bed Sheets,1,103.56,20,82.85,12.99,5.18,101.02,Debit Card,Delivered,Express,Mobile App,VIP15,3,,
4404876,131620,2025-11-28,Home & Kitchen,Cutlery Set,1,87.4,0,87.4,0.0,11.36,98.76,Apple Pay,Delivered,Free Pickup,Mobile App,,0,,
8531753,252402,2025-11-28,Grocery,Sparkling Water Case,1,20.05,0,20.05,14.99,1.3,36.34,,Delivered,Express,Mobile App,,3,5.0,
2144373,360723,2025-11-29,Beauty & Personal Care,Facial Moisturizer,1,80.57,5,76.54,24.99,15.31,116.84,Credit Card,Delivered,Next-Day,Mobile App,SAVE20,1,,
8247082,554088,2025-11-29,Beauty & Personal Care,Makeup Palette,1,36.33,25,27.25,5.99,0.0,33.24,PayPal,Delivered,Standard,Website,FLASH30,7,,
5116381,404777,2025-11-29,Office Supplies,Printer Paper Ream,2,44.83,15,76.21,0.0,4.57,80.78,Debit Card,Delivered,Standard,Mobile App,SUMMER10,7,,
1034634,823251,2025-11-29,Beauty & Personal Care,Facial Moisturizer,3,14.15,30,29.72,5.99,5.94,41.65,,Delivered,Standard,Website,FLASH30,7,,
7775298,962688,2025-11-29,Home & Kitchen,Non-Stick Frying Pan,2,111.53,30,156.14,0.0,9.76,165.9,Credit Card,Delivered,Standard,Marketplace,HOLIDAY25,7,3.0,
8594154,929407,2025-11-29,Sports & Outdoors,Adjustable Dumbbell Set,2,116.88,25,175.32,0.0,10.96,186.28,Google Pay,Delivered,Standard,Website,VIP15,7,3.0,
3000123,665395,2025-11-29,Office Supplies,Desk Organizer,1,159.22,10,143.3,0.0,8.96,152.26,Credit Card,Delivered,Free Pickup,Website,SUMMER10,0,5.0,
9415971,529534,2025-11-29,Electronics,Mechanical Keyboard,2,188.85,0,377.7,24.99,22.66,425.35,Debit Card,Delivered,Next-Day,Website,,1,,
3654136,937852,2025-11-29,Books,Poetry Collection,2,10.47,20,16.75,5.99,1.0,23.74,Credit Card,Delivered,Standard,Website,WELCOME10,7,5.0,
2191660,773540,2025-11-29,Toys & Games,Outdoor Water Blaster,3,43.95,20,105.48,12.99,6.33,124.8,Credit Card,Shipped,Express,Marketplace,FREESHIP,3,,
9048481,939225,2025-11-29,Beauty & Personal Care,Makeup Palette,2,24.97,30,34.96,5.99,2.8,43.75,PayPal,Delivered,Standard,Marketplace,SAVE20,7,3.0,
2373233,265163,2025-11-29,Home & Kitchen,Vacuum Cleaner,1,303.77,20,243.02,24.99,15.8,283.81,Credit Card,Delivered,Next-Day,Website,FLASH30,1,,
1298359,282095,2025-11-29,Electronics,Mechanical Keyboard,2,212.22,10,382.0,0.0,24.83,406.83,Credit Card,Delivered,Free Pickup,Website,WELCOME10,0,,
5905140,860304,2025-11-29,Electronics,Portable Charger,1,598.42,15,508.66,12.99,31.79,553.44,PayPal,Delivered,Express,Mobile App,HOLIDAY25,3,4.0,
2810459,972701,2025-11-29,Sports & Outdoors,Insulated Water Bottle,3,190.89,25,429.5,24.99,25.77,480.26,Credit Card,Delivered,Next-Day,Marketplace,SAVE20,1,,
3169885,602801,2025-11-29,Electronics,Bluetooth Speaker,1,224.15,0,224.15,0.0,13.45,237.6,Credit Card,Delivered,Standard,Website,,7,5.0,
3063222,639465,2025-11-29,Home & Kitchen,LED Desk Lamp,1,147.92,0,147.92,0.0,12.2,160.12,Gift Card,Delivered,Standard,Marketplace,,7,5.0,
1419530,955861,2025-11-29,Home & Kitchen,Ceramic Dinnerware Set,1,136.36,15,115.91,12.99,6.95,135.85,Credit Card,Delivered,Express,Mobile App,VIP15,3,,
3623097,204309,2025-11-29,Sports & Outdoors,Camping Tent,2,192.41,0,384.82,0.0,76.96,461.78,Credit Card,Returned,Standard,Website,,7,,Changed Mind
2370199,550369,2025-11-29,Clothing,Rain Jacket,2,41.54,0,83.08,0.0,13.29,96.37,Credit Card,Delivered,Standard,Mobile App,,7,2.0,
7156435,206604,2025-11-29,Books,Science Fiction Epic,1,7.69,5,7.31,5.99,1.46,14.76,Credit Card,Delivered,Standard,Website,VIP15,7,4.0,
5831664,282330,2025-11-29,Office Supplies,Desk Organizer,3,40.45,0,121.35,0.0,7.28,128.63,Credit Card,Delivered,Standard,Website,,7,,
9546316,216808,2025-11-30,Clothing,Winter Parka,1,62.27,0,62.27,5.99,8.1,76.36,Google Pay,Delivered,Standard,Mobile App,,7,3.0,
4526506,928439,2025-11-30,Beauty & Personal Care,Facial Moisturizer,2,30.46,20,48.74,5.99,3.05,57.78,PayPal,Delivered,Standard,Mobile App,FREESHIP,7,,
8906745,321283,2025-11-30,Electronics,Wireless Mouse,1,288.83,30,202.18,0.0,32.35,234.53,Credit Card,Returned,Standard,Marketplace,VIP15,7,,Better Price Found
1699980,955861,2025-11-30,Sports & Outdoors,Fishing Rod,4,85.99,0,343.96,0.0,44.71,388.67,PayPal,Delivered,Standard,Mobile App,,7,4.0,
3385536,649861,2025-11-30,Books,Self-Help Guide,6,19.41,25,87.34,0.0,0.0,87.34,Apple Pay,Delivered,Standard,Marketplace,FLASH30,7,2.0,
6951977,717194,2025-11-30,Toys & Games,Building Block Set,1,11.38,30,7.97,27.99,0.48,36.44,Google Pay,Delivered,Next-Day,Website,HOLIDAY25,1,,
4479643,999013,2025-11-30,Home & Kitchen,Vacuum Cleaner,1,142.44,25,106.83,0.0,6.68,113.51,Credit Card,Delivered,Standard,Mobile App,SUMMER10,7,3.0,
6829065,104925,2025-11-30,Clothing,Cotton T-Shirt,3,35.83,10,96.74,0.0,5.8,102.54,Credit Card,Delivered,Standard,Marketplace,WELCOME10,7,5.0,
8943697,371751,2025-11-30,Home & Kitchen,Ceramic Dinnerware Set,3,89.75,10,242.32,0.0,19.99,262.31,PayPal,Returned,Standard,Website,HOLIDAY25,7,,Defective Item
7005963,726938,2025-11-30,Beauty & Personal Care,Hair Dryer,3,95.0,10,256.5,12.99,15.39,284.88,Debit Card,Delivered,Express,Website,WELCOME10,3,,
7732822,122576,2025-11-30,Electronics,4K Smart TV,1,264.65,5,251.42,0.0,15.09,266.51,Debit Card,Delivered,Standard,Mobile App,SAVE20,7,4.0,
9289539,131620,2025-11-30,Electronics,Wireless Earbuds,1,430.69,20,344.55,12.99,27.56,385.1,Debit Card,Delivered,Express,Website,SUMMER10,3,,
6059863,547541,2025-11-30,Clothing,Women's Yoga Pants,4,162.64,10,585.5,12.99,38.06,636.55,Google Pay,Delivered,Express,Website,HOLIDAY25,3,,
5249491,404286,2025-11-30,Grocery,Sparkling Water Case,7,27.78,30,136.12,0.0,8.51,144.63,Credit Card,Cancelled,Standard,Website,WELCOME10,7,,
7385957,434006,2025-11-30,Office Supplies,Whiteboard,3,31.67,0,95.01,0.0,5.7,100.71,Apple Pay,Delivered,Standard,Website,,7,,
8739522,343411,2025-11-30,Sports & Outdoors,Fishing Rod,1,164.99,20,131.99,0.0,8.25,140.24,Credit Card,Delivered,Standard,Mobile App,SAVE20,7,4.0,
6950298,216367,2025-11-30,Pet Supplies,Pet Grooming Brush,1,50.78,0,50.78,5.99,6.6,63.37,Credit Card,Returned,Standard,Marketplace,,7,,Defective Item
1253073,320716,2025-11-30,Sports & Outdoors,Resistance Bands Set,1,104.82,30,73.37,5.99,0.0,79.36,Credit Card,Delivered,Standard,Mobile App,HOLIDAY25,7,4.0,
6513398,763562,2025-11-30,Books,Science Fiction Epic,2,17.4,0,34.8,5.99,2.09,42.88,Debit Card,Delivered,Standard,Website,,7,,
9651089,731788,2025-11-30,Sports & Outdoors,Hiking Backpack,1,51.25,25,38.44,5.99,5.0,49.43,Google Pay,Delivered,Standard,Mobile App,SUMMER10,7,,
9211170,214719,2025-11-30,Home & Kitchen,Ceramic Dinnerware Set,1,294.79,25,221.09,12.99,18.24,252.32,Credit Card,Delivered,Express,Website,SUMMER10,3,,
5958276,269261,2025-11-30,Toys & Games,Building Block Set,1,110.0,0,110.0,24.99,6.6,141.59,Credit Card,Returned,Next-Day,Website,,1,,Not as Described
1280196,602801,2025-11-30,Sports & Outdoors,Fishing Rod,1,117.54,0,117.54,0.0,7.64,125.18,Credit Card,Delivered,Standard,Website,,7,,
8481018,752908,2025-11-30,Grocery,Dark Chocolate Bar,3,11.66,0,34.98,0.0,4.55,39.53,Credit Card,Returned,,Mobile App,,0,,Not as Described
4105754,206944,2025-11-30,Electronics,Wireless Earbuds,1,344.83,0,344.83,0.0,28.45,373.28,Credit Card,Delivered,Standard,Website,,7,,
4192155,104400,2025-11-30,Sports & Outdoors,Insulated Water Bottle,1,104.4,0,104.4,0.0,8.61,113.01,Gift Card,Shipped,Standard,Mobile App,,7,,
9178357,954194,2025-11-30,Beauty & Personal Care,Shampoo & Conditioner Set,4,13.35,5,50.73,27.99,3.04,81.76,Debit Card,Delivered,Next-Day,Marketplace,SUMMER10,1,5.0,
5760484,684370,2025-11-30,Toys & Games,Outdoor Water Blaster,3,62.52,0,187.56,0.0,15.0,202.56,Debit Card,Delivered,Standard,Website,,7,,
3891233,672388,2025-11-30,Clothing,Cotton T-Shirt,2,100.69,0,201.38,0.0,16.61,217.99,Debit Card,Delivered,Standard,Marketplace,,7,5.0,
3668200,863406,2025-11-30,Home & Kitchen,Vacuum Cleaner,3,117.29,0,351.87,24.99,21.99,398.85,PayPal,Returned,Next-Day,Marketplace,,1,,Not as Described
2278120,664785,2025-11-30,Sports & Outdoors,Resistance Bands Set,2,59.02,0,118.04,0.0,7.08,125.12,PayPal,Delivered,Standard,Website,,7,5.0,
6312478,212415,2025-11-30,Electronics,Noise-Cancelling Headphones,2,412.47,20,659.95,0.0,39.6,699.55,PayPal,Delivered,Standard,Mobile App,FLASH30,7,4.0,
3004152,549826,2025-11-30,Electronics,Wireless Earbuds,1,463.97,0,463.97,12.99,29.0,505.96,PayPal,Delivered,Express,Mobile App,,3,5.0,
6845472,494553,2025-12-01,Electronics,Mechanical Keyboard,1,115.04,0,115.04,0.0,9.2,124.24,Credit Card,Processing,Standard,Website,,7,,
3058058,384588,2025-12-01,Beauty & Personal Care,Makeup Palette,1,29.32,10,26.39,0.0,1.65,28.04,Credit Card,Delivered,Free Pickup,Website,SUMMER10,0,5.0,
9587642,314662,2025-12-01,Home & Kitchen,Ceramic Dinnerware Set,2,226.3,0,452.6,0.0,27.16,479.76,PayPal,Returned,Free Pickup,Website,,0,,Arrived Late
7840600,441755,2025-12-01,Grocery,Honey Jar,1,24.58,5,23.35,27.99,1.4,52.74,PayPal,Delivered,Next-Day,Website,FREESHIP,1,,
4634924,856360,2025-12-01,Home & Kitchen,LED Desk Lamp,3,261.9,0,785.7,0.0,64.82,850.52,Debit Card,Delivered,Standard,Website,,7,5.0,
1412428,819092,2025-12-01,Home & Kitchen,Memory Foam Pillow,5,39.24,0,196.2,24.99,31.39,252.58,Debit Card,Delivered,Next-Day,Marketplace,,1,,
5653781,729750,2025-12-01,Clothing,Women's Yoga Pants,1,109.26,30,76.48,0.0,4.59,81.07,Credit Card,Delivered,Standard,Website,FLASH30,7,2.0,
6690448,539453,2025-12-01,Toys & Games,Doll House,1,38.49,0,38.49,0.0,2.31,40.8,Credit Card,Delivered,Free Pickup,Website,,0,5.0,
1476772,821498,2025-12-01,Books,Fantasy Trilogy Box Set,4,36.99,0,147.96,0.0,0.0,147.96,Credit Card,Delivered,Standard,Mobile App,,7,4.0,
1635319,684997,2025-12-01,Pet Supplies,Pet Food Bowl Set,1,48.79,0,48.79,5.99,3.05,57.83,PayPal,Delivered,Standard,Mobile App,,7,3.0,
1914767,573736,2025-12-01,Clothing,Slim Fit Jeans,2,33.31,15,56.63,5.99,5.66,68.28,Debit Card,Delivered,Standard,Website,WELCOME10,7,5.0,
9842007,578841,2025-12-01,Office Supplies,File Folders Pack,3,16.07,20,38.57,5.99,7.71,52.27,PayPal,Shipped,Standard,Website,WELCOME10,7,,
8919688,804849,2025-12-02,Grocery,Green Tea Bags,1,25.86,0,25.86,14.99,1.55,42.4,Credit Card,Delivered,Express,Website,,3,,
5255009,865643,2025-12-02,Clothing,Wool Sweater,2,112.23,20,179.57,24.99,14.81,219.37,,Delivered,Next-Day,Website,FLASH30,1,3.0,
7025580,240201,2025-12-02,Sports & Outdoors,Fishing Rod,1,91.82,25,68.86,5.99,8.95,83.8,Credit Card,Delivered,Standard,Website,FREESHIP,7,,
4744742,762495,2025-12-02,Beauty & Personal Care,Makeup Palette,1,27.3,0,27.3,14.99,1.71,44.0,Credit Card,Cancelled,Express,Marketplace,,3,,
7002395,476547,2025-12-02,Electronics,4K Smart TV,1,355.6,0,355.6,12.99,29.34,397.93,Apple Pay,Delivered,Express,Website,,3,,
7757410,374219,2025-12-02,Office Supplies,Stapler,2,70.2,0,140.4,12.99,11.58,164.97,Credit Card,Returned,Express,Website,,3,,Better Price Found
5965076,244802,2025-12-02,Books,Cookbook: Weeknight Dinners,4,22.2,20,71.04,5.99,4.44,81.47,Google Pay,Delivered,Standard,Website,HOLIDAY25,7,,
6346801,955861,2025-12-02,Sports & Outdoors,Adjustable Dumbbell Set,1,73.38,30,51.37,5.99,3.08,60.44,Debit Card,Delivered,Standard,Website,FREESHIP,7,,
7932952,592322,2025-12-02,Pet Supplies,Dog Leash,1,23.05,0,23.05,5.99,1.38,30.42,Credit Card,Delivered,Standard,Website,,7,4.0,
5473187,868465,2025-12-02,Electronics,Noise-Cancelling Headphones,2,189.82,15,322.69,0.0,19.36,342.05,Debit Card,Delivered,Free Pickup,Mobile App,FREESHIP,0,5.0,
7720546,157373,2025-12-02,Beauty & Personal Care,Electric Razor,2,15.91,0,31.82,5.99,2.55,40.36,Debit Card,Delivered,Standard,Mobile App,,7,,
7185314,232968,2025-12-02,Toys & Games,Remote Control Car,1,23.49,0,23.49,5.99,1.94,31.42,Credit Card,Returned,Standard,Website,,7,,Wrong Size
2170047,670693,2025-12-02,Clothing,Baseball Cap,1,43.68,5,41.5,5.99,2.49,49.98,Google Pay,Delivered,Standard,Website,VIP15,7,,
4345509,757288,2025-12-02,Office Supplies,Stapler,4,131.87,20,421.98,12.99,25.32,460.29,Credit Card,Delivered,Express,Marketplace,HOLIDAY25,3,,
2066235,622669,2025-12-02,Clothing,Summer Dress,1,52.54,15,44.66,5.99,3.68,54.33,Debit Card,Delivered,Standard,Marketplace,SAVE20,7,,
4681627,726938,2025-12-02,Home & Kitchen,Vacuum Cleaner,3,44.75,0,134.25,0.0,8.73,142.98,Credit Card,Delivered,Standard,Marketplace,,7,2.0,
6101648,530251,2025-12-02,Clothing,Summer Dress,2,56.18,0,112.36,12.99,11.24,136.59,PayPal,Returned,Express,Mobile App,,3,,Arrived Late
3848011,531320,2025-12-03,Sports & Outdoors,Hiking Backpack,1,155.35,0,155.35,12.99,9.32,177.66,Gift Card,Delivered,Express,Website,,3,,
2531948,192985,2025-12-03,Home & Kitchen,Cutlery Set,5,350.0,10,1575.0,12.99,129.94,1717.93,Debit Card,Delivered,Express,Website,HOLIDAY25,3,,
7102885,846257,2025-12-03,Electronics,4K Smart TV,1,334.79,0,334.79,24.99,20.09,379.87,PayPal,Delivered,Next-Day,Website,,1,5.0,
6556508,702215,2025-12-03,Clothing,Women's Yoga Pants,3,25.84,30,54.26,5.99,4.34,64.59,Google Pay,Delivered,Standard,Mobile App,VIP15,7,3.0,
5762340,850003,2025-12-03,Sports & Outdoors,Fitness Tracker Watch,1,34.89,15,29.66,14.99,2.45,47.1,Debit Card,Delivered,Express,Mobile App,FLASH30,3,5.0,
5367153,903532,2025-12-03,Sports & Outdoors,Fitness Tracker Watch,1,68.31,25,51.23,5.99,4.23,61.45,PayPal,Delivered,Standard,Mobile App,SAVE20,7,4.0,
6381366,607529,2025-12-03,Home & Kitchen,Air Fryer,4,166.67,25,500.01,12.99,30.0,543.0,Credit Card,Delivered,Express,Website,FREESHIP,3,5.0,
3000413,119023,2025-12-03,Electronics,Streaming Media Player,1,126.5,30,88.55,0.0,5.31,93.86,Credit Card,Delivered,Standard,Website,SAVE20,7,,
5113710,951351,2025-12-03,Books,Cookbook: Weeknight Dinners,4,15.31,10,55.12,14.99,3.58,73.69,Apple Pay,Delivered,Express,Website,HOLIDAY25,3,,
2067131,355903,2025-12-03,Beauty & Personal Care,Shampoo & Conditioner Set,5,28.4,0,142.0,0.0,8.52,150.52,PayPal,Delivered,Standard,Website,,7,5.0,
6533079,951351,2025-12-03,Toys & Games,Doll House,1,14.67,0,14.67,0.0,0.88,15.55,Debit Card,Delivered,Free Pickup,Website,,0,4.0,
3532434,543108,2025-12-03,Toys & Games,Outdoor Water Blaster,1,24.23,0,24.23,5.99,1.51,31.73,Credit Card,Delivered,Standard,Mobile App,,7,4.0,
9529054,185153,2025-12-03,Home & Kitchen,Stand Mixer,1,46.34,15,39.39,27.99,3.25,70.63,Gift Card,Delivered,Next-Day,Website,HOLIDAY25,1,,
8858941,211308,2025-12-03,Books,Self-Help Guide,1,19.19,25,14.39,5.99,1.19,21.57,Debit Card,Delivered,Standard,Website,HOLIDAY25,7,3.0,
7895280,282330,2025-12-03,Clothing,Slim Fit Jeans,3,51.34,10,138.62,12.99,11.09,162.7,Credit Card,Delivered,Express,Website,SAVE20,3,4.0,
9056186,304008,2025-12-03,Books,Graphic Novel,2,11.09,20,17.74,5.99,1.77,25.5,PayPal,Delivered,Standard,Mobile App,SUMMER10,7,,
5534228,316724,2025-12-04,Grocery,Pasta Variety Pack,2,11.95,0,23.9,5.99,1.43,31.32,Google Pay,Delivered,Standard,Website,,7,,
7559263,607529,2025-12-04,Beauty & Personal Care,Perfume,2,7.68,5,14.59,5.99,0.88,21.46,PayPal,Delivered,Standard,Website,WELCOME10,7,4.0,
2590475,698997,2025-12-04,Sports & Outdoors,Adjustable Dumbbell Set,3,45.56,0,136.68,0.0,8.2,144.88,Credit Card,Delivered,Standard,Mobile App,,7,5.0,
8711205,195758,2025-12-04,Sports & Outdoors,Camping Tent,1,159.14,5,151.18,12.99,9.07,173.24,Credit Card,Delivered,Express,Mobile App,SAVE20,3,5.0,
1605584,225693,2025-12-04,Electronics,Wireless Mouse,3,320.7,0,962.1,12.99,57.73,1032.82,Google Pay,Delivered,Express,Website,,3,3.0,
9226009,386699,2025-12-04,Beauty & Personal Care,Electric Razor,1,29.3,0,29.3,5.99,2.42,37.71,Credit Card,Delivered,Standard,Mobile App,,7,5.0,
4501859,139381,2025-12-04,Beauty & Personal Care,Hair Dryer,2,39.04,15,66.37,0.0,5.48,71.85,Gift Card,Delivered,Free Pickup,Website,VIP15,0,4.0,
1291969,870294,2025-12-04,Grocery,Honey Jar,4,22.64,0,90.56,12.99,5.66,109.21,Debit Card,Delivered,Express,Mobile App,,3,4.0,
5280192,807527,2025-12-04,Books,Cookbook: Weeknight Dinners,1,22.6,0,22.6,5.99,1.81,30.4,PayPal,Delivered,Standard,Website,,7,4.0,
1626793,631391,2025-12-04,Clothing,Wool Sweater,2,58.65,0,117.3,0.0,9.38,126.68,Credit Card,Returned,Free Pickup,Marketplace,,0,,Not as Described
2108459,939225,2025-12-04,Clothing,Women's Yoga Pants,1,109.0,25,81.75,0.0,4.9,86.65,Debit Card,Delivered,Standard,Mobile App,WELCOME10,7,3.0,
6780514,764258,2025-12-04,Books,Science Fiction Epic,3,13.39,30,28.12,5.99,0.0,34.11,Apple Pay,Delivered,Standard,Website,WELCOME10,7,2.0,
9547671,543108,2025-12-04,Electronics,Wireless Mouse,3,516.88,25,1162.98,0.0,95.95,1258.93,PayPal,Delivered,Standard,Website,HOLIDAY25,7,,
9471769,665395,2025-12-04,Beauty & Personal Care,Electric Toothbrush,2,29.2,30,40.88,0.0,3.37,44.25,Debit Card,Delivered,Free Pickup,Marketplace,FLASH30,0,,
3797332,365062,2025-12-04,Home & Kitchen,LED Desk Lamp,1,139.7,0,139.7,0.0,18.16,157.86,Debit Card,Delivered,Standard,Mobile App,,7,4.0,
5617906,400186,2025-12-04,Clothing,Winter Parka,3,45.34,0,136.02,12.99,8.5,157.51,PayPal,Delivered,Express,Website,,3,,
5349192,721746,2025-12-04,Electronics,Portable Charger,2,184.58,5,350.7,0.0,21.04,371.74,Credit Card,Delivered,Standard,Mobile App,SAVE20,7,,
3530308,488273,2025-12-05,Electronics,Bluetooth Speaker,2,784.21,0,1568.42,0.0,98.03,1666.45,Debit Card,Delivered,Standard,Website,,7,,
2173854,790359,2025-12-05,Beauty & Personal Care,Hair Dryer,1,11.54,20,9.23,27.99,0.58,37.8,Debit Card,Delivered,Next-Day,Website,FREESHIP,1,3.0,
8447466,773267,2025-12-05,Toys & Games,Remote Control Car,2,43.61,25,65.41,27.99,3.92,97.32,PayPal,Shipped,Next-Day,Website,SUMMER10,1,,
8755131,654615,2025-12-05,Electronics,Streaming Media Player,1,111.43,0,111.43,12.99,8.91,133.33,Debit Card,Delivered,Express,Mobile App,,3,,
5395570,645241,2025-12-05,Grocery,Protein Bar Box,4,6.4,25,19.2,0.0,1.54,20.74,Credit Card,Delivered,Free Pickup,Mobile App,SUMMER10,0,4.0,
3158152,429617,2025-12-05,Beauty & Personal Care,Electric Toothbrush,2,39.01,15,66.32,5.99,3.98,76.29,Credit Card,Delivered,Standard,Marketplace,VIP15,7,5.0,
9650477,717340,2025-12-05,Beauty & Personal Care,Vitamin C Serum,1,59.42,0,59.42,5.99,4.75,70.16,Credit Card,Delivered,Standard,Mobile App,,7,,
1669733,663408,2025-12-05,Books,Children's Picture Book,2,13.86,10,24.95,14.99,1.5,41.44,Credit Card,Delivered,Express,Marketplace,VIP15,3,5.0,
6584721,924384,2025-12-05,Home & Kitchen,Cutlery Set,2,109.15,20,174.64,0.0,17.46,192.1,Credit Card,Delivered,Standard,Mobile App,HOLIDAY25,7,5.0,
5745377,122359,2025-12-05,Books,Graphic Novel,1,14.13,0,14.13,5.99,1.17,21.29,Google Pay,Delivered,Standard,Marketplace,,7,,
5119952,711151,2025-12-05,Clothing,Slim Fit Jeans,1,94.59,0,94.59,0.0,12.3,106.89,Debit Card,Delivered,Standard,Marketplace,,7,5.0,
1784581,974063,2025-12-05,Electronics,Smartphone Case,1,880.3,0,880.3,0.0,88.03,968.33,Apple Pay,Delivered,Standard,Marketplace,,7,2.0,
5996373,905920,2025-12-05,Books,Graphic Novel,1,24.49,20,19.59,5.99,1.62,27.2,PayPal,Returned,Standard,Mobile App,SAVE20,7,,Arrived Late
8639193,415774,2025-12-05,Books,Graphic Novel,3,28.47,0,85.41,12.99,5.34,103.74,PayPal,Returned,Express,Mobile App,,3,,Arrived Late
5524984,514284,2025-12-05,Books,Poetry Collection,2,14.22,0,28.44,5.99,1.78,36.21,Credit Card,Delivered,Standard,Mobile App,,7,2.0,
4734707,122359,2025-12-06,Beauty & Personal Care,Electric Razor,4,46.75,25,140.25,0.0,14.02,154.27,Debit Card,Delivered,Standard,Website,VIP15,7,5.0,
5682245,316724,2025-12-06,Electronics,4K Smart TV,1,361.41,0,361.41,24.99,36.14,422.54,Credit Card,Shipped,Next-Day,Mobile App,,1,,
5961531,944244,2025-12-06,Beauty & Personal Care,Facial Moisturizer,3,35.76,0,107.28,12.99,8.58,128.85,PayPal,Cancelled,Express,Website,,3,,
5127510,608288,2025-12-06,Electronics,Wireless Earbuds,2,149.95,0,299.9,0.0,17.99,317.89,Debit Card,Cancelled,Standard,Website,,7,,
2225765,837858,2025-12-06,Electronics,Portable Charger,2,121.89,0,243.78,12.99,15.24,272.01,PayPal,Delivered,Express,Website,,3,,
7970938,698930,2025-12-06,Electronics,Noise-Cancelling Headphones,1,58.79,10,52.91,27.99,0.0,80.9,Gift Card,Cancelled,Next-Day,Website,SAVE20,1,,
2987916,196023,2025-12-06,Home & Kitchen,Vacuum Cleaner,2,33.25,0,66.5,5.99,4.16,76.65,Credit Card,Delivered,Standard,Website,,7,,
1136314,549078,2025-12-06,Pet Supplies,Bird Cage,1,24.24,0,24.24,14.99,1.52,40.75,PayPal,Delivered,Express,Website,,3,3.0,
8314284,315385,2025-12-06,Clothing,Men's Denim Jacket,2,35.25,0,70.5,14.99,4.23,89.72,Debit Card,Delivered,Express,Website,,3,5.0,
9370417,157373,2025-12-06,Home & Kitchen,Stand Mixer,1,106.59,15,90.6,0.0,5.44,96.04,Gift Card,Delivered,Standard,Mobile App,FLASH30,7,,
3817022,475043,2025-12-06,Office Supplies,Sticky Notes Pack,1,90.21,0,90.21,0.0,5.86,96.07,Debit Card,Returned,Standard,Mobile App,,7,,Wrong Size
3028766,934284,2025-12-06,Home & Kitchen,Air Fryer,2,123.52,25,185.28,12.99,12.04,210.31,PayPal,Delivered,Express,Website,WELCOME10,3,4.0,
3294333,526706,2025-12-06,Clothing,Rain Jacket,4,42.9,15,145.86,0.0,12.03,157.89,PayPal,Delivered,Standard,Website,VIP15,7,5.0,
6338977,388826,2025-12-06,Home & Kitchen,Stand Mixer,2,193.3,20,309.28,0.0,61.86,371.14,Debit Card,Delivered,Standard,Website,VIP15,7,1.0,
7882910,665395,2025-12-06,Clothing,Wool Sweater,1,115.36,15,98.06,12.99,8.09,119.14,Credit Card,Delivered,Express,Marketplace,SUMMER10,3,,
9075195,848713,2025-12-06,Books,Fantasy Trilogy Box Set,5,33.37,20,133.48,24.99,8.01,166.48,PayPal,Delivered,Next-Day,Website,VIP15,1,5.0,
9478519,929407,2025-12-07,Clothing,Baseball Cap,3,11.85,25,26.66,27.99,1.67,56.32,Debit Card,Delivered,Next-Day,Mobile App,SUMMER10,1,,
1371118,670537,2025-12-07,Home & Kitchen,Stand Mixer,2,114.93,0,229.86,12.99,13.79,256.64,Credit Card,Delivered,Express,Mobile App,,3,,
2016568,248546,2025-12-07,Clothing,Slim Fit Jeans,1,42.57,5,40.44,14.99,8.09,63.52,PayPal,Delivered,Express,Website,FREESHIP,3,4.0,
4134597,614147,2025-12-07,Sports & Outdoors,Yoga Mat,1,68.49,30,47.94,27.99,0.0,75.93,Credit Card,Cancelled,Next-Day,Website,WELCOME10,1,,
2867128,257536,2025-12-07,Books,Fantasy Trilogy Box Set,2,26.99,5,51.28,5.99,10.26,67.53,Credit Card,Delivered,Standard,Website,FREESHIP,7,5.0,
2254150,971490,2025-12-07,Clothing,Summer Dress,4,58.18,0,232.72,0.0,19.2,251.92,Debit Card,Delivered,Standard,Mobile App,,7,5.0,
1051154,490206,2025-12-07,Clothing,Summer Dress,1,122.99,0,122.99,0.0,0.0,122.99,PayPal,Cancelled,Standard,Website,,7,,
4195273,885352,2025-12-07,Grocery,Pasta Variety Pack,2,48.04,25,72.06,0.0,11.53,83.59,Credit Card,Delivered,Free Pickup,Marketplace,VIP15,0,5.0,
1680403,221043,2025-12-07,Sports & Outdoors,Resistance Bands Set,1,47.3,0,47.3,0.0,3.9,51.2,Credit Card,Returned,Free Pickup,Website,,0,,Defective Item
2951769,287382,2025-12-07,Home & Kitchen,Air Fryer,2,109.49,30,153.29,0.0,9.2,162.49,Credit Card,Delivered,Standard,Website,VIP15,7,5.0,
1580663,158414,2025-12-07,Grocery,Pasta Variety Pack,4,34.4,0,137.6,0.0,11.35,148.95,Apple Pay,Returned,Standard,Website,,7,,Wrong Size
8077505,549826,2025-12-07,Beauty & Personal Care,Electric Razor,1,26.77,20,21.42,5.99,1.29,28.7,PayPal,Delivered,Standard,Website,WELCOME10,7,5.0,
4815471,931819,2025-12-07,Home & Kitchen,Non-Stick Frying Pan,2,267.56,20,428.1,0.0,27.83,455.93,PayPal,Delivered,,Mobile App,FLASH30,7,4.0,
7223378,670883,2025-12-07,Beauty & Personal Care,Facial Moisturizer,2,78.26,15,133.04,12.99,7.98,154.01,Credit Card,Cancelled,Express,Mobile App,HOLIDAY25,3,,
3798420,361634,2025-12-07,Home & Kitchen,Air Fryer,3,51.58,0,154.74,0.0,9.67,164.41,PayPal,Delivered,Standard,Marketplace,,7,5.0,
4217555,149044,2025-12-07,Beauty & Personal Care,Sunscreen SPF50,1,17.67,20,14.14,5.99,1.13,21.26,Debit Card,Delivered,Standard,Mobile App,HOLIDAY25,7,,
2025040,868770,2025-12-07,Beauty & Personal Care,Facial Moisturizer,4,71.27,30,199.56,0.0,11.97,211.53,Debit Card,Delivered,Standard,Website,SUMMER10,7,5.0,
8721912,483080,2025-12-07,Home & Kitchen,Non-Stick Frying Pan,1,218.6,30,153.02,0.0,9.18,162.2,Debit Card,Delivered,Free Pickup,Marketplace,HOLIDAY25,0,,
2941924,315385,2025-12-08,Pet Supplies,Dog Leash,1,86.51,0,86.51,0.0,5.19,91.7,Debit Card,Delivered,Free Pickup,Website,,0,,
7700913,639465,2025-12-08,Beauty & Personal Care,Electric Razor,2,26.51,5,50.37,14.99,5.04,70.4,Credit Card,Delivered,Express,Marketplace,SUMMER10,3,5.0,
7462467,516339,2025-12-08,Grocery,Green Tea Bags,2,9.6,30,13.44,5.99,0.84,20.27,Debit Card,Delivered,Standard,Website,FLASH30,7,,
2710862,220678,2025-12-08,Beauty & Personal Care,Shampoo & Conditioner Set,2,34.56,0,69.12,5.99,4.15,79.26,Credit Card,Delivered,Standard,Website,,7,5.0,
2068552,496735,2025-12-08,Clothing,Summer Dress,1,35.36,15,30.06,5.99,4.81,40.86,Credit Card,Delivered,Standard,Website,SAVE20,7,4.0,
4458382,433355,2025-12-08,Home & Kitchen,Coffee Maker,1,133.65,10,120.29,0.0,7.82,128.11,Apple Pay,Returned,Standard,Website,WELCOME10,7,,Better Price Found
3920583,924384,2025-12-08,Sports & Outdoors,Yoga Mat,4,131.91,20,422.11,0.0,26.38,448.49,Debit Card,Delivered,Free Pickup,Website,VIP15,0,4.0,
3488255,729750,2025-12-08,Office Supplies,Label Maker,1,26.68,0,26.68,5.99,1.6,34.27,Credit Card,Shipped,Standard,Website,,7,,
3081363,827382,2025-12-08,Clothing,Women's Yoga Pants,2,31.4,30,43.96,0.0,5.71,49.67,Debit Card,Delivered,Free Pickup,Mobile App,WELCOME10,0,5.0,
9070163,525803,2025-12-08,Pet Supplies,Dog Bed,4,42.63,30,119.36,0.0,19.1,138.46,Apple Pay,Delivered,Free Pickup,Website,HOLIDAY25,0,5.0,
7542258,954194,2025-12-08,Grocery,Dark Chocolate Bar,3,5.21,10,14.07,5.99,1.13,21.19,Apple Pay,Delivered,Standard,Mobile App,WELCOME10,7,5.0,
4367692,583754,2025-12-08,Clothing,Summer Dress,3,44.46,15,113.37,12.99,9.35,135.71,Credit Card,Delivered,Express,Website,VIP15,3,,
1543668,281122,2025-12-08,Electronics,4K Smart TV,2,243.33,0,486.66,0.0,29.2,515.86,Apple Pay,Delivered,Standard,Marketplace,,7,5.0,
3367953,248547,2025-12-08,Sports & Outdoors,Camping Tent,2,212.04,10,381.67,24.99,31.49,438.15,Credit Card,Returned,Next-Day,Website,HOLIDAY25,1,,Not as Described
2322512,539241,2025-12-08,Clothing,Slim Fit Jeans,2,34.73,0,69.46,5.99,5.73,81.18,PayPal,Delivered,Standard,Mobile App,,7,4.0,
3152129,282095,2025-12-09,Clothing,Cotton T-Shirt,1,33.2,0,33.2,5.99,2.66,41.85,Credit Card,Delivered,Standard,Website,,7,,
6503259,726938,2025-12-09,Office Supplies,Ballpoint Pen Pack,2,84.16,0,168.32,0.0,21.88,190.2,Credit Card,Delivered,Standard,Mobile App,,7,4.0,
3028143,384588,2025-12-09,Beauty & Personal Care,Shampoo & Conditioner Set,2,16.65,30,23.31,14.99,1.92,40.22,Credit Card,Delivered,Express,Mobile App,FREESHIP,3,,
3672206,157373,2025-12-09,Home & Kitchen,LED Desk Lamp,2,65.36,30,91.5,0.0,7.55,99.05,Credit Card,Delivered,Standard,Website,VIP15,7,,
6154924,471106,2025-12-09,Books,Historical Biography,2,8.67,0,17.34,5.99,1.04,24.37,Google Pay,Delivered,Standard,Website,,7,,
7072942,412449,2025-12-09,Sports & Outdoors,Fishing Rod,1,146.79,20,117.43,0.0,15.27,132.7,Debit Card,Delivered,Standard,Marketplace,SAVE20,7,5.0,
5886755,709428,2025-12-09,Home & Kitchen,LED Desk Lamp,2,99.07,25,148.6,0.0,14.86,163.46,Debit Card,Delivered,Standard,Website,VIP15,7,5.0,
4846748,932843,2025-12-09,Sports & Outdoors,Insulated Water Bottle,1,38.84,0,38.84,0.0,5.05,43.89,PayPal,Delivered,Free Pickup,Website,,0,4.0,
1442061,325332,2025-12-09,Home & Kitchen,Air Fryer,1,138.27,5,131.36,0.0,7.88,139.24,Gift Card,Delivered,Standard,Mobile App,WELCOME10,7,,
5537424,549078,2025-12-09,Clothing,Women's Yoga Pants,2,80.65,0,161.3,0.0,10.08,171.38,Credit Card,Delivered,Standard,Website,,7,1.0,
1639409,310345,2025-12-09,Grocery,Extra Virgin Olive Oil,3,30.15,30,63.31,14.99,5.06,83.36,Debit Card,Delivered,Express,Mobile App,FREESHIP,3,,
7272427,889948,2025-12-09,Office Supplies,Ergonomic Office Chair,2,41.79,0,83.58,0.0,5.22,88.8,Apple Pay,Delivered,Standard,Mobile App,,7,5.0,
4407210,360723,2025-12-09,Sports & Outdoors,Fitness Tracker Watch,5,194.31,25,728.66,12.99,58.29,799.94,Debit Card,Delivered,Express,Mobile App,FREESHIP,3,,
2325081,339071,2025-12-09,Electronics,Smartphone Case,2,554.12,20,886.59,0.0,55.41,942.0,PayPal,Cancelled,Standard,Marketplace,SAVE20,7,,
6951443,806986,2025-12-09,Beauty & Personal Care,Electric Toothbrush,1,52.85,30,36.99,5.99,2.22,45.2,Credit Card,Delivered,Standard,Website,HOLIDAY25,7,,
7816672,801215,2025-12-09,Clothing,Men's Denim Jacket,1,39.23,10,35.31,5.99,2.21,43.51,Debit Card,Delivered,Standard,Mobile App,FLASH30,7,4.0,
6335165,351203,2025-12-10,Electronics,4K Smart TV,2,424.22,0,848.44,24.99,50.91,924.34,Credit Card,Delivered,Next-Day,Mobile App,,1,,
1399017,622669,2025-12-10,Grocery,Protein Bar Box,3,14.56,0,43.68,14.99,2.73,61.4,PayPal,Delivered,Express,Mobile App,,3,,
2815465,488554,2025-12-10,Clothing,Summer Dress,4,30.84,15,104.86,0.0,8.65,113.51,Debit Card,Delivered,Standard,Website,FREESHIP,7,,
4806163,597561,2025-12-10,Home & Kitchen,LED Desk Lamp,3,279.21,0,837.63,0.0,50.26,887.89,PayPal,Delivered,Standard,Website,,7,4.0,
6850890,214719,2025-12-10,Clothing,Baseball Cap,1,78.74,0,78.74,0.0,4.72,83.46,Credit Card,Delivered,Free Pickup,Website,,0,4.0,
9826545,864344,2025-12-10,Beauty & Personal Care,Sunscreen SPF50,2,72.87,0,145.74,12.99,8.74,167.47,Credit Card,Cancelled,Express,Website,,3,,
6940013,826264,2025-12-10,Clothing,Wool Sweater,1,25.8,20,20.64,5.99,1.29,27.92,Credit Card,Delivered,Standard,Mobile App,HOLIDAY25,7,4.0,
1653589,542798,2025-12-10,Home & Kitchen,Non-Stick Frying Pan,2,121.31,0,242.62,0.0,14.56,257.18,Credit Card,Delivered,Standard,Mobile App,,7,,
9570187,928439,2025-12-10,Grocery,Pasta Variety Pack,2,39.96,0,79.92,12.99,6.59,99.5,Debit Card,Delivered,Express,Website,,3,4.0,
9439683,687100,2025-12-10,Electronics,Streaming Media Player,1,693.2,0,693.2,24.99,57.19,775.38,Credit Card,Delivered,Next-Day,Website,,1,3.0,
4539339,712536,2025-12-10,Home & Kitchen,Stand Mixer,1,89.31,0,89.31,24.99,0.0,114.3,PayPal,Delivered,Next-Day,Mobile App,,1,4.0,
7839522,131620,2025-12-10,Clothing,Cotton T-Shirt,2,26.83,0,53.66,5.99,3.22,62.87,PayPal,Delivered,Standard,Website,,7,,
3769127,122576,2025-12-10,Office Supplies,Stapler,1,14.91,0,14.91,5.99,0.97,21.87,Credit Card,Returned,Standard,Website,,7,,Better Price Found
1894519,222847,2025-12-10,Sports & Outdoors,Adjustable Dumbbell Set,1,137.83,20,110.26,24.99,6.89,142.14,Credit Card,Delivered,Next-Day,Marketplace,WELCOME10,1,5.0,
3875384,312650,2025-12-10,Books,Fantasy Trilogy Box Set,3,27.15,0,81.45,12.99,5.29,99.73,Debit Card,Delivered,Express,Website,,3,3.0,
4127294,573309,2025-12-10,Toys & Games,Outdoor Water Blaster,3,110.0,25,247.5,0.0,14.85,262.35,Credit Card,Delivered,Standard,Mobile App,FLASH30,7,,
5688708,531320,2025-12-10,Books,Cookbook: Weeknight Dinners,1,19.61,0,19.61,5.99,3.92,29.52,Debit Card,Delivered,Standard,Website,,7,,
9131498,312879,2025-12-10,Clothing,Winter Parka,3,22.49,20,53.98,5.99,4.45,64.42,Google Pay,Delivered,Standard,Website,FREESHIP,7,4.0,
6918440,257536,2025-12-10,Home & Kitchen,Cutlery Set,1,26.47,25,19.85,27.99,1.64,49.48,Google Pay,Delivered,Next-Day,Website,SUMMER10,1,5.0,
3190478,304008,2025-12-10,Clothing,Summer Dress,2,76.27,0,152.54,0.0,19.83,172.37,Apple Pay,Delivered,Standard,Website,,7,,
8805063,889948,2025-12-10,Electronics,Wireless Mouse,3,575.37,15,1467.19,0.0,88.03,1555.22,Gift Card,Delivered,Standard,Website,HOLIDAY25,7,5.0,
5573927,258986,2025-12-10,Clothing,Slim Fit Jeans,4,17.32,30,48.5,14.99,6.31,69.8,PayPal,Delivered,Express,Mobile App,SAVE20,3,5.0,
4333250,815371,2025-12-10,Clothing,Rain Jacket,4,80.97,20,259.1,0.0,16.19,275.29,Credit Card,Delivered,Standard,Mobile App,SAVE20,7,,
1449247,488273,2025-12-11,Sports & Outdoors,Fishing Rod,1,186.11,30,130.28,12.99,8.14,151.41,Apple Pay,Delivered,Express,Mobile App,SUMMER10,3,2.0,
4225039,205361,2025-12-11,Electronics,Portable Charger,1,330.54,25,247.91,0.0,14.87,262.78,Credit Card,Delivered,Free Pickup,Marketplace,FLASH30,0,5.0,
8815673,989986,2025-12-11,Home & Kitchen,Vacuum Cleaner,1,197.79,20,158.23,0.0,31.65,189.88,Apple Pay,Delivered,Standard,Website,FREESHIP,7,5.0,
4796347,196023,2025-12-11,Electronics,Streaming Media Player,1,203.65,20,162.92,0.0,13.03,175.95,Debit Card,Delivered,Standard,Mobile App,SAVE20,7,,
6518806,116154,2025-12-11,Sports & Outdoors,Yoga Mat,2,17.94,0,35.88,14.99,2.15,53.02,Credit Card,Cancelled,Express,Website,,3,,
2391208,726938,2025-12-11,Electronics,Streaming Media Player,1,77.68,20,62.14,5.99,0.0,68.13,PayPal,Delivered,Standard,Mobile App,VIP15,7,,
1475531,905920,2025-12-11,Sports & Outdoors,Fitness Tracker Watch,1,145.52,0,145.52,0.0,11.64,157.16,Credit Card,Delivered,Standard,Website,,7,5.0,
8388770,549826,2025-12-11,Toys & Games,Educational STEM Kit,1,19.22,5,18.26,5.99,3.65,27.9,Debit Card,Delivered,Standard,Mobile App,VIP15,7,4.0,
4688991,586006,2025-12-11,Home & Kitchen,Air Fryer,1,160.81,30,112.57,0.0,11.26,123.83,Credit Card,Delivered,Standard,Website,WELCOME10,7,2.0,
6139925,962762,2025-12-11,Clothing,Running Shoes,1,35.74,20,28.59,14.99,2.36,45.94,Apple Pay,Delivered,Express,Mobile App,FLASH30,3,4.0,
4976275,843085,2025-12-11,Beauty & Personal Care,Hair Dryer,1,13.55,30,9.48,14.99,0.76,25.23,Gift Card,Delivered,Express,Website,FREESHIP,3,4.0,
8519201,663408,2025-12-11,Home & Kitchen,Coffee Maker,1,128.21,0,128.21,0.0,8.33,136.54,Credit Card,Returned,Free Pickup,Mobile App,,0,,Wrong Size
1299165,954194,2025-12-11,Office Supplies,Desk Organizer,1,42.28,25,31.71,5.99,4.12,41.82,Debit Card,Returned,Standard,Website,SAVE20,7,,Wrong Size
9899133,848646,2025-12-11,Clothing,Women's Yoga Pants,3,128.72,20,308.93,0.0,19.31,328.24,Credit Card,Delivered,Standard,Marketplace,FLASH30,7,5.0,
3922894,185515,2025-12-11,Beauty & Personal Care,Vitamin C Serum,2,12.53,0,25.06,27.99,2.07,55.12,Debit Card,Delivered,Next-Day,Website,,1,,
8576362,356115,2025-12-11,Clothing,Men's Denim Jacket,2,31.06,25,46.59,14.99,9.32,70.9,Credit Card,Returned,Express,Mobile App,SUMMER10,3,,Defective Item
9787858,582249,2025-12-11,Books,Historical Biography,2,15.45,0,30.9,14.99,1.85,47.74,Google Pay,Delivered,Express,Mobile App,,3,2.0,
3633365,467924,2025-12-12,Beauty & Personal Care,Vitamin C Serum,2,51.4,15,87.38,12.99,7.21,107.58,Debit Card,Delivered,Express,Mobile App,VIP15,3,,
5655681,146744,2025-12-12,Home & Kitchen,Non-Stick Frying Pan,1,63.94,25,47.96,5.99,2.88,56.83,Apple Pay,Delivered,Standard,Marketplace,WELCOME10,7,5.0,
4108048,734020,2025-12-12,Clothing,Slim Fit Jeans,1,40.54,0,40.54,5.99,2.43,48.96,,Delivered,,Website,,7,,
2716352,642490,2025-12-12,Clothing,Slim Fit Jeans,3,32.89,0,98.67,0.0,0.0,98.67,Credit Card,Delivered,Standard,Marketplace,,7,,
8575092,726938,2025-12-12,Books,Fantasy Trilogy Box Set,3,24.08,15,61.4,14.99,3.84,80.23,Google Pay,Delivered,Express,Marketplace,FREESHIP,3,4.0,
6427594,976980,2025-12-12,Beauty & Personal Care,Vitamin C Serum,1,13.98,25,10.48,5.99,0.86,17.33,Credit Card,Delivered,Standard,Marketplace,SAVE20,7,,
2094483,971490,2025-12-12,Beauty & Personal Care,Makeup Palette,4,83.65,25,250.95,0.0,32.62,283.57,Gift Card,Delivered,Standard,Website,SUMMER10,7,5.0,
5146788,554088,2025-12-12,Sports & Outdoors,Camping Tent,4,49.14,20,157.25,12.99,9.83,180.07,Credit Card,Delivered,Express,Website,HOLIDAY25,3,,
1284584,858870,2025-12-12,Sports & Outdoors,Mountain Bike Helmet,1,33.16,5,31.5,0.0,1.97,33.47,Debit Card,Delivered,Free Pickup,Website,HOLIDAY25,0,5.0,
1455993,359971,2025-12-12,Electronics,Bluetooth Speaker,1,129.06,25,96.8,24.99,5.81,127.6,Credit Card,Delivered,Next-Day,Mobile App,SAVE20,1,5.0,
9854246,941827,2025-12-12,Clothing,Slim Fit Jeans,2,26.71,5,50.75,14.99,3.04,68.78,PayPal,Returned,Express,Website,WELCOME10,3,,Defective Item
7126720,690537,2025-12-12,Sports & Outdoors,Adjustable Dumbbell Set,1,105.13,30,73.59,5.99,6.07,85.65,Gift Card,Returned,Standard,Mobile App,VIP15,7,,Changed Mind
1018908,856360,2025-12-12,Clothing,Rain Jacket,1,44.32,25,33.24,5.99,1.99,41.22,Google Pay,Delivered,Standard,Mobile App,HOLIDAY25,7,3.0,
2365525,501851,2025-12-12,Electronics,Portable Charger,2,240.45,10,432.81,0.0,25.97,458.78,Credit Card,Delivered,Standard,Website,FLASH30,7,4.0,
3406598,316724,2025-12-12,Electronics,Wireless Mouse,3,311.8,30,654.78,0.0,39.29,694.07,Debit Card,Cancelled,Standard,Website,SUMMER10,7,,
9643288,104400,2025-12-12,Clothing,Wool Sweater,3,170.7,0,512.1,0.0,30.73,542.83,Google Pay,Delivered,Free Pickup,Website,,0,,
1115071,880310,2025-12-12,Electronics,Smartphone Case,3,1200.0,10,3240.0,24.99,259.2,3524.19,Apple Pay,Delivered,Next-Day,Mobile App,HOLIDAY25,1,,
6427936,709496,2025-12-13,Electronics,Bluetooth Speaker,5,374.92,15,1593.41,12.99,99.59,1705.99,Gift Card,Delivered,Express,Website,SUMMER10,3,4.0,
2026838,619405,2025-12-13,Home & Kitchen,Vacuum Cleaner,2,53.66,0,107.32,0.0,8.59,115.91,Debit Card,Delivered,Standard,Website,,7,5.0,
3297101,384136,2025-12-13,Home & Kitchen,LED Desk Lamp,1,73.17,0,73.17,14.99,4.39,92.55,Debit Card,Delivered,Express,Mobile App,,3,4.0,
2063703,645241,2025-12-13,Grocery,Granola Cereal,3,21.95,15,55.97,27.99,3.5,87.46,Credit Card,Delivered,Next-Day,Marketplace,HOLIDAY25,1,,
5255874,476035,2025-12-13,Grocery,Pasta Variety Pack,4,9.98,25,29.94,27.99,1.87,59.8,Credit Card,Cancelled,Next-Day,Marketplace,FLASH30,1,,
9056953,926740,2025-12-13,Electronics,Noise-Cancelling Headphones,1,519.89,30,363.92,0.0,30.02,393.94,Credit Card,Delivered,Standard,Mobile App,WELCOME10,7,2.0,
9592848,415774,2025-12-13,Electronics,Streaming Media Player,1,1149.29,30,804.5,12.99,50.28,867.77,PayPal,Delivered,Express,Marketplace,SUMMER10,3,,
8474189,591396,2025-12-13,Home & Kitchen,Cutlery Set,3,55.93,30,117.45,0.0,11.74,129.19,Google Pay,Delivered,Standard,Website,VIP15,7,,
7580648,394625,2025-12-13,Sports & Outdoors,Fitness Tracker Watch,3,64.7,0,194.1,12.99,11.65,218.74,Credit Card,Delivered,Express,Mobile App,,3,2.0,
5643530,550369,2025-12-13,Home & Kitchen,Vacuum Cleaner,3,135.14,30,283.79,0.0,28.38,312.17,PayPal,Delivered,Free Pickup,Mobile App,WELCOME10,0,,
8760088,670693,2025-12-13,Home & Kitchen,Vacuum Cleaner,1,21.5,15,18.27,5.99,1.14,25.4,Credit Card,Returned,Standard,Mobile App,SUMMER10,7,,Changed Mind
4982164,636916,2025-12-13,Clothing,Cotton T-Shirt,3,49.25,15,125.59,0.0,16.33,141.92,Credit Card,Delivered,Standard,Website,SUMMER10,7,3.0,
4820291,242120,2025-12-13,Clothing,Women's Yoga Pants,1,180.0,10,162.0,0.0,10.12,172.12,Debit Card,Delivered,Standard,Website,VIP15,7,,
2682880,427679,2025-12-13,Books,Historical Biography,1,31.35,5,29.78,14.99,1.79,46.56,Debit Card,Delivered,Express,Website,WELCOME10,3,,
3728219,469380,2025-12-13,Clothing,Women's Yoga Pants,2,98.61,0,197.22,12.99,16.27,226.48,Debit Card,Delivered,Express,Website,,3,,
5430831,488554,2025-12-13,Grocery,Green Tea Bags,4,45.34,15,154.16,0.0,9.25,163.41,Gift Card,Delivered,Free Pickup,Website,WELCOME10,0,4.0,
8651523,496735,2025-12-13,Grocery,Organic Coffee Beans,2,17.63,0,35.26,5.99,0.0,41.25,Debit Card,Delivered,Standard,Website,,7,5.0,
3899082,816444,2025-12-13,Books,Cookbook: Weeknight Dinners,1,17.96,10,16.16,5.99,1.01,23.16,PayPal,Delivered,Standard,Marketplace,WELCOME10,7,,
9512935,716918,2025-12-14,Home & Kitchen,Memory Foam Pillow,2,22.05,15,37.48,5.99,3.09,46.56,Credit Card,Delivered,Standard,Mobile App,VIP15,7,5.0,
5094554,360723,2025-12-14,Grocery,Mixed Nuts Pack,4,15.58,0,62.32,14.99,3.9,81.21,Debit Card,Delivered,Express,Mobile App,,3,3.0,
1832359,529908,2025-12-14,Clothing,Slim Fit Jeans,4,27.48,0,109.92,0.0,6.6,116.52,Credit Card,Delivered,Standard,Website,,7,,
6977529,515463,2025-12-14,Home & Kitchen,Air Fryer,1,168.17,5,159.76,0.0,9.98,169.74,Gift Card,Delivered,Standard,Website,SUMMER10,7,,
1877203,787199,2025-12-14,Beauty & Personal Care,Electric Razor,3,65.17,0,195.51,0.0,15.64,211.15,Debit Card,Delivered,Standard,Website,,7,5.0,
5403498,429634,2025-12-14,Clothing,Baseball Cap,1,10.99,0,10.99,0.0,0.71,11.7,PayPal,Delivered,Free Pickup,Marketplace,,0,,
4251059,962949,2025-12-14,Clothing,Baseball Cap,2,130.46,30,182.64,0.0,10.96,193.6,PayPal,Delivered,Standard,Website,FLASH30,7,5.0,
1395610,539241,2025-12-14,Home & Kitchen,Stand Mixer,1,81.07,0,81.07,12.99,5.07,99.13,Debit Card,Delivered,Express,Mobile App,,3,,
2409339,813035,2025-12-14,Home & Kitchen,Memory Foam Pillow,2,53.33,0,106.66,0.0,6.4,113.06,Credit Card,Delivered,Standard,Website,,7,4.0,
3835435,999753,2025-12-14,Toys & Games,Board Game Classic,1,45.2,0,45.2,14.99,2.94,63.13,Gift Card,Delivered,Express,Website,,3,,
2908800,411928,2025-12-14,Books,Cookbook: Weeknight Dinners,2,23.85,0,47.7,5.99,2.98,56.67,PayPal,Delivered,Standard,Website,,7,5.0,
7335620,696461,2025-12-14,Electronics,Laptop Stand,4,478.48,0,1913.92,12.99,363.64,2290.55,Google Pay,Delivered,Express,Website,,3,2.0,
3372784,265163,2025-12-14,Beauty & Personal Care,Electric Toothbrush,2,25.21,0,50.42,5.99,4.16,60.57,Credit Card,Delivered,Standard,Website,,7,,
8355276,192985,2025-12-14,Beauty & Personal Care,Sunscreen SPF50,2,31.24,20,49.98,5.99,3.12,59.09,Google Pay,Delivered,Standard,Website,SUMMER10,7,4.0,
6923139,709481,2025-12-14,Beauty & Personal Care,Electric Razor,1,19.61,5,18.63,14.99,1.12,34.74,Debit Card,Delivered,Express,Website,WELCOME10,3,,
9240780,659264,2025-12-15,Electronics,Noise-Cancelling Headphones,1,311.22,0,311.22,0.0,62.24,373.46,PayPal,Delivered,Standard,Website,,7,5.0,
9014993,800785,2025-12-15,Toys & Games,Building Block Set,3,41.17,30,86.46,24.99,6.92,118.37,PayPal,Delivered,Next-Day,Website,SUMMER10,1,5.0,
1389516,371116,2025-12-15,Electronics,Mechanical Keyboard,2,222.54,0,445.08,0.0,35.61,480.69,Debit Card,Delivered,Standard,Website,,7,5.0,
8361648,218848,2025-12-15,Toys & Games,Plush Teddy Bear,1,56.67,25,42.5,14.99,2.55,60.04,Credit Card,Delivered,Express,Website,FREESHIP,3,5.0,
9463272,476035,2025-12-15,Beauty & Personal Care,Sunscreen SPF50,1,21.9,0,21.9,27.99,1.31,51.2,PayPal,Delivered,Next-Day,Mobile App,,1,,
8314616,966251,2025-12-15,Home & Kitchen,Vacuum Cleaner,1,46.61,30,32.63,5.99,1.96,40.58,PayPal,Delivered,Standard,Mobile App,HOLIDAY25,7,,
3936362,717194,2025-12-15,Beauty & Personal Care,Electric Toothbrush,1,12.62,0,12.62,5.99,0.76,19.37,Credit Card,Delivered,Standard,Marketplace,,7,,
8005814,539453,2025-12-15,Beauty & Personal Care,Electric Razor,3,54.56,20,130.94,0.0,7.86,138.8,Credit Card,Processing,Standard,Website,VIP15,7,,
7090862,281969,2025-12-15,Electronics,Mechanical Keyboard,1,702.09,15,596.78,12.99,35.81,645.58,Credit Card,Delivered,Express,Marketplace,HOLIDAY25,3,,
4020515,622527,2025-12-15,Sports & Outdoors,Yoga Mat,1,52.3,10,47.07,5.99,9.41,62.47,Credit Card,Delivered,Standard,Website,VIP15,7,4.0,
7454774,678032,2025-12-15,Office Supplies,Desk Organizer,2,42.92,10,77.26,0.0,10.04,87.3,Credit Card,Delivered,Standard,Mobile App,WELCOME10,7,2.0,
7724981,352917,2025-12-15,Electronics,Bluetooth Speaker,1,675.77,5,641.98,0.0,52.96,694.94,Credit Card,Delivered,Standard,Mobile App,SAVE20,7,4.0,
7706021,698997,2025-12-15,Electronics,Noise-Cancelling Headphones,2,385.6,30,539.84,0.0,44.54,584.38,Credit Card,Delivered,Standard,Website,SAVE20,7,,
5681392,330200,2025-12-15,Home & Kitchen,Stand Mixer,1,60.95,5,57.9,14.99,9.26,82.15,Credit Card,Delivered,Express,Website,SAVE20,3,4.0,
1734243,850003,2025-12-15,Beauty & Personal Care,Hair Dryer,3,26.23,30,55.08,5.99,11.02,72.09,Credit Card,Delivered,Standard,Mobile App,SUMMER10,7,5.0,
3620085,999753,2025-12-15,Home & Kitchen,LED Desk Lamp,1,225.88,0,225.88,12.99,14.68,253.55,PayPal,Delivered,Express,Website,,3,,
1379669,501971,2025-12-16,Home & Kitchen,Cotton Bed Sheets,1,80.0,0,80.0,0.0,6.6,86.6,Credit Card,Returned,Standard,Website,,7,,Defective Item
5143648,926740,2025-12-16,Clothing,Wool Sweater,1,54.45,25,40.84,14.99,3.37,59.2,Debit Card,Delivered,Express,Marketplace,SAVE20,3,3.0,
6850641,717284,2025-12-16,Clothing,Women's Yoga Pants,3,69.93,0,209.79,0.0,17.31,227.1,PayPal,Delivered,Standard,Website,,7,3.0,
6484116,666934,2025-12-16,Electronics,Laptop Stand,1,505.3,0,505.3,0.0,30.32,535.62,PayPal,Delivered,Standard,Website,,7,4.0,
8305452,717194,2025-12-16,Beauty & Personal Care,Shampoo & Conditioner Set,1,19.97,5,18.97,14.99,1.57,35.53,Apple Pay,Delivered,Express,Website,FREESHIP,3,5.0,
3792343,315792,2025-12-16,Grocery,Extra Virgin Olive Oil,5,29.34,30,102.69,0.0,8.47,111.16,PayPal,Delivered,Standard,Website,FLASH30,7,5.0,
1740121,319318,2025-12-16,Beauty & Personal Care,Electric Razor,2,21.58,0,43.16,5.99,3.56,52.71,Apple Pay,Returned,Standard,Mobile App,,7,,Changed Mind
9407859,429617,2025-12-16,Electronics,Streaming Media Player,1,171.55,5,162.97,12.99,9.78,185.74,Debit Card,Cancelled,Express,Website,FREESHIP,3,,
1403457,542798,2025-12-16,Clothing,Cotton T-Shirt,2,41.26,15,70.14,5.99,5.79,81.92,PayPal,Delivered,Standard,Mobile App,VIP15,7,5.0,
1186801,602801,2025-12-16,Home & Kitchen,Coffee Maker,2,56.21,15,95.56,24.99,18.16,138.71,Credit Card,Delivered,Next-Day,Website,FREESHIP,1,,
9246567,116154,2025-12-16,Beauty & Personal Care,Hair Dryer,1,66.59,0,66.59,27.99,4.33,98.91,Debit Card,Delivered,Next-Day,Website,,1,5.0,
4013034,494711,2025-12-16,Toys & Games,Puzzle 1000pc,1,87.17,0,87.17,0.0,0.0,87.17,PayPal,Delivered,Standard,Mobile App,,7,,
5849887,787831,2025-12-16,Beauty & Personal Care,Hair Dryer,1,42.3,15,35.96,14.99,3.6,54.55,Apple Pay,Delivered,Express,Mobile App,FLASH30,3,5.0,
3688959,181067,2025-12-16,Grocery,Green Tea Bags,3,27.94,5,79.63,0.0,4.78,84.41,Debit Card,Delivered,Standard,Mobile App,SAVE20,7,,
3467894,352288,2025-12-16,Office Supplies,Stapler,3,54.26,5,154.64,0.0,9.28,163.92,Debit Card,Cancelled,Free Pickup,Marketplace,SAVE20,0,,
7788850,457597,2025-12-16,Home & Kitchen,Air Fryer,2,59.13,0,118.26,0.0,7.39,125.65,Credit Card,Delivered,,Marketplace,,7,,
2393494,931926,2025-12-16,Beauty & Personal Care,Electric Toothbrush,2,80.38,0,160.76,12.99,13.26,187.01,Debit Card,Delivered,Express,Mobile App,,3,,
4082576,304008,2025-12-16,Home & Kitchen,Ceramic Dinnerware Set,1,85.98,0,85.98,0.0,6.88,92.86,Google Pay,Delivered,Standard,Website,,7,,
4084250,837858,2025-12-17,Books,Poetry Collection,1,25.5,5,24.22,27.99,1.45,53.66,PayPal,Delivered,Next-Day,Mobile App,HOLIDAY25,1,,
4981133,716918,2025-12-17,Pet Supplies,Dog Chew Toy,3,97.1,0,291.3,0.0,0.0,291.3,Google Pay,Delivered,Standard,Mobile App,,7,4.0,
5927517,390647,2025-12-17,Beauty & Personal Care,Sunscreen SPF50,1,30.68,20,24.54,5.99,2.02,32.55,Apple Pay,Returned,Standard,Website,FLASH30,7,,Wrong Size
4748072,634704,2025-12-17,Beauty & Personal Care,Vitamin C Serum,1,17.99,0,17.99,5.99,1.08,25.06,PayPal,Delivered,Standard,Website,,7,2.0,
9567869,181777,2025-12-17,Clothing,Winter Parka,2,87.38,0,174.76,0.0,14.42,189.18,Gift Card,Returned,Standard,Mobile App,,7,,Better Price Found
3702561,501851,2025-12-17,Home & Kitchen,Coffee Maker,3,321.17,30,674.46,0.0,53.96,728.42,Google Pay,Delivered,Standard,Website,HOLIDAY25,7,4.0,
4239748,850003,2025-12-17,Toys & Games,Action Figure,3,31.81,0,95.43,12.99,5.73,114.15,Google Pay,Delivered,Express,Website,,3,4.0,
7902942,378752,2025-12-17,Sports & Outdoors,Resistance Bands Set,1,146.59,20,117.27,0.0,9.67,126.94,Gift Card,Delivered,Standard,Website,SUMMER10,7,5.0,
5469378,557252,2025-12-17,Grocery,Organic Coffee Beans,4,10.53,5,40.01,5.99,2.4,48.4,Debit Card,Delivered,Standard,Mobile App,VIP15,7,,
2725249,303027,2025-12-17,Clothing,Women's Yoga Pants,3,31.87,30,66.93,5.99,5.52,78.44,Google Pay,Delivered,Standard,Mobile App,SUMMER10,7,4.0,
7659385,700975,2025-12-17,Grocery,Dark Chocolate Bar,6,25.64,10,138.46,0.0,8.65,147.11,Google Pay,Delivered,Standard,Website,WELCOME10,7,4.0,
1082086,208190,2025-12-17,Clothing,Men's Denim Jacket,3,64.15,15,163.58,12.99,21.27,197.84,Google Pay,Returned,Express,Mobile App,VIP15,3,,Defective Item
2365742,348817,2025-12-17,Pet Supplies,Pet Grooming Brush,1,34.81,0,34.81,14.99,2.87,52.67,PayPal,Delivered,Express,Website,,3,5.0,
6493408,165195,2025-12-17,Books,Self-Help Guide,5,7.13,0,35.65,5.99,2.14,43.78,Credit Card,Returned,Standard,Website,,7,,Wrong Size
8605981,490092,2025-12-17,Home & Kitchen,Stand Mixer,1,350.0,0,350.0,24.99,0.0,374.99,Credit Card,Delivered,Next-Day,Website,,1,4.0,
9775668,489282,2025-12-17,Electronics,Smartphone Case,1,254.07,20,203.26,0.0,12.2,215.46,PayPal,Delivered,Standard,Marketplace,SUMMER10,7,4.0,
3200514,702122,2025-12-17,Clothing,Cotton T-Shirt,1,99.37,0,99.37,0.0,5.96,105.33,Debit Card,Delivered,Standard,Website,,7,4.0,
5274747,379104,2025-12-17,Toys & Games,Puzzle 1000pc,2,30.28,25,45.42,5.99,2.84,54.25,Apple Pay,Delivered,Standard,Mobile App,SAVE20,7,4.0,
6614964,610234,2025-12-17,Home & Kitchen,Vacuum Cleaner,1,71.47,0,71.47,5.99,5.72,83.18,Google Pay,Delivered,Standard,Website,,7,4.0,
1603822,764258,2025-12-17,Sports & Outdoors,Yoga Mat,3,280.05,30,588.1,12.99,36.76,637.85,Credit Card,Delivered,Express,Website,FLASH30,3,,
4129018,865916,2025-12-18,Electronics,Noise-Cancelling Headphones,1,144.02,10,129.62,12.99,7.78,150.39,Credit Card,Delivered,Express,Website,VIP15,3,4.0,
2013624,341690,2025-12-18,Electronics,Wireless Earbuds,1,166.23,20,132.98,0.0,10.97,143.95,Credit Card,Delivered,Standard,Marketplace,FLASH30,7,4.0,
5029339,593374,2025-12-18,Sports & Outdoors,Adjustable Dumbbell Set,1,92.19,5,87.58,12.99,7.23,107.8,Credit Card,Delivered,Express,Mobile App,HOLIDAY25,3,,
9247931,316724,2025-12-18,Home & Kitchen,Vacuum Cleaner,2,204.72,15,348.02,0.0,34.8,382.82,Apple Pay,Delivered,Standard,Mobile App,FLASH30,7,2.0,
1885857,550528,2025-12-18,Sports & Outdoors,Camping Tent,1,63.36,0,63.36,5.99,12.67,82.02,Credit Card,Delivered,Standard,Marketplace,,7,5.0,
2018291,315385,2025-12-18,Beauty & Personal Care,Electric Toothbrush,1,36.59,0,36.59,14.99,2.38,53.96,Debit Card,Delivered,Express,Marketplace,,3,5.0,
8476300,436093,2025-12-18,Grocery,Organic Coffee Beans,2,32.59,0,65.18,5.99,3.91,75.08,Debit Card,Shipped,Standard,Mobile App,,7,,
3245065,282330,2025-12-18,Pet Supplies,Pet Grooming Brush,1,16.12,25,12.09,5.99,0.73,18.81,Debit Card,Returned,Standard,Mobile App,SUMMER10,7,,Not as Described
5126880,182540,2025-12-18,Electronics,Mechanical Keyboard,3,115.58,0,346.74,0.0,69.35,416.09,Debit Card,Delivered,Free Pickup,Mobile App,,0,4.0,
5824918,762085,2025-12-18,Toys & Games,Action Figure,2,19.57,15,33.27,5.99,2.16,41.42,PayPal,Delivered,Standard,Mobile App,VIP15,7,5.0,
7329595,218921,2025-12-18,Beauty & Personal Care,Facial Moisturizer,1,32.23,30,22.56,5.99,0.0,28.55,Apple Pay,Returned,Standard,Marketplace,HOLIDAY25,7,,Wrong Size
4914570,619405,2025-12-18,Grocery,Dark Chocolate Bar,4,55.0,20,176.0,0.0,10.56,186.56,PayPal,Delivered,Standard,Mobile App,SAVE20,7,4.0,
3160114,684370,2025-12-18,Sports & Outdoors,Fishing Rod,2,76.63,0,153.26,0.0,9.2,162.46,Credit Card,Delivered,Standard,Website,,7,,
4931019,400584,2025-12-18,Home & Kitchen,Vacuum Cleaner,2,78.13,20,125.01,0.0,23.75,148.76,Debit Card,Delivered,Standard,Website,FREESHIP,7,4.0,
8525378,149044,2025-12-18,Toys & Games,Remote Control Car,2,26.92,15,45.76,5.99,3.66,55.41,Google Pay,Processing,Standard,Mobile App,SAVE20,7,,
5181934,854070,2025-12-18,Clothing,Baseball Cap,2,47.12,30,65.97,5.99,3.96,75.92,PayPal,Cancelled,Standard,Marketplace,SUMMER10,7,,
7999117,764258,2025-12-18,Clothing,Cotton T-Shirt,1,20.04,0,20.04,5.99,1.2,27.23,Credit Card,Delivered,Standard,Mobile App,,7,2.0,
6748382,122359,2025-12-18,Home & Kitchen,Coffee Maker,2,80.84,0,161.68,24.99,25.87,212.54,Credit Card,Delivered,Next-Day,Mobile App,,1,,
2210321,206905,2025-12-19,Toys & Games,Board Game Classic,1,20.94,20,16.75,5.99,1.38,24.12,Credit Card,Delivered,Standard,Website,HOLIDAY25,7,,
4651633,865643,2025-12-19,Toys & Games,Remote Control Car,2,18.64,10,33.55,14.99,2.77,51.31,PayPal,Delivered,Express,Website,VIP15,3,,
6728353,771645,2025-12-19,Electronics,Portable Charger,1,727.12,20,581.7,24.99,36.36,643.05,Credit Card,Delivered,Next-Day,Website,SAVE20,1,3.0,
3640226,743457,2025-12-19,Electronics,Wireless Earbuds,1,141.68,0,141.68,12.99,22.67,177.34,PayPal,Delivered,Express,Website,,3,,
7524168,924384,2025-12-19,Clothing,Men's Denim Jacket,1,101.62,10,91.46,12.99,7.55,112.0,Credit Card,Delivered,Express,Marketplace,FREESHIP,3,,
8743643,457597,2025-12-19,Office Supplies,Desk Organizer,5,70.48,0,352.4,0.0,22.91,375.31,Gift Card,Delivered,Standard,Mobile App,,7,,
1030085,310345,2025-12-19,Electronics,Smartphone Case,1,134.74,25,101.06,0.0,6.06,107.12,Credit Card,Delivered,Standard,Website,WELCOME10,7,,
1463261,111069,2025-12-19,Toys & Games,Doll House,4,40.7,0,162.8,0.0,26.05,188.85,Credit Card,Shipped,Standard,Website,,7,,
3413364,436093,2025-12-19,Home & Kitchen,Cutlery Set,1,119.51,0,119.51,0.0,22.71,142.22,,Delivered,Standard,Website,,7,5.0,
4450920,463607,2025-12-19,Beauty & Personal Care,Vitamin C Serum,1,56.66,0,56.66,5.99,5.67,68.32,Debit Card,Cancelled,Standard,Mobile App,,7,,
2021714,490206,2025-12-19,Grocery,Granola Cereal,2,23.92,15,40.66,14.99,2.44,58.09,Credit Card,Delivered,Express,Mobile App,SAVE20,3,4.0,
5089996,981214,2025-12-19,Beauty & Personal Care,Electric Razor,1,41.69,0,41.69,5.99,3.44,51.12,PayPal,Returned,Standard,Website,,7,,Defective Item
9157229,697324,2025-12-19,Electronics,Bluetooth Speaker,2,104.31,0,208.62,0.0,13.04,221.66,PayPal,Delivered,Standard,Mobile App,,7,4.0,
7878267,745022,2025-12-19,Grocery,Extra Virgin Olive Oil,2,27.51,0,55.02,5.99,3.3,64.31,Google Pay,Returned,Standard,Website,,7,,Not as Described
4766249,171208,2025-12-19,Clothing,Wool Sweater,3,40.17,0,120.51,0.0,7.23,127.74,Credit Card,Delivered,Standard,Website,,7,5.0,
1805659,999013,2025-12-20,Grocery,Granola Cereal,1,20.75,20,16.6,14.99,2.16,33.75,PayPal,Delivered,Express,Marketplace,HOLIDAY25,3,,
4862223,491305,2025-12-20,Sports & Outdoors,Fitness Tracker Watch,2,93.46,20,149.54,24.99,14.95,189.48,Debit Card,Returned,Next-Day,Marketplace,FLASH30,1,,Changed Mind
3300666,809484,2025-12-20,Beauty & Personal Care,Vitamin C Serum,1,57.35,0,57.35,27.99,3.58,88.92,Credit Card,Delivered,Next-Day,Mobile App,,1,,
6146892,587093,2025-12-20,Grocery,Granola Cereal,3,13.65,25,30.71,14.99,2.53,48.23,Credit Card,Delivered,Express,Marketplace,WELCOME10,3,4.0,
4386064,488643,2025-12-20,Books,Children's Picture Book,3,10.15,20,24.36,5.99,1.52,31.87,Credit Card,Delivered,Standard,Mobile App,FLASH30,7,4.0,
5612279,962688,2025-12-20,Office Supplies,Whiteboard,2,112.95,10,203.31,24.99,40.66,268.96,Credit Card,Delivered,Next-Day,Website,HOLIDAY25,1,,
4095180,230606,2025-12-20,Sports & Outdoors,Insulated Water Bottle,5,118.74,10,534.33,24.99,32.06,591.38,Apple Pay,Cancelled,Next-Day,Marketplace,SAVE20,1,,
6193195,616639,2025-12-20,Grocery,Dark Chocolate Bar,2,14.51,20,23.22,14.99,1.51,39.72,Apple Pay,Delivered,Express,Mobile App,WELCOME10,3,,
7605535,341690,2025-12-20,Books,Poetry Collection,4,25.35,25,76.05,12.99,0.0,89.04,Credit Card,Delivered,Express,Website,VIP15,3,5.0,
3107783,726938,2025-12-20,Home & Kitchen,Non-Stick Frying Pan,4,215.11,0,860.44,0.0,111.86,972.3,PayPal,Returned,Free Pickup,Website,,0,,Not as Described
9111437,320716,2025-12-20,Electronics,Streaming Media Player,1,760.48,15,646.41,0.0,53.33,699.74,Apple Pay,Delivered,Standard,Website,VIP15,7,2.0,
9503347,602801,2025-12-21,Toys & Games,Board Game Classic,4,28.97,0,115.88,12.99,9.56,138.43,Credit Card,Cancelled,Express,Marketplace,,3,,
1472942,501971,2025-12-21,Clothing,Cotton T-Shirt,3,77.16,10,208.33,12.99,33.33,254.65,Google Pay,Cancelled,Express,Mobile App,HOLIDAY25,3,,
9813258,889948,2025-12-21,Clothing,Women's Yoga Pants,4,31.48,30,88.14,0.0,7.05,95.19,Credit Card,Delivered,Standard,Website,WELCOME10,7,5.0,
3628120,863406,2025-12-21,Books,Personal Finance 101,1,32.79,30,22.95,0.0,1.43,24.38,Debit Card,Delivered,Free Pickup,Mobile App,FLASH30,0,3.0,
2250515,599375,2025-12-21,Office Supplies,Desk Organizer,3,21.53,30,45.21,5.99,2.71,53.91,Google Pay,Processing,Standard,Website,WELCOME10,7,,
1460198,678850,2025-12-21,Home & Kitchen,Air Fryer,2,145.34,5,276.15,0.0,17.26,293.41,Credit Card,Delivered,Standard,Website,FLASH30,7,4.0,
5188632,537642,2025-12-21,Beauty & Personal Care,Electric Razor,2,77.37,0,154.74,24.99,9.28,189.01,Credit Card,Shipped,Next-Day,Website,,1,,
6930349,195758,2025-12-21,Books,Personal Finance 101,4,32.91,0,131.64,0.0,8.23,139.87,Debit Card,Returned,Standard,Mobile App,,7,,Arrived Late
7739260,360723,2025-12-21,Beauty & Personal Care,Facial Moisturizer,2,12.29,0,24.58,0.0,2.03,26.61,Debit Card,Shipped,Free Pickup,Website,,0,,
4423964,195758,2025-12-21,Beauty & Personal Care,Sunscreen SPF50,1,32.84,0,32.84,27.99,6.57,67.4,Credit Card,Shipped,Next-Day,Website,,1,,
8512688,250136,2025-12-22,Beauty & Personal Care,Facial Moisturizer,3,12.82,0,38.46,14.99,2.4,55.85,Apple Pay,Processing,Express,Mobile App,,3,,
6692494,110880,2025-12-22,Books,Cookbook: Weeknight Dinners,1,15.89,20,12.71,14.99,1.05,28.75,Credit Card,Processing,Express,Website,HOLIDAY25,3,,
7952600,493034,2025-12-22,Toys & Games,Board Game Classic,1,8.78,0,8.78,5.99,0.53,15.3,Debit Card,Delivered,Standard,Website,,7,4.0,
7268452,325332,2025-12-22,Electronics,4K Smart TV,2,412.03,10,741.65,0.0,148.33,889.98,Credit Card,Shipped,Standard,Website,VIP15,7,,
3644887,931819,2025-12-22,Beauty & Personal Care,Sunscreen SPF50,4,7.13,25,21.39,14.99,1.76,38.14,PayPal,Processing,Express,Website,SAVE20,3,,
8417771,382189,2025-12-22,Grocery,Granola Cereal,3,14.41,0,43.23,5.99,3.57,52.79,PayPal,Delivered,Standard,Marketplace,,7,3.0,
7005326,320359,2025-12-22,Books,Science Fiction Epic,1,13.92,0,13.92,0.0,2.78,16.7,PayPal,Shipped,Free Pickup,Marketplace,,0,,
1658154,270348,2025-12-23,Home & Kitchen,LED Desk Lamp,1,112.84,25,84.63,12.99,5.08,102.7,Gift Card,Delivered,Express,Marketplace,SUMMER10,3,5.0,
9081040,721746,2025-12-23,Toys & Games,Board Game Classic,1,32.71,30,22.9,5.99,1.37,30.26,Credit Card,Cancelled,Standard,Website,SAVE20,7,,
9610387,637499,2025-12-23,Office Supplies,Ballpoint Pen Pack,5,89.62,20,358.48,24.99,22.4,405.87,Debit Card,Delivered,Next-Day,Marketplace,FREESHIP,1,4.0,
9875227,798962,2025-12-23,Pet Supplies,Dog Chew Toy,2,20.05,5,38.1,27.99,2.48,68.57,Credit Card,Shipped,Next-Day,Website,HOLIDAY25,1,,
8599094,230606,2025-12-23,Beauty & Personal Care,Perfume,1,27.54,0,27.54,14.99,2.75,45.28,Apple Pay,Delivered,Express,Mobile App,,3,3.0,
3423073,340088,2025-12-24,Home & Kitchen,Stand Mixer,1,282.79,0,282.79,0.0,16.97,299.76,PayPal,Delivered,Free Pickup,Website,,0,4.0,
8102373,654364,2025-12-24,Electronics,Bluetooth Speaker,1,167.41,0,167.41,0.0,21.76,189.17,Apple Pay,Processing,Standard,Website,,7,,
9886744,206944,2025-12-24,Office Supplies,Printer Paper Ream,3,124.25,0,372.75,0.0,59.64,432.39,Credit Card,Returned,Standard,Mobile App,,7,,Not as Described
8299982,762977,2025-12-24,Books,Cookbook: Weeknight Dinners,3,12.32,10,33.26,5.99,2.0,41.25,Debit Card,Delivered,Standard,Mobile App,HOLIDAY25,7,4.0,
8093599,916996,2025-12-24,Home & Kitchen,Vacuum Cleaner,2,59.74,25,89.61,24.99,5.38,119.98,Credit Card,Processing,Next-Day,Mobile App,FLASH30,1,,
7284000,696461,2025-12-24,Clothing,Slim Fit Jeans,1,95.45,0,95.45,0.0,7.87,103.32,Debit Card,Processing,Standard,Website,,7,,
4121578,504071,2025-12-24,Electronics,Laptop Stand,4,183.33,15,623.32,12.99,37.4,673.71,Credit Card,Shipped,Express,Mobile App,VIP15,3,,
4335480,502006,2025-12-24,Electronics,Streaming Media Player,1,193.91,30,135.74,0.0,21.72,157.46,Credit Card,Delivered,Free Pickup,Website,SUMMER10,0,4.0,
7868206,304008,2025-12-24,Electronics,Noise-Cancelling Headphones,1,699.16,5,664.2,0.0,43.17,707.37,PayPal,Delivered,Standard,Website,SAVE20,7,3.0,
9501202,210406,2025-12-24,Electronics,Laptop Stand,1,101.04,0,101.04,0.0,6.32,107.36,PayPal,Delivered,Standard,Website,,7,5.0,
6599669,320716,2025-12-24,Clothing,Winter Parka,3,95.02,30,199.54,0.0,16.46,216.0,Google Pay,Delivered,Standard,Mobile App,SUMMER10,7,2.0,
7249839,577420,2025-12-24,Home & Kitchen,LED Desk Lamp,2,120.19,0,240.38,0.0,15.02,255.4,Debit Card,Delivered,Standard,Website,,7,4.0,
9779206,181380,2025-12-24,Grocery,Honey Jar,4,6.03,25,18.09,5.99,1.49,25.57,Credit Card,Delivered,Standard,Mobile App,SUMMER10,7,5.0,
8917277,174397,2025-12-24,Beauty & Personal Care,Electric Toothbrush,1,15.24,15,12.95,5.99,0.78,19.72,Credit Card,Delivered,Standard,Website,SUMMER10,7,,
3453728,110880,2025-12-25,Toys & Games,Building Block Set,3,56.38,0,169.14,24.99,13.53,207.66,Debit Card,Shipped,Next-Day,Website,,1,,
4662447,585787,2025-12-25,Beauty & Personal Care,Perfume,1,66.34,0,66.34,14.99,5.47,86.8,Credit Card,Returned,Express,Website,,3,,Not as Described
9058746,972701,2025-12-25,Home & Kitchen,LED Desk Lamp,1,141.97,0,141.97,0.0,8.87,150.84,PayPal,Shipped,Standard,Website,,7,,
3963383,469380,2025-12-25,Beauty & Personal Care,Shampoo & Conditioner Set,3,13.51,0,40.53,14.99,2.43,57.95,Credit Card,Shipped,Express,Marketplace,,3,,
2269444,104925,2025-12-25,Clothing,Baseball Cap,2,98.78,0,197.56,0.0,11.85,209.41,Credit Card,Shipped,Free Pickup,Website,,0,,
1035160,238180,2025-12-25,Sports & Outdoors,Fishing Rod,1,23.66,0,23.66,5.99,1.48,31.13,Credit Card,Shipped,Standard,Website,,7,,
4015381,212415,2025-12-25,Electronics,4K Smart TV,3,579.67,30,1217.31,24.99,73.04,1315.34,Credit Card,Delivered,Next-Day,Website,WELCOME10,1,,
4642953,914384,2025-12-25,Sports & Outdoors,Mountain Bike Helmet,2,53.7,0,107.4,0.0,8.86,116.26,Apple Pay,Shipped,Standard,Website,,7,,
7055857,636120,2025-12-25,Beauty & Personal Care,Perfume,1,56.43,20,45.14,14.99,2.71,62.84,Credit Card,Delivered,Express,Website,FREESHIP,3,,
4082989,520058,2025-12-25,Clothing,Summer Dress,3,27.56,5,78.55,0.0,10.21,88.76,PayPal,Shipped,Standard,Marketplace,FREESHIP,7,,
2215193,177611,2025-12-26,Home & Kitchen,Air Fryer,1,164.07,25,123.05,0.0,7.38,130.43,Credit Card,Delivered,Free Pickup,Mobile App,VIP15,0,,
4317243,591396,2025-12-26,Beauty & Personal Care,Facial Moisturizer,1,14.59,0,14.59,14.99,0.91,30.49,PayPal,Delivered,Express,Website,,3,4.0,
5342333,324722,2025-12-26,Home & Kitchen,Air Fryer,1,286.21,0,286.21,0.0,22.9,309.11,Apple Pay,Shipped,Free Pickup,Website,,0,,
2085459,471106,2025-12-26,Clothing,Men's Denim Jacket,4,69.31,0,277.24,0.0,0.0,277.24,PayPal,Shipped,Standard,Website,,7,,
8544296,321653,2025-12-26,Home & Kitchen,Air Fryer,1,350.0,0,350.0,0.0,21.0,371.0,Debit Card,Delivered,Standard,Marketplace,,7,2.0,
2914444,999753,2025-12-26,Toys & Games,Card Game Deck,2,45.65,0,91.3,12.99,5.71,110.0,Credit Card,Delivered,Express,Marketplace,,3,5.0,
4135550,175901,2025-12-26,Sports & Outdoors,Insulated Water Bottle,2,47.4,0,94.8,12.99,5.69,113.48,Debit Card,Shipped,Express,Website,,3,,
9295218,475813,2025-12-26,Sports & Outdoors,Fitness Tracker Watch,1,245.28,0,245.28,0.0,15.94,261.22,PayPal,Processing,Standard,Website,,7,,
3138310,700975,2025-12-26,Sports & Outdoors,Yoga Mat,3,89.83,0,269.49,12.99,16.17,298.65,PayPal,Cancelled,Express,Website,,3,,
7686789,659264,2025-12-26,Toys & Games,Card Game Deck,1,18.67,25,14.0,14.99,0.88,29.87,Google Pay,Delivered,Express,Website,VIP15,3,,
9901146,966726,2025-12-27,Books,Cookbook: Weeknight Dinners,4,13.33,0,53.32,0.0,3.2,56.52,Debit Card,Shipped,Free Pickup,Marketplace,,0,,
4365041,265163,2025-12-27,Sports & Outdoors,Resistance Bands Set,1,54.25,25,40.69,5.99,5.29,51.97,Debit Card,Shipped,Standard,Mobile App,FREESHIP,7,,
4385480,721746,2025-12-27,Grocery,Extra Virgin Olive Oil,3,27.99,10,75.57,12.99,4.72,93.28,Credit Card,Returned,Express,Website,VIP15,3,,Better Price Found
7394718,554014,2025-12-27,Clothing,Running Shoes,3,51.09,15,130.28,12.99,7.82,151.09,Debit Card,Shipped,Express,Marketplace,SAVE20,3,,
6550402,743457,2025-12-27,Books,Children's Picture Book,2,10.27,0,20.54,14.99,1.28,36.81,Credit Card,Delivered,Express,Website,,3,4.0,
9986973,468940,2025-12-27,Toys & Games,Building Block Set,3,37.91,10,102.36,0.0,8.44,110.8,Gift Card,Delivered,Standard,Website,FREESHIP,7,4.0,
5301918,720159,2025-12-27,Clothing,Women's Yoga Pants,3,99.95,30,209.9,0.0,13.64,223.54,Credit Card,Delivered,Standard,Mobile App,SAVE20,7,4.0,
3408622,712336,2025-12-27,Beauty & Personal Care,Facial Moisturizer,3,32.33,20,77.59,0.0,6.4,83.99,Apple Pay,Delivered,Standard,Website,FLASH30,7,5.0,
5069082,942304,2025-12-27,Sports & Outdoors,Mountain Bike Helmet,1,131.91,0,131.91,24.99,8.24,165.14,Credit Card,Delivered,Next-Day,Website,,1,4.0,
3024058,964105,2025-12-27,Books,Historical Biography,2,13.59,0,27.18,27.99,1.63,56.8,Google Pay,Shipped,Next-Day,Mobile App,,1,,
5875239,350253,2025-12-27,Grocery,Protein Bar Box,1,9.45,10,8.5,5.99,0.51,15.0,Credit Card,Delivered,Standard,Website,WELCOME10,7,3.0,
6775712,663408,2025-12-27,Beauty & Personal Care,Makeup Palette,1,14.51,0,14.51,5.99,1.16,21.66,PayPal,Delivered,Standard,Marketplace,,7,5.0,
7296122,762085,2025-12-27,Toys & Games,Card Game Deck,5,10.64,0,53.2,5.99,8.51,67.7,PayPal,Delivered,Standard,Mobile App,,7,3.0,
5232754,195758,2025-12-27,Clothing,Slim Fit Jeans,2,36.83,20,58.93,27.99,11.79,98.71,Credit Card,Delivered,Next-Day,Website,FLASH30,1,4.0,
9907803,529534,2025-12-28,Books,Science Fiction Epic,2,12.25,0,24.5,5.99,1.47,31.96,Credit Card,Shipped,Standard,Website,,7,,
5125400,367081,2025-12-28,Sports & Outdoors,Mountain Bike Helmet,1,63.25,0,63.25,14.99,10.12,88.36,Credit Card,Shipped,Express,Website,,3,,
6688734,843122,2025-12-28,Home & Kitchen,Air Fryer,2,25.99,30,36.39,5.99,2.27,44.65,Google Pay,Processing,Standard,Website,VIP15,7,,
2157802,981895,2025-12-28,Books,Fantasy Trilogy Box Set,3,23.94,0,71.82,5.99,4.31,82.12,Credit Card,Processing,Standard,Mobile App,,7,,
3475356,869376,2025-12-28,Electronics,4K Smart TV,1,354.02,10,318.62,12.99,19.12,350.73,PayPal,Processing,Express,Website,VIP15,3,,
4964945,929407,2025-12-28,Toys & Games,Remote Control Car,1,31.81,0,31.81,27.99,2.54,62.34,Debit Card,Processing,Next-Day,Website,,1,,
7580890,908295,2025-12-28,Home & Kitchen,Memory Foam Pillow,1,92.01,30,64.41,14.99,4.19,83.59,Google Pay,Cancelled,Express,Website,HOLIDAY25,3,,
2097171,989986,2025-12-28,Sports & Outdoors,Fitness Tracker Watch,1,81.36,0,81.36,12.99,16.27,110.62,Apple Pay,Processing,Express,Website,,3,,
8190760,497993,2025-12-28,Grocery,Green Tea Bags,2,21.47,10,38.65,14.99,7.73,61.37,Credit Card,Shipped,Express,Marketplace,FREESHIP,3,,
1049945,468940,2025-12-28,Sports & Outdoors,Resistance Bands Set,3,211.22,5,601.98,0.0,36.12,638.1,Google Pay,Processing,Standard,Mobile App,FREESHIP,7,,
9995082,515463,2025-12-29,Toys & Games,Educational STEM Kit,1,19.87,25,14.9,27.99,1.23,44.12,PayPal,Processing,Next-Day,Mobile App,SUMMER10,1,,
4351369,475813,2025-12-29,Clothing,Slim Fit Jeans,1,66.27,0,66.27,14.99,3.98,85.24,Debit Card,Processing,Express,Mobile App,,3,,
7959629,654364,2025-12-29,Clothing,Slim Fit Jeans,1,74.24,0,74.24,14.99,4.45,93.68,Apple Pay,Cancelled,Express,Website,,3,,
3341313,937852,2025-12-29,Home & Kitchen,Stand Mixer,1,53.12,0,53.12,5.99,3.19,62.3,Credit Card,Processing,,Website,,7,,
6546221,385326,2025-12-29,Beauty & Personal Care,Skincare Gift Set,2,33.45,20,53.52,5.99,3.21,62.72,Debit Card,Shipped,Standard,Marketplace,FREESHIP,7,,
6023941,282050,2025-12-29,Clothing,Baseball Cap,2,55.93,10,100.67,24.99,6.29,131.95,PayPal,Processing,Next-Day,Marketplace,WELCOME10,1,,
2870140,223623,2025-12-29,Electronics,Streaming Media Player,2,381.41,0,762.82,12.99,62.93,838.74,Apple Pay,Delivered,Express,Website,,3,,
5241338,528196,2025-12-29,Beauty & Personal Care,Makeup Palette,1,57.39,0,57.39,5.99,7.46,70.84,Credit Card,Shipped,Standard,Mobile App,,7,,
5746727,650758,2025-12-29,Pet Supplies,Training Treats,3,135.9,20,326.16,0.0,32.62,358.78,Credit Card,Processing,Standard,Website,SAVE20,7,,
4530155,981895,2025-12-29,Books,Mystery Novel,3,14.46,25,32.54,5.99,6.51,45.04,PayPal,Processing,Standard,Marketplace,HOLIDAY25,7,,
1970350,929214,2025-12-29,Home & Kitchen,Memory Foam Pillow,1,14.21,25,10.66,5.99,0.88,17.53,Apple Pay,Shipped,Standard,Mobile App,FREESHIP,7,,
6330656,678850,2025-12-29,Toys & Games,Remote Control Car,2,53.99,30,75.59,0.0,4.72,80.31,Credit Card,Processing,Standard,Mobile App,HOLIDAY25,7,,
4237292,494006,2025-12-29,Clothing,Slim Fit Jeans,1,22.05,0,22.05,5.99,1.32,29.36,Credit Card,Shipped,Standard,Mobile App,,7,,
7530090,686412,2025-12-30,Toys & Games,Plush Teddy Bear,3,57.08,0,171.24,12.99,10.27,194.5,Credit Card,Shipped,Express,Website,,3,,
4758175,218562,2025-12-30,Clothing,Winter Parka,4,48.23,15,163.98,12.99,13.53,190.5,PayPal,Shipped,Express,Mobile App,SAVE20,3,,
5380042,926740,2025-12-30,Sports & Outdoors,Fishing Rod,2,189.09,20,302.54,0.0,18.15,320.69,Credit Card,Processing,Standard,Mobile App,HOLIDAY25,7,,
2573571,717194,2025-12-30,Sports & Outdoors,Basketball,1,51.01,0,51.01,5.99,3.06,60.06,Credit Card,Processing,,Website,,7,,
5993128,749451,2025-12-30,Electronics,Mechanical Keyboard,2,570.43,0,1140.86,0.0,94.12,1234.98,PayPal,Shipped,Standard,Website,,7,,
5519567,129133,2025-12-30,Electronics,4K Smart TV,1,1200.0,5,1140.0,0.0,68.4,1208.4,Debit Card,Cancelled,Standard,Marketplace,VIP15,7,,
8570247,642033,2025-12-30,Books,Poetry Collection,2,11.36,15,19.31,14.99,1.16,35.46,Credit Card,Processing,Express,Mobile App,SAVE20,3,,
5917981,764258,2025-12-30,Clothing,Wool Sweater,2,83.53,0,167.06,12.99,0.0,180.05,Debit Card,Shipped,Express,Website,,3,,
7024168,312879,2025-12-30,Home & Kitchen,Air Fryer,2,65.72,20,105.15,0.0,16.82,121.97,Debit Card,Delivered,Free Pickup,Website,VIP15,0,,
3856376,355903,2025-12-30,Home & Kitchen,LED Desk Lamp,2,82.66,0,165.32,24.99,26.45,216.76,Apple Pay,Processing,Next-Day,Website,,1,,
7217133,408428,2025-12-30,Sports & Outdoors,Adjustable Dumbbell Set,1,35.57,30,24.9,5.99,1.56,32.45,Debit Card,Processing,Standard,Website,VIP15,7,,
3904043,804118,2025-12-30,Home & Kitchen,LED Desk Lamp,2,67.17,5,127.62,24.99,7.66,160.27,PayPal,Processing,Next-Day,Website,WELCOME10,1,,
6854496,412449,2025-12-30,Clothing,Wool Sweater,1,78.77,30,55.14,0.0,7.17,62.31,PayPal,Shipped,Free Pickup,Mobile App,HOLIDAY25,0,,
8537490,185515,2025-12-30,Books,Poetry Collection,1,24.18,0,24.18,5.99,1.45,31.62,,Delivered,Standard,Website,,7,5.0,
7980638,348656,2025-12-30,Home & Kitchen,Cutlery Set,1,75.14,0,75.14,0.0,4.51,79.65,Credit Card,Shipped,Standard,Mobile App,,7,,
8993579,236956,2025-12-31,Clothing,Baseball Cap,4,23.91,20,76.51,24.99,6.31,107.81,PayPal,Shipped,Next-Day,Website,SUMMER10,1,,
7364941,720159,2025-12-31,Home & Kitchen,Vacuum Cleaner,1,131.96,15,112.17,0.0,9.25,121.42,Debit Card,Processing,Standard,Marketplace,FREESHIP,7,,
4900538,488554,2025-12-31,Sports & Outdoors,Mountain Bike Helmet,1,172.89,5,164.25,0.0,32.85,197.1,PayPal,Cancelled,Standard,Marketplace,HOLIDAY25,7,,
7691100,352288,2025-12-31,Clothing,Wool Sweater,1,23.51,5,22.33,5.99,1.34,29.66,Credit Card,Shipped,Standard,Mobile App,WELCOME10,7,,
4115472,427055,2025-12-31,Home & Kitchen,Memory Foam Pillow,1,99.4,5,94.43,0.0,12.28,106.71,Credit Card,Delivered,Standard,Mobile App,FLASH30,7,5.0,
8480311,131620,2025-12-31,Clothing,Summer Dress,3,148.16,15,377.81,0.0,22.67,400.48,Credit Card,Shipped,Standard,Website,FREESHIP,7,,
8291119,966726,2025-12-31,Electronics,Mechanical Keyboard,1,327.95,30,229.56,12.99,13.77,256.32,Debit Card,Shipped,Express,Website,SUMMER10,3,,
7027718,837858,2025-12-31,Sports & Outdoors,Yoga Mat,2,193.85,0,387.7,0.0,24.23,411.93,Apple Pay,Processing,Standard,Mobile App,,7,,
8084488,408056,2025-12-31,Electronics,Streaming Media Player,2,309.73,0,619.46,12.99,37.17,669.62,PayPal,Cancelled,Express,Mobile App,,3,,
9068420,433068,2025-12-31,Clothing,Running Shoes,1,53.68,0,53.68,14.99,6.98,75.65,Credit Card,Processing,Express,Website,,3,,
3422042,504905,2025-12-31,Electronics,Wireless Earbuds,1,198.9,5,188.96,0.0,11.34,200.3,Apple Pay,Shipped,Free Pickup,Website,FREESHIP,0,,
6187517,928381,2025-12-31,Clothing,Wool Sweater,3,27.76,30,58.3,14.99,11.66,84.95,Debit Card,Processing,Express,Website,HOLIDAY25,3,,
8230633,265163,2025-12-31,Office Supplies,Printer Paper Ream,5,11.82,15,50.24,0.0,3.01,53.25,Debit Card,Shipped,Free Pickup,Marketplace,FLASH30,0,,
